# /usr/bin/python /home/guancheng/zsh/fusion/glm52_h200/bench/bench_layer.py
# started 2026-08-07 10:31:56
[harness] NVIDIA H200 sm9.0 | 132 SM | L2 60 MB | flush 256 MB | tick 3.2e-05 ms | hopper feats [tma,clusters,warp_specialize] | preflight ok | results -> /home/guancheng/zsh/fusion/results/h200
[hw] NVIDIA H200  sm_90  132 SM  140 GB  uuid b2318e71-edbf-aa1b-d
[hw] driver 580.173.02  vbios 96.00.A5.00.03  cuda 13.0  torch 2.11.0+cu130  triton 3.6.0  python 3.10.12
[hw] clocks SM 1980 MHz / 1980 MHz max (100%)  MEM 3201 MHz / 3201 MHz max (100%)  -> unlocked
[hw] pstate P0  power 118.01 W of 700.00 W  temp 31 C (mem 28)  util 0 %
[hw] ecc Enabled  mig Disabled  persistence Enabled  compute-mode Default  pcie gen5x16
[hw] host hgx-h200-233  192 cpu  visible GPUs 1  CUDA_VISIBLE_DEVICES=0
[hw] physical GPU: nvidia-smi index 0  cuda ordinal 0  matched by uuid  order=PCI_BUS_ID
[hw] clock basis: application clocks equal their defaults
[env] NVIDIA H200 (sm_90) | 132 SM | warp 32 | smem 232448 B | regs/SM 65536 | threads/SM 2048 | L2 60 MB | HBM 139 GB | torch 2.11.0+cu130 triton 3.6.0 cuda 13.0
[preflight] 2026-08-07 10:30:37 | baseline_elementwise=ok, tl_dot_bf16=ok, warp_specialize_tl_range=ok, warp_specialize_num_consumer_groups=no, tma_host_descriptor=ok, tma_device_descriptor=ok, thread_block_cluster_num_ctas=ok
[preflight] timer tick 0.032 us | launch 10.317714618785041 us | L2 60 MB
[calib] !! harness_floor_us=36.914 exceeds config.FLOOR_US_MAX=20.0: a clean floor on an idle device is single-digit microseconds. That is the signature of a co-tenant on the GPU, not a timer property, and it inflates every absolute millisecond in this file. Ratios measured by an interleaved paired loop survive it; sequential ratios and any ceiling comparison do not.
[smem] ceiling 232448 B | staging model max(2, num_stages - 0) * 2*BK*(BM+BN) (fitted to 5 preflight smem_probe observations)
[hopper] NVIDIA H200 (sm_90) gpu=b2318e71 | tma=True(device) ws=True(range) clusters=True wgmma=True | src preflight | probe skipped
[mem] w13 + w2 + folded w13: need 30.00 GB, free 139.29 GB of 139.80 GB -> ok

===== decode_bs1 =====
  [cfgs] oproj gemm         tile sweep    0.1573 ms (46 cfgs, 0 fail)
  [cfgs] oproj gemm            0.1174 ms  (38 cfgs tried)  {'BLOCK_M': 16, 'BLOCK_N': 64, 'BLOCK_K': 128, 'GROUP_M': 4, 'num_warps': 2, 'num_stages': 4}
  [cfgs] oproj gemm+res     tile sweep    0.1583 ms (46 cfgs, 0 fail)
  [cfgs] oproj gemm+res        0.1177 ms  (38 cfgs tried)  {'BLOCK_M': 16, 'BLOCK_N': 64, 'BLOCK_K': 128, 'GROUP_M': 16, 'num_warps': 2, 'num_stages': 4}
  [cfgs] oproj epi             0.0057 ms  (12 cfgs tried)  {'BLOCK': 256, 'num_warps': 4, 'num_stages': 1}
  [cfgs] add                   0.0067 ms  (15 cfgs tried)  {'ROWS': 2, 'BLOCK_N': 2048, 'num_warps': 8, 'num_stages': 2, 'grid_cap': None, 'eps': 1e-05}
  [cfgs] rmsnorm               0.0086 ms  (16 cfgs tried)  {'ROWS': 1, 'BLOCK_N': 2048, 'num_warps': 8, 'num_stages': 2, 'grid_cap': None, 'eps': 1e-05}
  [cfgs] add+rmsnorm           0.0088 ms  (16 cfgs tried)  {'ROWS': 1, 'BLOCK_N': 2048, 'num_warps': 16, 'num_stages': 2, 'grid_cap': None, 'eps': 1e-05}
  [cfgs] router gemm           0.0214 ms  (30 cfgs tried)  {'BLOCK_M': 16, 'BLOCK_K': 128, 'BLOCK_E': 64, 'num_warps': 4, 'num_stages': 4}
  [cfgs] topk                  0.0108 ms  (17 cfgs tried)  {'BLOCK_M': 8, 'BLOCK_K': 128, 'BLOCK_E': 256, 'num_warps': 8, 'num_stages': 2}
  [cfgs] f5 norm+router        0.0495 ms  (30 cfgs tried)  {'BLOCK_M': 16, 'BLOCK_K': 128, 'BLOCK_E': 64, 'num_warps': 8, 'num_stages': 4}
  [cfgs] f4 add+norm+rt        0.0521 ms  (30 cfgs tried)  {'BLOCK_M': 16, 'BLOCK_K': 128, 'BLOCK_E': 64, 'num_warps': 8, 'num_stages': 4}
  [cfgs] w13 gemm           tile sweep    0.1053 ms (46 cfgs, 0 fail)
  [cfgs] w13 gemm              0.1051 ms  (39 cfgs tried)  {'BLOCK_M': 16, 'BLOCK_N': 128, 'BLOCK_K': 128, 'GROUP_M': 1, 'num_warps': 8, 'num_stages': 3}
  [cfgs] w13+swiglu         tile sweep    0.1056 ms (41 cfgs, 0 fail)
  [cfgs] w13+swiglu            0.1049 ms  (37 cfgs tried)  {'BLOCK_M': 16, 'BLOCK_N': 64, 'BLOCK_K': 128, 'GROUP_M': 8, 'num_warps': 4, 'num_stages': 3}
  [cfgs] silu_and_mul          0.0059 ms  (17 cfgs tried)  {'BLOCK_M': 4, 'BLOCK_N': 128, 'num_warps': 8, 'num_stages': 2}
  [cfgs] w2 gemm            tile sweep    0.0624 ms (46 cfgs, 0 fail)
  [cfgs] w2 gemm               0.0620 ms  (39 cfgs tried)  {'BLOCK_M': 16, 'BLOCK_N': 128, 'BLOCK_K': 64, 'GROUP_M': 8, 'num_warps': 8, 'num_stages': 3}
  [cfgs] w2+merge(atomic)   tile sweep    0.0628 ms (46 cfgs, 0 fail)
  [cfgs] w2+merge(atomic)      0.0626 ms  (39 cfgs tried)  {'BLOCK_M': 16, 'BLOCK_N': 128, 'BLOCK_K': 64, 'GROUP_M': 1, 'num_warps': 8, 'num_stages': 3}
  [cfgs] moe_sum               0.0060 ms  (15 cfgs tried)  {'BLOCK_M': 4, 'BLOCK_DIM': 256, 'num_warps': 16, 'num_stages': 2}
  [cfgs] resadd                0.0059 ms  (17 cfgs tried)  {'BLOCK_M': 4, 'BLOCK_N': 64, 'num_warps': 8, 'num_stages': 2}
  [cfgs] router prenorm     tile sweep    0.0582 ms (46 cfgs, 0 fail)
  [cfgs] router prenorm        0.1113 ms  (38 cfgs tried)  {'BLOCK_M': 64, 'BLOCK_N': 128, 'BLOCK_K': 128, 'GROUP_M': 8, 'num_warps': 8, 'num_stages': 3}
  [cfgs] w13 prenorm        tile sweep    0.1519 ms (46 cfgs, 0 fail)
  [cfgs] w13 prenorm           0.1113 ms  (35 cfgs tried)  {'BLOCK_M': 16, 'BLOCK_N': 256, 'BLOCK_K': 128, 'GROUP_M': 4, 'num_warps': 8, 'num_stages': 3}
  [shared] tuning w13 (48), act (18), w2 (48)
  [shared] w13 0.0548 {'BLOCK_M': 16, 'BLOCK_N': 64, 'BLOCK_K': 64, 'GROUP_M': 8, 'num_warps': 4, 'num_stages': 3} | act 0.0058 | w2 0.0243 {'BLOCK_M': 16, 'BLOCK_N': 64, 'BLOCK_K': 64, 'GROUP_M': 8, 'num_warps': 4, 'num_stages': 3}
  A_all_unfused      ok  (14 kernels)  relerr 8.85e-03
  B_f3               ok  (13 kernels)  relerr 8.85e-03
  C_f1               ok  (13 kernels)  relerr 4.42e-03
  D_f6               ok  (13 kernels)  relerr 8.85e-03
  E_f10              ok  (13 kernels)  relerr 6.64e-03
  F_f8               ok  (14 kernels)  relerr 8.85e-03
  G_f9               ok  (13 kernels)  relerr 8.85e-03
  H_f3_f10           ok  (12 kernels)  relerr 6.64e-03
  I_f3_f9            ok  (12 kernels)  relerr 6.64e-03
  J_greedy_all       ok  (11 kernels)  relerr 6.64e-03
  K_f3_f8            ok  (13 kernels)  relerr 8.85e-03
  L_f5               ok  (13 kernels)  relerr 8.85e-03
  M_f4               ok  (12 kernels)  relerr 8.85e-03
  N_f11b             ok  (14 kernels)  relerr 8.85e-03
  O_f11ab            ok  (13 kernels)  relerr 8.85e-03
  P_f10_f11ab        ok  (12 kernels)  relerr 8.85e-03
  Q_f8_f11ab         ok  (13 kernels)  relerr 8.85e-03
  R_f1_f10_f11ab     ok  (11 kernels)  relerr 6.64e-03
    pass1 round 0: A_all_unfused=1.1383  B_f3=0.8212  C_f1=0.7142  D_f6=0.6537  E_f10=0.6139  F_f8=0.5541  G_f9=0.5177  H_f3_f10=0.4947  I_f3_f9=0.4765  J_greedy_all=0.4467  K_f3_f8=0.5058  L_f5=0.5281  M_f4=0.4860  N_f11b=0.5684  O_f11ab=0.5217  P_f10_f11ab=0.4888  Q_f8_f11ab=0.4935  R_f1_f10_f11ab=0.4402
    pass1 round 1: A_all_unfused=0.5630  B_f3=0.5184  C_f1=0.5214  D_f6=0.5353  E_f10=0.5340  F_f8=0.5405  G_f9=0.5114  H_f3_f10=0.4935  I_f3_f9=0.4737  J_greedy_all=0.4402  K_f3_f8=0.4995  L_f5=0.5231  M_f4=0.4748  N_f11b=0.5598  O_f11ab=0.5125  P_f10_f11ab=0.4864  Q_f8_f11ab=0.4919  R_f1_f10_f11ab=0.4436
    pass1 round 2: A_all_unfused=0.5560  B_f3=0.5145  C_f1=0.5198  D_f6=0.5311  E_f10=0.5302  F_f8=0.5393  G_f9=0.5088  H_f3_f10=0.4909  I_f3_f9=0.4685  J_greedy_all=0.4408  K_f3_f8=0.4924  L_f5=0.5151  M_f4=0.4752  N_f11b=0.5582  O_f11ab=0.5148  P_f10_f11ab=0.4873  Q_f8_f11ab=0.4930  R_f1_f10_f11ab=0.4443
    pass1 round 3: A_all_unfused=0.5627  B_f3=0.5189  C_f1=0.5206  D_f6=0.5377  E_f10=0.5323  F_f8=0.5436  G_f9=0.5121  H_f3_f10=0.4900  I_f3_f9=0.4723  J_greedy_all=0.4418  K_f3_f8=0.4960  L_f5=0.5212  M_f4=0.4791  N_f11b=0.5605  O_f11ab=0.5145  P_f10_f11ab=0.4872  Q_f8_f11ab=0.4916  R_f1_f10_f11ab=0.4371
    pass1 round 4: A_all_unfused=0.5602  B_f3=0.5184  C_f1=0.5205  D_f6=0.5304  E_f10=0.5289  F_f8=0.5395  G_f9=0.5135  H_f3_f10=0.4899  I_f3_f9=0.4717  J_greedy_all=0.4400  K_f3_f8=0.4955  L_f5=0.5168  M_f4=0.4697  N_f11b=0.5600  O_f11ab=0.5162  P_f10_f11ab=0.4823  Q_f8_f11ab=0.4970  R_f1_f10_f11ab=0.4414
    pass1 round 5: A_all_unfused=0.5612  B_f3=0.5204  C_f1=0.5174  D_f6=0.5304  E_f10=0.5328  F_f8=0.5415  G_f9=0.5076  H_f3_f10=0.4901  I_f3_f9=0.4719  J_greedy_all=0.4419  K_f3_f8=0.5001  L_f5=0.5249  M_f4=0.4811  N_f11b=0.5606  O_f11ab=0.5130  P_f10_f11ab=0.4835  Q_f8_f11ab=0.4907  R_f1_f10_f11ab=0.4396
    pass1 round 6: A_all_unfused=0.5603  B_f3=0.5161  C_f1=0.5163  D_f6=0.5291  E_f10=0.5287  F_f8=0.5362  G_f9=0.5087  H_f3_f10=0.4874  I_f3_f9=0.4637  J_greedy_all=0.4403  K_f3_f8=0.4948  L_f5=0.5181  M_f4=0.4780  N_f11b=0.5595  O_f11ab=0.5154  P_f10_f11ab=0.4906  Q_f8_f11ab=0.4912  R_f1_f10_f11ab=0.4447
    pass1 round 7: A_all_unfused=0.5651  B_f3=0.5183  C_f1=0.5207  D_f6=0.5371  E_f10=0.5298  F_f8=0.5372  G_f9=0.5135  H_f3_f10=0.4891  I_f3_f9=0.4702  J_greedy_all=0.4447  K_f3_f8=0.4991  L_f5=0.5192  M_f4=0.4812  N_f11b=0.5630  O_f11ab=0.5166  P_f10_f11ab=0.4858  Q_f8_f11ab=0.4941  R_f1_f10_f11ab=0.4445
    pass2 round 0: A_all_unfused=0.5655  B_f3=0.5197  C_f1=0.5216  D_f6=0.5328  E_f10=0.5284  F_f8=0.5412  G_f9=0.5057  H_f3_f10=0.4894  I_f3_f9=0.4678  J_greedy_all=0.4387  K_f3_f8=0.4937  L_f5=0.5204  M_f4=0.4757  N_f11b=0.5543  O_f11ab=0.5113  P_f10_f11ab=0.4798  Q_f8_f11ab=0.4872  R_f1_f10_f11ab=0.4362
    pass2 round 1: A_all_unfused=0.5599  B_f3=0.5122  C_f1=0.5188  D_f6=0.5270  E_f10=0.5287  F_f8=0.5333  G_f9=0.5055  H_f3_f10=0.4906  I_f3_f9=0.4645  J_greedy_all=0.4350  K_f3_f8=0.4936  L_f5=0.5193  M_f4=0.4733  N_f11b=0.5522  O_f11ab=0.5093  P_f10_f11ab=0.4828  Q_f8_f11ab=0.4898  R_f1_f10_f11ab=0.4376
    pass2 round 2: A_all_unfused=0.5588  B_f3=0.5122  C_f1=0.5172  D_f6=0.5288  E_f10=0.5295  F_f8=0.5329  G_f9=0.5046  H_f3_f10=0.4866  I_f3_f9=0.4649  J_greedy_all=0.4348  K_f3_f8=0.4910  L_f5=0.5155  M_f4=0.4729  N_f11b=0.5530  O_f11ab=0.5076  P_f10_f11ab=0.4814  Q_f8_f11ab=0.4859  R_f1_f10_f11ab=0.4382
    pass2 round 3: A_all_unfused=0.5592  B_f3=0.5194  C_f1=0.5151  D_f6=0.5271  E_f10=0.5236  F_f8=0.5375  G_f9=0.5071  H_f3_f10=0.4910  I_f3_f9=0.4670  J_greedy_all=0.4373  K_f3_f8=0.4981  L_f5=0.5172  M_f4=0.4717  N_f11b=0.5537  O_f11ab=0.5076  P_f10_f11ab=0.4819  Q_f8_f11ab=0.4863  R_f1_f10_f11ab=0.4361
    pass2 round 4: A_all_unfused=0.5628  B_f3=0.5157  C_f1=0.5168  D_f6=0.5223  E_f10=0.5205  F_f8=0.5345  G_f9=0.5123  H_f3_f10=0.4892  I_f3_f9=0.4667  J_greedy_all=0.4380  K_f3_f8=0.4965  L_f5=0.5165  M_f4=0.4778  N_f11b=0.5553  O_f11ab=0.5120  P_f10_f11ab=0.4798  Q_f8_f11ab=0.4859  R_f1_f10_f11ab=0.4356
    pass2 round 5: A_all_unfused=0.5588  B_f3=0.5179  C_f1=0.5154  D_f6=0.5284  E_f10=0.5276  F_f8=0.5391  G_f9=0.5135  H_f3_f10=0.4891  I_f3_f9=0.4681  J_greedy_all=0.4436  K_f3_f8=0.4946  L_f5=0.5169  M_f4=0.4710  N_f11b=0.5548  O_f11ab=0.5100  P_f10_f11ab=0.4849  Q_f8_f11ab=0.4860  R_f1_f10_f11ab=0.4400
    pass2 round 6: A_all_unfused=0.5557  B_f3=0.5201  C_f1=0.5189  D_f6=0.5249  E_f10=0.5266  F_f8=0.5366  G_f9=0.5066  H_f3_f10=0.4882  I_f3_f9=0.4675  J_greedy_all=0.4363  K_f3_f8=0.4963  L_f5=0.5127  M_f4=0.4748  N_f11b=0.5519  O_f11ab=0.5092  P_f10_f11ab=0.4796  Q_f8_f11ab=0.4877  R_f1_f10_f11ab=0.4312
    pass2 round 7: A_all_unfused=0.5530  B_f3=0.5121  C_f1=0.5137  D_f6=0.5234  E_f10=0.5241  F_f8=0.5341  G_f9=0.5083  H_f3_f10=0.4830  I_f3_f9=0.4651  J_greedy_all=0.4359  K_f3_f8=0.4944  L_f5=0.5121  M_f4=0.4744  N_f11b=0.5509  O_f11ab=0.5019  P_f10_f11ab=0.4774  Q_f8_f11ab=0.4839  R_f1_f10_f11ab=0.4321
  --> TIED: J_greedy_all, R_f1_f10_f11ab
      pass1: best J_greedy_all gap 0.00128 ms vs round noise 0.00758 ms -> tied with J_greedy_all, R_f1_f10_f11ab
      pass2: best R_f1_f10_f11ab gap 0.00066 ms vs round noise 0.00880 ms -> tied with R_f1_f10_f11ab, J_greedy_all
      best/all-unfused = 1.2766x
      paired head-vs-baseline: 1.2533x

===== decode_bs32 =====
  [cfgs] oproj gemm         tile sweep    0.1558 ms (46 cfgs, 0 fail)
  [cfgs] oproj gemm            0.1188 ms  (37 cfgs tried)  {'BLOCK_M': 64, 'BLOCK_N': 64, 'BLOCK_K': 128, 'GROUP_M': 1, 'num_warps': 4, 'num_stages': 4}
  [cfgs] oproj gemm+res     tile sweep    0.1559 ms (46 cfgs, 0 fail)
  [cfgs] oproj gemm+res        0.1199 ms  (37 cfgs tried)  {'BLOCK_M': 64, 'BLOCK_N': 64, 'BLOCK_K': 128, 'GROUP_M': 1, 'num_warps': 4, 'num_stages': 4}
  [cfgs] oproj epi             0.0061 ms  (12 cfgs tried)  {'BLOCK': 512, 'num_warps': 1, 'num_stages': 2}
  [cfgs] add                   0.0074 ms  (15 cfgs tried)  {'ROWS': 2, 'BLOCK_N': 2048, 'num_warps': 8, 'num_stages': 2, 'grid_cap': None, 'eps': 1e-05}
  [cfgs] rmsnorm               0.0100 ms  (14 cfgs tried)  {'ROWS': 4, 'BLOCK_N': 2048, 'num_warps': 32, 'num_stages': 2, 'grid_cap': None, 'eps': 1e-05}
  [cfgs] add+rmsnorm           0.0129 ms  (13 cfgs tried)  {'ROWS': 8, 'BLOCK_N': 2048, 'num_warps': 16, 'num_stages': 4, 'grid_cap': None, 'eps': 1e-05}
  [cfgs] router gemm           0.0239 ms  (30 cfgs tried)  {'BLOCK_M': 64, 'BLOCK_K': 128, 'BLOCK_E': 64, 'num_warps': 8, 'num_stages': 4}
  [cfgs] topk                  0.0105 ms  (17 cfgs tried)  {'BLOCK_M': 8, 'BLOCK_K': 32, 'BLOCK_E': 256, 'num_warps': 16, 'num_stages': 2}
  [cfgs] f5 norm+router        0.0563 ms  (31 cfgs tried)  {'BLOCK_M': 16, 'BLOCK_K': 128, 'BLOCK_E': 64, 'num_warps': 8, 'num_stages': 4}
  [cfgs] f4 add+norm+rt        0.0584 ms  (30 cfgs tried)  {'BLOCK_M': 16, 'BLOCK_K': 128, 'BLOCK_E': 64, 'num_warps': 8, 'num_stages': 4}
  [cfgs] w13 gemm           tile sweep    1.7828 ms (46 cfgs, 0 fail)
  [cfgs] w13 gemm              1.7741 ms  (39 cfgs tried)  {'BLOCK_M': 16, 'BLOCK_N': 64, 'BLOCK_K': 128, 'GROUP_M': 1, 'num_warps': 4, 'num_stages': 3}
  [cfgs] w13+swiglu         tile sweep    1.7852 ms (43 cfgs, 2 fail)
  [cfgs] w13+swiglu            1.7786 ms  (31 cfgs tried)  {'BLOCK_M': 16, 'BLOCK_N': 128, 'BLOCK_K': 128, 'GROUP_M': 1, 'num_warps': 16, 'num_stages': 3}
  [cfgs] silu_and_mul          0.0070 ms  (17 cfgs tried)  {'BLOCK_M': 4, 'BLOCK_N': 256, 'num_warps': 4, 'num_stages': 2}
  [cfgs] w2 gemm            tile sweep    0.9022 ms (46 cfgs, 0 fail)
  [cfgs] w2 gemm               0.8960 ms  (37 cfgs tried)  {'BLOCK_M': 16, 'BLOCK_N': 128, 'BLOCK_K': 128, 'GROUP_M': 1, 'num_warps': 16, 'num_stages': 4}
  [cfgs] w2+merge(atomic)   tile sweep    0.9080 ms (46 cfgs, 0 fail)
  [cfgs] w2+merge(atomic)      0.8993 ms  (37 cfgs tried)  {'BLOCK_M': 16, 'BLOCK_N': 128, 'BLOCK_K': 128, 'GROUP_M': 1, 'num_warps': 16, 'num_stages': 4}
  [cfgs] moe_sum               0.0235 ms  (15 cfgs tried)  {'BLOCK_M': 4, 'BLOCK_DIM': 256, 'num_warps': 32, 'num_stages': 2}
  [cfgs] resadd                0.0069 ms  (17 cfgs tried)  {'BLOCK_M': 64, 'BLOCK_N': 64, 'num_warps': 8, 'num_stages': 2}
  [cfgs] router prenorm     tile sweep    0.1261 ms (46 cfgs, 0 fail)
  [cfgs] router prenorm        0.1089 ms  (38 cfgs tried)  {'BLOCK_M': 64, 'BLOCK_N': 128, 'BLOCK_K': 128, 'GROUP_M': 8, 'num_warps': 8, 'num_stages': 3}
  [cfgs] w13 prenorm        tile sweep    1.7943 ms (48 cfgs, 1 fail)
  [cfgs] w13 prenorm           1.7970 ms  (19 cfgs tried)  {'BLOCK_M': 64, 'BLOCK_N': 256, 'BLOCK_K': 128, 'GROUP_M': 8, 'num_warps': 8, 'num_stages': 3}
  [shared] tuning w13 (48), act (18), w2 (48)
  [shared] w13 0.0548 {'BLOCK_M': 16, 'BLOCK_N': 64, 'BLOCK_K': 64, 'GROUP_M': 8, 'num_warps': 4, 'num_stages': 3} | act 0.0060 | w2 0.0247 {'BLOCK_M': 64, 'BLOCK_N': 64, 'BLOCK_K': 64, 'GROUP_M': 8, 'num_warps': 8, 'num_stages': 3}
  A_all_unfused      ok  (14 kernels)  relerr 6.49e-03
  B_f3               ok  (13 kernels)  relerr 6.49e-03
  C_f1               ok  (13 kernels)  relerr 6.49e-03
  D_f6               ok  (13 kernels)  relerr 6.49e-03
  E_f10              ok  (13 kernels)  relerr 6.49e-03
  F_f8               ok  (14 kernels)  relerr 7.31e-03
  G_f9               ok  (13 kernels)  relerr 9.74e-03
  H_f3_f10           ok  (12 kernels)  relerr 6.49e-03
  I_f3_f9            ok  (12 kernels)  relerr 9.74e-03
  J_greedy_all       ok  (11 kernels)  relerr 6.49e-03
  K_f3_f8            ok  (13 kernels)  relerr 7.31e-03
  L_f5               ok  (13 kernels)  relerr 6.49e-03
  M_f4               ok  (12 kernels)  relerr 6.49e-03
  N_f11b             ok  (14 kernels)  relerr 6.49e-03
  O_f11ab            !! FAILS CORRECTNESS relerr=1.847e-01 -- excluded
  P_f10_f11ab        !! FAILS CORRECTNESS relerr=1.778e-01 -- excluded
  Q_f8_f11ab         !! FAILS CORRECTNESS relerr=1.753e-01 -- excluded
  R_f1_f10_f11ab     !! FAILS CORRECTNESS relerr=1.818e-01 -- excluded
    pass1 round 0: A_all_unfused=2.8879  B_f3=2.8885  C_f1=2.8846  D_f6=2.8891  E_f10=2.8840  F_f8=2.8884  G_f9=2.8842  H_f3_f10=2.8827  I_f3_f9=2.8853  J_greedy_all=2.8823  K_f3_f8=2.8888  L_f5=2.9026  M_f4=2.9108  N_f11b=2.9106
    pass1 round 1: A_all_unfused=2.8861  B_f3=2.8870  C_f1=2.8848  D_f6=2.8882  E_f10=2.8832  F_f8=2.8892  G_f9=2.8854  H_f3_f10=2.8842  I_f3_f9=2.8835  J_greedy_all=2.8821  K_f3_f8=2.8875  L_f5=2.9027  M_f4=2.9086  N_f11b=2.9102
    pass1 round 2: A_all_unfused=2.8866  B_f3=2.8874  C_f1=2.8838  D_f6=2.8872  E_f10=2.8846  F_f8=2.8895  G_f9=2.8827  H_f3_f10=2.8826  I_f3_f9=2.8829  J_greedy_all=2.8811  K_f3_f8=2.8878  L_f5=2.9005  M_f4=2.9086  N_f11b=2.9114
    pass1 round 3: A_all_unfused=2.8864  B_f3=2.8877  C_f1=2.8845  D_f6=2.8866  E_f10=2.8850  F_f8=2.8894  G_f9=2.8839  H_f3_f10=2.8826  I_f3_f9=2.8876  J_greedy_all=2.8809  K_f3_f8=2.8886  L_f5=2.9009  M_f4=2.9103  N_f11b=2.9105
    pass1 round 4: A_all_unfused=2.8858  B_f3=2.8883  C_f1=2.8839  D_f6=2.8876  E_f10=2.8844  F_f8=2.8878  G_f9=2.8835  H_f3_f10=2.8819  I_f3_f9=2.8835  J_greedy_all=2.8829  K_f3_f8=2.8869  L_f5=2.9010  M_f4=2.9099  N_f11b=2.9103
    pass1 round 5: A_all_unfused=2.8860  B_f3=2.8885  C_f1=2.8835  D_f6=2.8867  E_f10=2.8836  F_f8=2.8885  G_f9=2.8833  H_f3_f10=2.8820  I_f3_f9=2.8850  J_greedy_all=2.8793  K_f3_f8=2.8892  L_f5=2.8997  M_f4=2.9098  N_f11b=2.9103
    pass1 round 6: A_all_unfused=2.8860  B_f3=2.8871  C_f1=2.8833  D_f6=2.8896  E_f10=2.8844  F_f8=2.8889  G_f9=2.8838  H_f3_f10=2.8825  I_f3_f9=2.8863  J_greedy_all=2.8807  K_f3_f8=2.8879  L_f5=2.9020  M_f4=2.9093  N_f11b=2.9119
    pass1 round 7: A_all_unfused=2.8874  B_f3=2.8886  C_f1=2.8839  D_f6=2.8889  E_f10=2.8857  F_f8=2.8878  G_f9=2.8836  H_f3_f10=2.8852  I_f3_f9=2.8848  J_greedy_all=2.8816  K_f3_f8=2.8877  L_f5=2.9021  M_f4=2.9085  N_f11b=2.9108
    pass2 round 0: A_all_unfused=2.8876  B_f3=2.8884  C_f1=2.8834  D_f6=2.8890  E_f10=2.8839  F_f8=2.8893  G_f9=2.8837  H_f3_f10=2.8831  I_f3_f9=2.8867  J_greedy_all=2.8797  K_f3_f8=2.8872  L_f5=2.9017  M_f4=2.9084  N_f11b=2.9096
    pass2 round 1: A_all_unfused=2.8857  B_f3=2.8866  C_f1=2.8855  D_f6=2.8883  E_f10=2.8832  F_f8=2.8883  G_f9=2.8842  H_f3_f10=2.8838  I_f3_f9=2.8844  J_greedy_all=2.8796  K_f3_f8=2.8880  L_f5=2.9033  M_f4=2.9096  N_f11b=2.9118
    pass2 round 2: A_all_unfused=2.8864  B_f3=2.8891  C_f1=2.8839  D_f6=2.8892  E_f10=2.8844  F_f8=2.8869  G_f9=2.8836  H_f3_f10=2.8830  I_f3_f9=2.8852  J_greedy_all=2.8820  K_f3_f8=2.8871  L_f5=2.9011  M_f4=2.9088  N_f11b=2.9117
    pass2 round 3: A_all_unfused=2.8857  B_f3=2.8874  C_f1=2.8828  D_f6=2.8884  E_f10=2.8825  F_f8=2.8896  G_f9=2.8839  H_f3_f10=2.8840  I_f3_f9=2.8836  J_greedy_all=2.8820  K_f3_f8=2.8874  L_f5=2.9018  M_f4=2.9099  N_f11b=2.9110
    pass2 round 4: A_all_unfused=2.8870  B_f3=2.8874  C_f1=2.8844  D_f6=2.8880  E_f10=2.8835  F_f8=2.8907  G_f9=2.8859  H_f3_f10=2.8818  I_f3_f9=2.8847  J_greedy_all=2.8809  K_f3_f8=2.8892  L_f5=2.9036  M_f4=2.9116  N_f11b=2.9110
    pass2 round 5: A_all_unfused=2.8873  B_f3=2.8876  C_f1=2.8847  D_f6=2.8867  E_f10=2.8852  F_f8=2.8895  G_f9=2.8852  H_f3_f10=2.8833  I_f3_f9=2.8851  J_greedy_all=2.8831  K_f3_f8=2.8873  L_f5=2.9013  M_f4=2.9092  N_f11b=2.9110
    pass2 round 6: A_all_unfused=2.8884  B_f3=2.8883  C_f1=2.8844  D_f6=2.8892  E_f10=2.8848  F_f8=2.8889  G_f9=2.8863  H_f3_f10=2.8846  I_f3_f9=2.8853  J_greedy_all=2.8821  K_f3_f8=2.8873  L_f5=2.9031  M_f4=2.9090  N_f11b=2.9116
    pass2 round 7: A_all_unfused=2.8869  B_f3=2.8885  C_f1=2.8843  D_f6=2.8884  E_f10=2.8841  F_f8=2.8893  G_f9=2.8838  H_f3_f10=2.8836  I_f3_f9=2.8841  J_greedy_all=2.8811  K_f3_f8=2.8878  L_f5=2.9021  M_f4=2.9101  N_f11b=2.9113
  --> TIED: C_f1, E_f10, G_f9, H_f3_f10, I_f3_f9, J_greedy_all
      pass1: best J_greedy_all gap 0.00125 ms vs round noise 0.00358 ms -> tied with J_greedy_all, H_f3_f10, G_f9, C_f1, E_f10, I_f3_f9
      pass2: best J_greedy_all gap 0.00190 ms vs round noise 0.00346 ms -> tied with J_greedy_all, H_f3_f10, E_f10, G_f9, C_f1, I_f3_f9
      best/all-unfused = 1.0009x
      paired head-vs-baseline: 1.0011x

===== decode_bs256 =====
  [cfgs] oproj gemm         tile sweep    0.2242 ms (48 cfgs, 2 fail)
  [cfgs] oproj gemm            0.2199 ms  (35 cfgs tried)  {'BLOCK_M': 128, 'BLOCK_N': 128, 'BLOCK_K': 128, 'GROUP_M': 4, 'num_warps': 4, 'num_stages': 3}
  [cfgs] oproj gemm+res     tile sweep    0.2186 ms (48 cfgs, 2 fail)
  [cfgs] oproj gemm+res        0.2178 ms  (35 cfgs tried)  {'BLOCK_M': 128, 'BLOCK_N': 128, 'BLOCK_K': 128, 'GROUP_M': 4, 'num_warps': 8, 'num_stages': 3}
  [cfgs] oproj epi             0.0084 ms  (12 cfgs tried)  {'BLOCK': 512, 'num_warps': 1, 'num_stages': 2}
  [cfgs] add                   0.0090 ms  (14 cfgs tried)  {'ROWS': 4, 'BLOCK_N': 2048, 'num_warps': 16, 'num_stages': 1, 'grid_cap': None, 'eps': 1e-05}
  [cfgs] rmsnorm               0.0246 ms  (16 cfgs tried)  {'ROWS': 8, 'BLOCK_N': 256, 'num_warps': 8, 'num_stages': 3, 'grid_cap': None, 'eps': 1e-05}
  [cfgs] add+rmsnorm           0.0108 ms  (15 cfgs tried)  {'ROWS': 2, 'BLOCK_N': 2048, 'num_warps': 8, 'num_stages': 2, 'grid_cap': None, 'eps': 1e-05}
  [cfgs] router gemm           0.0336 ms  (31 cfgs tried)  {'BLOCK_M': 128, 'BLOCK_K': 64, 'BLOCK_E': 64, 'num_warps': 8, 'num_stages': 4}
  [cfgs] topk                  0.0116 ms  (17 cfgs tried)  {'BLOCK_M': 8, 'BLOCK_K': 32, 'BLOCK_E': 256, 'num_warps': 8, 'num_stages': 3}
  [cfgs] f5 norm+router        0.0559 ms  (31 cfgs tried)  {'BLOCK_M': 16, 'BLOCK_K': 128, 'BLOCK_E': 64, 'num_warps': 8, 'num_stages': 3}
  [cfgs] f4 add+norm+rt        0.0596 ms  (31 cfgs tried)  {'BLOCK_M': 16, 'BLOCK_K': 128, 'BLOCK_E': 64, 'num_warps': 8, 'num_stages': 3}
  [cfgs] w13 gemm           tile sweep    2.8440 ms (47 cfgs, 1 fail)
  [cfgs] w13 gemm              2.8292 ms  (33 cfgs tried)  {'BLOCK_M': 32, 'BLOCK_N': 256, 'BLOCK_K': 128, 'GROUP_M': 1, 'num_warps': 8, 'num_stages': 3}
  [cfgs] w13+swiglu         tile sweep    2.8248 ms (45 cfgs, 4 fail)
  [cfgs] w13+swiglu            2.8104 ms  (31 cfgs tried)  {'BLOCK_M': 32, 'BLOCK_N': 128, 'BLOCK_K': 128, 'GROUP_M': 1, 'num_warps': 8, 'num_stages': 3}
  [cfgs] silu_and_mul          0.0126 ms  (17 cfgs tried)  {'BLOCK_M': 4, 'BLOCK_N': 1024, 'num_warps': 8, 'num_stages': 2}
  [cfgs] w2 gemm            tile sweep    1.4493 ms (46 cfgs, 0 fail)
  [cfgs] w2 gemm               1.4417 ms  (39 cfgs tried)  {'BLOCK_M': 16, 'BLOCK_N': 128, 'BLOCK_K': 128, 'GROUP_M': 1, 'num_warps': 4, 'num_stages': 2}
  [cfgs] w2+merge(atomic)   tile sweep    1.4605 ms (46 cfgs, 0 fail)
  [cfgs] w2+merge(atomic)      1.4492 ms  (39 cfgs tried)  {'BLOCK_M': 16, 'BLOCK_N': 128, 'BLOCK_K': 128, 'GROUP_M': 1, 'num_warps': 8, 'num_stages': 2}
  [cfgs] moe_sum               0.0157 ms  (15 cfgs tried)  {'BLOCK_M': 4, 'BLOCK_DIM': 512, 'num_warps': 8, 'num_stages': 2}
  [cfgs] resadd                0.0095 ms  (17 cfgs tried)  {'BLOCK_M': 4, 'BLOCK_N': 128, 'num_warps': 4, 'num_stages': 2}
  [cfgs] router prenorm     tile sweep    0.0518 ms (46 cfgs, 0 fail)
  [cfgs] router prenorm        0.0369 ms  (37 cfgs tried)  {'BLOCK_M': 64, 'BLOCK_N': 64, 'BLOCK_K': 128, 'GROUP_M': 8, 'num_warps': 8, 'num_stages': 3}
  [cfgs] w13 prenorm        tile sweep    2.8548 ms (48 cfgs, 1 fail)
  [cfgs] w13 prenorm           2.8519 ms  (19 cfgs tried)  {'BLOCK_M': 64, 'BLOCK_N': 256, 'BLOCK_K': 128, 'GROUP_M': 8, 'num_warps': 8, 'num_stages': 3}
  [shared] tuning w13 (48), act (18), w2 (48)
  [shared] w13 0.0575 {'BLOCK_M': 64, 'BLOCK_N': 64, 'BLOCK_K': 64, 'GROUP_M': 8, 'num_warps': 4, 'num_stages': 3} | act 0.0070 | w2 0.0266 {'BLOCK_M': 64, 'BLOCK_N': 64, 'BLOCK_K': 64, 'GROUP_M': 8, 'num_warps': 4, 'num_stages': 3}
  A_all_unfused      ok  (14 kernels)  relerr 6.54e-03
  B_f3               ok  (13 kernels)  relerr 6.54e-03
  C_f1               ok  (13 kernels)  relerr 6.54e-03
  D_f6               ok  (13 kernels)  relerr 6.54e-03
  E_f10              ok  (13 kernels)  relerr 8.17e-03
  F_f8               ok  (14 kernels)  relerr 9.80e-03
  G_f9               ok  (13 kernels)  relerr 9.80e-03
  H_f3_f10           ok  (12 kernels)  relerr 8.17e-03
  I_f3_f9            ok  (12 kernels)  relerr 9.80e-03
  J_greedy_all       ok  (11 kernels)  relerr 6.54e-03
  K_f3_f8            ok  (13 kernels)  relerr 9.80e-03
  L_f5               ok  (13 kernels)  relerr 6.54e-03
  M_f4               ok  (12 kernels)  relerr 6.54e-03
  N_f11b             ok  (14 kernels)  relerr 6.54e-03
  O_f11ab            !! FAILS CORRECTNESS relerr=1.895e-01 -- excluded
  P_f10_f11ab        !! FAILS CORRECTNESS relerr=1.965e-01 -- excluded
  Q_f8_f11ab         !! FAILS CORRECTNESS relerr=2.124e-01 -- excluded
  R_f1_f10_f11ab     !! FAILS CORRECTNESS relerr=2.042e-01 -- excluded
    pass1 round 0: A_all_unfused=4.6422  B_f3=4.6227  C_f1=4.6306  D_f6=4.6086  E_f10=4.6328  F_f8=4.6742  G_f9=4.6544  H_f3_f10=4.6254  I_f3_f9=4.6176  J_greedy_all=4.5992  K_f3_f8=4.6298  L_f5=4.6545  M_f4=4.6677  N_f11b=4.6511
    pass1 round 1: A_all_unfused=4.6428  B_f3=4.6265  C_f1=4.6396  D_f6=4.6201  E_f10=4.6412  F_f8=4.6447  G_f9=4.6355  H_f3_f10=4.6258  I_f3_f9=4.6242  J_greedy_all=4.6132  K_f3_f8=4.6315  L_f5=4.6412  M_f4=4.6444  N_f11b=4.6489
    pass1 round 2: A_all_unfused=4.6438  B_f3=4.6315  C_f1=4.6411  D_f6=4.6265  E_f10=4.6376  F_f8=4.6435  G_f9=4.6377  H_f3_f10=4.6336  I_f3_f9=4.6248  J_greedy_all=4.6157  K_f3_f8=4.6388  L_f5=4.6440  M_f4=4.6488  N_f11b=4.6547
    pass1 round 3: A_all_unfused=4.6548  B_f3=4.6302  C_f1=4.6414  D_f6=4.6134  E_f10=4.6400  F_f8=4.6469  G_f9=4.6516  H_f3_f10=4.6285  I_f3_f9=4.6268  J_greedy_all=4.6057  K_f3_f8=4.6273  L_f5=4.6454  M_f4=4.6589  N_f11b=4.6508
    pass1 round 4: A_all_unfused=4.6482  B_f3=4.6298  C_f1=4.6334  D_f6=4.6198  E_f10=4.6414  F_f8=4.6484  G_f9=4.6428  H_f3_f10=4.6316  I_f3_f9=4.6245  J_greedy_all=4.6040  K_f3_f8=4.6368  L_f5=4.6489  M_f4=4.6490  N_f11b=4.6596
    pass1 round 5: A_all_unfused=4.6509  B_f3=4.6331  C_f1=4.6398  D_f6=4.6234  E_f10=4.6423  F_f8=4.6459  G_f9=4.6443  H_f3_f10=4.6311  I_f3_f9=4.6277  J_greedy_all=4.6104  K_f3_f8=4.6373  L_f5=4.6454  M_f4=4.6504  N_f11b=4.6511
    pass1 round 6: A_all_unfused=4.6469  B_f3=4.6312  C_f1=4.6402  D_f6=4.6167  E_f10=4.6409  F_f8=4.6532  G_f9=4.6445  H_f3_f10=4.6276  I_f3_f9=4.6276  J_greedy_all=4.6102  K_f3_f8=4.6315  L_f5=4.6522  M_f4=4.6506  N_f11b=4.6521
    pass1 round 7: A_all_unfused=4.6538  B_f3=4.6348  C_f1=4.6377  D_f6=4.6178  E_f10=4.6494  F_f8=4.6506  G_f9=4.6404  H_f3_f10=4.6262  I_f3_f9=4.6268  J_greedy_all=4.6081  K_f3_f8=4.6398  L_f5=4.6484  M_f4=4.6519  N_f11b=4.6563
    pass2 round 0: A_all_unfused=4.6481  B_f3=4.6388  C_f1=4.6397  D_f6=4.6186  E_f10=4.6424  F_f8=4.6491  G_f9=4.6415  H_f3_f10=4.6382  I_f3_f9=4.6319  J_greedy_all=4.6033  K_f3_f8=4.6360  L_f5=4.6513  M_f4=4.6524  N_f11b=4.6574
    pass2 round 1: A_all_unfused=4.6451  B_f3=4.6350  C_f1=4.6378  D_f6=4.6199  E_f10=4.6442  F_f8=4.6540  G_f9=4.6402  H_f3_f10=4.6355  I_f3_f9=4.6313  J_greedy_all=4.6050  K_f3_f8=4.6347  L_f5=4.6503  M_f4=4.6542  N_f11b=4.6629
    pass2 round 2: A_all_unfused=4.6531  B_f3=4.6372  C_f1=4.6384  D_f6=4.6222  E_f10=4.6445  F_f8=4.6461  G_f9=4.6497  H_f3_f10=4.6351  I_f3_f9=4.6299  J_greedy_all=4.6087  K_f3_f8=4.6339  L_f5=4.6526  M_f4=4.6583  N_f11b=4.6552
    pass2 round 3: A_all_unfused=4.6553  B_f3=4.6347  C_f1=4.6370  D_f6=4.6190  E_f10=4.6452  F_f8=4.6502  G_f9=4.6465  H_f3_f10=4.6278  I_f3_f9=4.6273  J_greedy_all=4.6100  K_f3_f8=4.6374  L_f5=4.6533  M_f4=4.6546  N_f11b=4.6565
    pass2 round 4: A_all_unfused=4.6486  B_f3=4.6368  C_f1=4.6484  D_f6=4.6223  E_f10=4.6495  F_f8=4.6558  G_f9=4.6408  H_f3_f10=4.6314  I_f3_f9=4.6334  J_greedy_all=4.6089  K_f3_f8=4.6380  L_f5=4.6564  M_f4=4.6519  N_f11b=4.6593
    pass2 round 5: A_all_unfused=4.6474  B_f3=4.6371  C_f1=4.6402  D_f6=4.6200  E_f10=4.6492  F_f8=4.6517  G_f9=4.6406  H_f3_f10=4.6385  I_f3_f9=4.6321  J_greedy_all=4.6120  K_f3_f8=4.6409  L_f5=4.6523  M_f4=4.6533  N_f11b=4.6583
    pass2 round 6: A_all_unfused=4.6557  B_f3=4.6344  C_f1=4.6456  D_f6=4.6204  E_f10=4.6463  F_f8=4.6492  G_f9=4.6505  H_f3_f10=4.6297  I_f3_f9=4.6296  J_greedy_all=4.6096  K_f3_f8=4.6423  L_f5=4.6464  M_f4=4.6551  N_f11b=4.6543
    pass2 round 7: A_all_unfused=4.6531  B_f3=4.6339  C_f1=4.6366  D_f6=4.6149  E_f10=4.6410  F_f8=4.6569  G_f9=4.6505  H_f3_f10=4.6367  I_f3_f9=4.6262  J_greedy_all=4.6071  K_f3_f8=4.6372  L_f5=4.6578  M_f4=4.6559  N_f11b=4.6584
  --> TIED: D_f6, I_f3_f9, J_greedy_all
      pass1: best J_greedy_all gap 0.00965 ms vs round noise 0.01786 ms -> tied with J_greedy_all, D_f6, I_f3_f9
      pass2: best J_greedy_all gap 0.01114 ms vs round noise 0.00867 ms -> SEPARATED
      best/all-unfused = 1.0065x
      paired head-vs-baseline: 1.0064x

===== decode_bs512 =====
  [cfgs] oproj gemm         tile sweep    0.3942 ms (48 cfgs, 2 fail)
  [cfgs] oproj gemm            0.3167 ms  (37 cfgs tried)  {'BLOCK_M': 128, 'BLOCK_N': 256, 'BLOCK_K': 64, 'GROUP_M': 16, 'num_warps': 8, 'num_stages': 4}
  [cfgs] oproj gemm+res     tile sweep    0.4090 ms (48 cfgs, 2 fail)
  [cfgs] oproj gemm+res        0.3185 ms  (38 cfgs tried)  {'BLOCK_M': 128, 'BLOCK_N': 256, 'BLOCK_K': 64, 'GROUP_M': 4, 'num_warps': 8, 'num_stages': 4}
  [cfgs] oproj epi             0.0107 ms  (12 cfgs tried)  {'BLOCK': 2048, 'num_warps': 4, 'num_stages': 3}
  [cfgs] add                   0.0110 ms  (15 cfgs tried)  {'ROWS': 2, 'BLOCK_N': 2048, 'num_warps': 8, 'num_stages': 2, 'grid_cap': None, 'eps': 1e-05}
  [cfgs] rmsnorm               0.0135 ms  (13 cfgs tried)  {'ROWS': 8, 'BLOCK_N': 2048, 'num_warps': 32, 'num_stages': 4, 'grid_cap': None, 'eps': 1e-05}
  [cfgs] add+rmsnorm           0.0131 ms  (15 cfgs tried)  {'ROWS': 2, 'BLOCK_N': 2048, 'num_warps': 8, 'num_stages': 2, 'grid_cap': None, 'eps': 1e-05}
  [cfgs] router gemm           0.0246 ms  (30 cfgs tried)  {'BLOCK_M': 64, 'BLOCK_K': 128, 'BLOCK_E': 64, 'num_warps': 4, 'num_stages': 4}
  [cfgs] topk                  0.0132 ms  (17 cfgs tried)  {'BLOCK_M': 16, 'BLOCK_K': 64, 'BLOCK_E': 64, 'num_warps': 16, 'num_stages': 2}
  [cfgs] f5 norm+router        0.0570 ms  (31 cfgs tried)  {'BLOCK_M': 16, 'BLOCK_K': 128, 'BLOCK_E': 64, 'num_warps': 8, 'num_stages': 4}
  [cfgs] f4 add+norm+rt        0.0615 ms  (31 cfgs tried)  {'BLOCK_M': 16, 'BLOCK_K': 128, 'BLOCK_E': 64, 'num_warps': 8, 'num_stages': 4}
  [cfgs] w13 gemm           tile sweep    2.8881 ms (47 cfgs, 1 fail)
  [cfgs] w13 gemm              2.8632 ms  (33 cfgs tried)  {'BLOCK_M': 32, 'BLOCK_N': 256, 'BLOCK_K': 128, 'GROUP_M': 1, 'num_warps': 8, 'num_stages': 3}
  [cfgs] w13+swiglu         tile sweep    2.8596 ms (45 cfgs, 4 fail)
  [cfgs] w13+swiglu            2.8323 ms  (31 cfgs tried)  {'BLOCK_M': 32, 'BLOCK_N': 128, 'BLOCK_K': 128, 'GROUP_M': 1, 'num_warps': 8, 'num_stages': 3}
  [cfgs] silu_and_mul          0.0195 ms  (17 cfgs tried)  {'BLOCK_M': 4, 'BLOCK_N': 1024, 'num_warps': 16, 'num_stages': 2}
  [cfgs] w2 gemm            tile sweep    1.4970 ms (47 cfgs, 1 fail)
  [cfgs] w2 gemm               1.4728 ms  (39 cfgs tried)  {'BLOCK_M': 32, 'BLOCK_N': 128, 'BLOCK_K': 128, 'GROUP_M': 1, 'num_warps': 4, 'num_stages': 2}
  [cfgs] w2+merge(atomic)   tile sweep    1.5221 ms (47 cfgs, 1 fail)
/home/guancheng/zsh/fusion/glm52_h200/kernels/moe_down_merge.py:566:50: error: operand #0 does not dominate this use
    safe_token = tl.where(token_mask, offs_token, 0)
                                                 ^
/home/guancheng/zsh/fusion/glm52_h200/kernels/moe_down_merge.py:631:36: note: operand defined here (op in the same block)
    c_mask = token_mask[:, None] & (offs_cn[None, :] < N)
                                   ^
module {
  tt.func public @moe_down_kernel(%arg0: !tt.ptr<bf16> {tt.divisibility = 16 : i32}, %arg1: !tt.ptr<bf16> {tt.divisibility = 16 : i32}, %arg2: !tt.ptr<bf16> {tt.divisibility = 16 : i32}, %arg3: !tt.ptr<f32> {tt.divisibility = 16 : i32}, %arg4: !tt.ptr<i32> {tt.divisibility = 16 : i32}, %arg5: !tt.ptr<i32> {tt.divisibility = 16 : i32}, %arg6: !tt.ptr<i32> {tt.divisibility = 16 : i32}, %arg7: i32 {tt.divisibility = 16 : i32}, %arg8: i32 {tt.divisibility = 16 : i32}, %arg9: i32, %arg10: i32, %arg11: i32 {tt.divisibility = 16 : i32}, %arg12: i32 {tt.divisibility = 16 : i32}, %arg13: i32 {tt.divisibility = 16 : i32}, %arg14: i32 {tt.divisibility = 16 : i32}, %arg15: i32 {tt.divisibility = 16 : i32}) attributes {noinline = false} {
    %cst = arith.constant dense<0.000000e+00> : tensor<32x128xbf16>
    %cst_0 = arith.constant dense<0.000000e+00> : tensor<32x128xf32>
    %c127_i32 = arith.constant 127 : i32
    %c31_i32 = arith.constant 31 : i32
    %c0_i32 = arith.constant 0 : i32
    %cst_1 = arith.constant dense<8> : tensor<32xi64>
    %cst_2 = arith.constant dense<0.000000e+00> : tensor<32xf32>
    %cst_3 = arith.constant dense<128> : tensor<128x128xi32>
    %cst_4 = arith.constant dense<128> : tensor<32x128xi32>
    %c128_i32 = arith.constant 128 : i32
    %cst_5 = arith.constant dense<0> : tensor<32xi64>
    %c32_i32 = arith.constant 32 : i32
    %c4_i32 = arith.constant 4 : i32
    %0 = tt.get_program_id x : i32
    %1 = arith.addi %arg9, %c31_i32 : i32
    %2 = arith.divsi %1, %c32_i32 : i32
    %3 = arith.addi %arg7, %c127_i32 : i32
    %4 = arith.divsi %3, %c128_i32 : i32
    %5 = arith.muli %4, %c4_i32 : i32
    %6 = arith.divsi %0, %5 : i32
    %7 = arith.muli %6, %c4_i32 : i32
    %8 = arith.subi %2, %7 : i32
    %9 = arith.minsi %8, %c4_i32 : i32
    %10 = arith.remsi %0, %5 : i32
    %11 = arith.remsi %10, %9 : i32
    %12 = arith.addi %7, %11 : i32
    %13 = arith.divsi %10, %9 : i32
    %14 = tt.load %arg6 : !tt.ptr<i32>
    %15 = arith.muli %12, %c32_i32 : i32
    %16 = arith.cmpi sge, %15, %14 : i32
    cf.cond_br %16, ^bb1, ^bb2
  ^bb1:  // pred: ^bb0
    tt.return
  ^bb2:  // pred: ^bb0
    %17 = tt.make_range {end = 32 : i32, start = 0 : i32} : tensor<32xi32>
    %18 = arith.extsi %17 : tensor<32xi32> to tensor<32xi64>
    %19 = arith.extsi %15 : i32 to i64
    %20 = tt.splat %19 : i64 -> tensor<32xi64>
    %21 = arith.addi %20, %18 : tensor<32xi64>
    %22 = tt.splat %arg4 : !tt.ptr<i32> -> tensor<32x!tt.ptr<i32>>
    %23 = tt.addptr %22, %21 : tensor<32x!tt.ptr<i32>>, tensor<32xi64>
    %24 = tt.load %23 : tensor<32x!tt.ptr<i32>>
    %25 = arith.extsi %24 : tensor<32xi32> to tensor<32xi64>
    %26 = arith.extsi %arg10 : i32 to i64
    %27 = tt.splat %26 : i64 -> tensor<32xi64>
    %28 = arith.cmpi slt, %25, %27 : tensor<32xi64>
    %29 = arith.select %28, %25, %cst_5 : tensor<32xi1>, tensor<32xi64>
    %30 = tt.addptr %arg5, %12 : !tt.ptr<i32>, i32
    %31 = tt.load %30 : !tt.ptr<i32>
    %32 = arith.extsi %31 : i32 to i64
    %33 = arith.muli %13, %c128_i32 : i32
    %34 = tt.make_range {end = 128 : i32, start = 0 : i32} : tensor<128xi32>
    %35 = arith.extsi %34 : tensor<128xi32> to tensor<128xi64>
    %36 = arith.extsi %33 : i32 to i64
    %37 = tt.splat %36 : i64 -> tensor<128xi64>
    %38 = arith.addi %37, %35 : tensor<128xi64>
    %39 = arith.extsi %arg7 : i32 to i64
    %40 = tt.splat %39 : i64 -> tensor<128xi64>
    %41 = arith.remsi %38, %40 : tensor<128xi64>
    %42 = tt.expand_dims %29 {axis = 1 : i32} : tensor<32xi64> -> tensor<32x1xi64>
    %43 = arith.extsi %arg12 : i32 to i64
    %44 = tt.splat %43 : i64 -> tensor<32x1xi64>
    %45 = arith.muli %42, %44 : tensor<32x1xi64>
    %46 = tt.expand_dims %34 {axis = 0 : i32} : tensor<128xi32> -> tensor<1x128xi32>
    %47 = arith.extsi %46 : tensor<1x128xi32> to tensor<1x128xi64>
    %48 = tt.broadcast %45 : tensor<32x1xi64> -> tensor<32x128xi64>
    %49 = tt.broadcast %47 : tensor<1x128xi64> -> tensor<32x128xi64>
    %50 = arith.addi %48, %49 : tensor<32x128xi64>
    %51 = tt.splat %arg0 : !tt.ptr<bf16> -> tensor<32x128x!tt.ptr<bf16>>
    %52 = tt.addptr %51, %50 : tensor<32x128x!tt.ptr<bf16>>, tensor<32x128xi64>
    %53 = arith.extsi %arg13 : i32 to i64
    %54 = arith.muli %32, %53 : i64
    %55 = tt.addptr %arg1, %54 : !tt.ptr<bf16>, i64
    %56 = tt.expand_dims %34 {axis = 1 : i32} : tensor<128xi32> -> tensor<128x1xi32>
    %57 = tt.expand_dims %41 {axis = 0 : i32} : tensor<128xi64> -> tensor<1x128xi64>
    %58 = arith.extsi %arg14 : i32 to i64
    %59 = tt.splat %58 : i64 -> tensor<1x128xi64>
    %60 = arith.muli %57, %59 : tensor<1x128xi64>
    %61 = arith.extsi %56 : tensor<128x1xi32> to tensor<128x1xi64>
    %62 = tt.broadcast %61 : tensor<128x1xi64> -> tensor<128x128xi64>
    %63 = tt.broadcast %60 : tensor<1x128xi64> -> tensor<128x128xi64>
    %64 = arith.addi %62, %63 : tensor<128x128xi64>
    %65 = tt.splat %55 : !tt.ptr<bf16> -> tensor<128x128x!tt.ptr<bf16>>
    %66 = tt.addptr %65, %64 : tensor<128x128x!tt.ptr<bf16>>, tensor<128x128xi64>
    %67:3 = scf.for %arg16 = %c0_i32 to %arg8 step %c128_i32 iter_args(%arg17 = %52, %arg18 = %66, %arg19 = %cst_0) -> (tensor<32x128x!tt.ptr<bf16>>, tensor<128x128x!tt.ptr<bf16>>, tensor<32x128xf32>)  : i32 {
      %95 = tt.expand_dims %28 {axis = 1 : i32} : tensor<32xi1> -> tensor<32x1xi1>
      %96 = tt.broadcast %95 : tensor<32x1xi1> -> tensor<32x128xi1>
      %97 = tt.load %arg17, %96, %cst : tensor<32x128x!tt.ptr<bf16>>
      %98 = tt.load %arg18 : tensor<128x128x!tt.ptr<bf16>>
      %99 = tt.dot %97, %98, %arg19, inputPrecision = tf32 : tensor<32x128xbf16> * tensor<128x128xbf16> -> tensor<32x128xf32>
      %100 = tt.addptr %arg17, %cst_4 : tensor<32x128x!tt.ptr<bf16>>, tensor<32x128xi32>
      %101 = tt.addptr %arg18, %cst_3 : tensor<128x128x!tt.ptr<bf16>>, tensor<128x128xi32>
      scf.yield %100, %101, %99 : tensor<32x128x!tt.ptr<bf16>>, tensor<128x128x!tt.ptr<bf16>>, tensor<32x128xf32>
    }
    %68 = tt.splat %arg3 : !tt.ptr<f32> -> tensor<32x!tt.ptr<f32>>
    %69 = tt.addptr %68, %29 : tensor<32x!tt.ptr<f32>>, tensor<32xi64>
    %70 = tt.load %69, %28, %cst_2 : tensor<32x!tt.ptr<f32>>
    %71 = tt.expand_dims %70 {axis = 1 : i32} : tensor<32xf32> -> tensor<32x1xf32>
    %72 = tt.broadcast %71 : tensor<32x1xf32> -> tensor<32x128xf32>
    %73 = arith.mulf %67#2, %72 : tensor<32x128xf32>
    %74 = arith.truncf %73 : tensor<32x128xf32> to tensor<32x128xbf16>
    %75 = tt.splat %33 : i32 -> tensor<128xi32>
    %76 = arith.addi %75, %34 : tensor<128xi32>
    %77 = tt.expand_dims %28 {axis = 1 : i32} : tensor<32xi1> -> tensor<32x1xi1>
    %78 = tt.expand_dims %76 {axis = 0 : i32} : tensor<128xi32> -> tensor<1x128xi32>
    %79 = tt.splat %arg7 : i32 -> tensor<1x128xi32>
    %80 = arith.cmpi slt, %78, %79 : tensor<1x128xi32>
    %81 = tt.broadcast %77 : tensor<32x1xi1> -> tensor<32x128xi1>
    %82 = tt.broadcast %80 : tensor<1x128xi1> -> tensor<32x128xi1>
    %83 = arith.andi %81, %82 : tensor<32x128xi1>
    %84 = arith.divsi %29, %cst_1 : tensor<32xi64>
    %85 = tt.expand_dims %84 {axis = 1 : i32} : tensor<32xi64> -> tensor<32x1xi64>
    %86 = arith.extsi %arg15 : i32 to i64
    %87 = tt.splat %86 : i64 -> tensor<32x1xi64>
    %88 = arith.muli %87, %85 : tensor<32x1xi64>
    %89 = tt.splat %arg2 : !tt.ptr<bf16> -> tensor<32x1x!tt.ptr<bf16>>
    %90 = tt.addptr %89, %88 : tensor<32x1x!tt.ptr<bf16>>, tensor<32x1xi64>
    %91 = tt.broadcast %90 : tensor<32x1x!tt.ptr<bf16>> -> tensor<32x128x!tt.ptr<bf16>>
    %92 = tt.broadcast %78 : tensor<1x128xi32> -> tensor<32x128xi32>
    %93 = tt.addptr %91, %92 : tensor<32x128x!tt.ptr<bf16>>, tensor<32x128xi32>
    %94 = tt.atomic_rmw fadd, acq_rel, gpu, %93, %74, %83 : (tensor<32x128x!tt.ptr<bf16>>, tensor<32x128xbf16>, tensor<32x128xi1>) -> tensor<32x128xbf16>
    tt.return
  }
}

{-#
  external_resources: {
    mlir_reproducer: {
      pipeline: "builtin.module(convert-triton-to-tritongpu{enable-source-remat=false num-ctas=1 num-warps=1 target=cuda:90 threads-per-warp=32}, tritongpu-coalesce, tritongpu-F32DotTC{emu-tf32=true}, triton-nvidia-gpu-plan-cta, tritongpu-remove-layout-conversions, tritongpu-optimize-thread-locality, tritongpu-accelerate-matmul, tritongpu-remove-layout-conversions, tritongpu-optimize-dot-operands{hoist-layout-conversion=true}, triton-nvidia-optimize-descriptor-encoding, triton-loop-aware-cse, tritongpu-fuse-nested-loops, canonicalize{  max-iterations=10 max-num-rewrites=-1 region-simplify=normal test-convergence=false top-down=true}, triton-licm, canonicalize{  max-iterations=10 max-num-rewrites=-1 region-simplify=normal test-convergence=false top-down=true}, tritongpu-combine-tensor-select-and-if, nvgpu-warp-specialization{dump-intermediate-steps=false num-stages=3}, tritongpu-assign-latencies{num-stages=3}, tritongpu-schedule-loops, tritongpu-pipeline{dump-intermediate-steps=false num-stages=3}, canonicalize{  max-iterations=10 max-num-rewrites=-1 region-simplify=normal test-convergence=false top-down=true}, triton-loop-aware-cse, tritongpu-prefetch, tritongpu-optimize-dot-operands{hoist-layout-conversion=true}, tritongpu-coalesce-async-copy, triton-nvidia-optimize-tmem-layouts, triton-nvidia-tma-lowering, tritongpu-remove-layout-conversions, triton-nvidia-interleave-tmem, tritongpu-reduce-data-duplication, tritongpu-reorder-instructions, triton-loop-aware-cse, symbol-dce, triton-nvidia-gpu-fence-insertion{compute-capability=90}, triton-nvidia-mma-lowering, sccp, cse, canonicalize{  max-iterations=10 max-num-rewrites=-1 region-simplify=normal test-convergence=false top-down=true})",
      disable_threading: true,
      verify_each: true
    }
  }
#-}
/home/guancheng/zsh/fusion/glm52_h200/kernels/moe_down_merge.py:506:0: error: Failures have been detected while processing an MLIR pass pipeline
/home/guancheng/zsh/fusion/glm52_h200/kernels/moe_down_merge.py:506:0: note: Pipeline failed while executing [`TritonGPURemoveLayoutConversions` on 'builtin.module' operation]: reproducer generated at `std::errs, please share the reproducer above with Triton project.`
/home/guancheng/zsh/fusion/glm52_h200/kernels/moe_down_merge.py:566:50: error: operand #0 does not dominate this use
    safe_token = tl.where(token_mask, offs_token, 0)
                                                 ^
/home/guancheng/zsh/fusion/glm52_h200/kernels/moe_down_merge.py:631:36: note: operand defined here (op in the same block)
    c_mask = token_mask[:, None] & (offs_cn[None, :] < N)
                                   ^
module {
  tt.func public @moe_down_kernel(%arg0: !tt.ptr<bf16> {tt.divisibility = 16 : i32}, %arg1: !tt.ptr<bf16> {tt.divisibility = 16 : i32}, %arg2: !tt.ptr<bf16> {tt.divisibility = 16 : i32}, %arg3: !tt.ptr<f32> {tt.divisibility = 16 : i32}, %arg4: !tt.ptr<i32> {tt.divisibility = 16 : i32}, %arg5: !tt.ptr<i32> {tt.divisibility = 16 : i32}, %arg6: !tt.ptr<i32> {tt.divisibility = 16 : i32}, %arg7: i32 {tt.divisibility = 16 : i32}, %arg8: i32 {tt.divisibility = 16 : i32}, %arg9: i32, %arg10: i32, %arg11: i32 {tt.divisibility = 16 : i32}, %arg12: i32 {tt.divisibility = 16 : i32}, %arg13: i32 {tt.divisibility = 16 : i32}, %arg14: i32 {tt.divisibility = 16 : i32}, %arg15: i32 {tt.divisibility = 16 : i32}) attributes {noinline = false} {
    %cst = arith.constant dense<0.000000e+00> : tensor<32x128xbf16>
    %cst_0 = arith.constant dense<0.000000e+00> : tensor<32x128xf32>
    %c127_i32 = arith.constant 127 : i32
    %c31_i32 = arith.constant 31 : i32
    %c0_i32 = arith.constant 0 : i32
    %cst_1 = arith.constant dense<8> : tensor<32xi64>
    %cst_2 = arith.constant dense<0.000000e+00> : tensor<32xf32>
    %cst_3 = arith.constant dense<128> : tensor<128x128xi32>
    %cst_4 = arith.constant dense<128> : tensor<32x128xi32>
    %c128_i32 = arith.constant 128 : i32
    %cst_5 = arith.constant dense<0> : tensor<32xi64>
    %c32_i32 = arith.constant 32 : i32
    %c1_i32 = arith.constant 1 : i32
    %0 = tt.get_program_id x : i32
    %1 = arith.addi %arg9, %c31_i32 : i32
    %2 = arith.divsi %1, %c32_i32 : i32
    %3 = arith.addi %arg7, %c127_i32 : i32
    %4 = arith.divsi %3, %c128_i32 : i32
    %5 = arith.divsi %0, %4 : i32
    %6 = arith.subi %2, %5 : i32
    %7 = arith.minsi %6, %c1_i32 : i32
    %8 = arith.remsi %0, %4 : i32
    %9 = arith.remsi %8, %7 : i32
    %10 = arith.addi %5, %9 : i32
    %11 = arith.divsi %8, %7 : i32
    %12 = tt.load %arg6 : !tt.ptr<i32>
    %13 = arith.muli %10, %c32_i32 : i32
    %14 = arith.cmpi sge, %13, %12 : i32
    cf.cond_br %14, ^bb1, ^bb2
  ^bb1:  // pred: ^bb0
    tt.return
  ^bb2:  // pred: ^bb0
    %15 = tt.make_range {end = 32 : i32, start = 0 : i32} : tensor<32xi32>
    %16 = arith.extsi %15 : tensor<32xi32> to tensor<32xi64>
    %17 = arith.extsi %13 : i32 to i64
    %18 = tt.splat %17 : i64 -> tensor<32xi64>
    %19 = arith.addi %18, %16 : tensor<32xi64>
    %20 = tt.splat %arg4 : !tt.ptr<i32> -> tensor<32x!tt.ptr<i32>>
    %21 = tt.addptr %20, %19 : tensor<32x!tt.ptr<i32>>, tensor<32xi64>
    %22 = tt.load %21 : tensor<32x!tt.ptr<i32>>
    %23 = arith.extsi %22 : tensor<32xi32> to tensor<32xi64>
    %24 = arith.extsi %arg10 : i32 to i64
    %25 = tt.splat %24 : i64 -> tensor<32xi64>
    %26 = arith.cmpi slt, %23, %25 : tensor<32xi64>
    %27 = arith.select %26, %23, %cst_5 : tensor<32xi1>, tensor<32xi64>
    %28 = tt.addptr %arg5, %10 : !tt.ptr<i32>, i32
    %29 = tt.load %28 : !tt.ptr<i32>
    %30 = arith.extsi %29 : i32 to i64
    %31 = arith.muli %11, %c128_i32 : i32
    %32 = tt.make_range {end = 128 : i32, start = 0 : i32} : tensor<128xi32>
    %33 = arith.extsi %32 : tensor<128xi32> to tensor<128xi64>
    %34 = arith.extsi %31 : i32 to i64
    %35 = tt.splat %34 : i64 -> tensor<128xi64>
    %36 = arith.addi %35, %33 : tensor<128xi64>
    %37 = arith.extsi %arg7 : i32 to i64
    %38 = tt.splat %37 : i64 -> tensor<128xi64>
    %39 = arith.remsi %36, %38 : tensor<128xi64>
    %40 = tt.expand_dims %27 {axis = 1 : i32} : tensor<32xi64> -> tensor<32x1xi64>
    %41 = arith.extsi %arg12 : i32 to i64
    %42 = tt.splat %41 : i64 -> tensor<32x1xi64>
    %43 = arith.muli %40, %42 : tensor<32x1xi64>
    %44 = tt.expand_dims %32 {axis = 0 : i32} : tensor<128xi32> -> tensor<1x128xi32>
    %45 = arith.extsi %44 : tensor<1x128xi32> to tensor<1x128xi64>
    %46 = tt.broadcast %43 : tensor<32x1xi64> -> tensor<32x128xi64>
    %47 = tt.broadcast %45 : tensor<1x128xi64> -> tensor<32x128xi64>
    %48 = arith.addi %46, %47 : tensor<32x128xi64>
    %49 = tt.splat %arg0 : !tt.ptr<bf16> -> tensor<32x128x!tt.ptr<bf16>>
    %50 = tt.addptr %49, %48 : tensor<32x128x!tt.ptr<bf16>>, tensor<32x128xi64>
    %51 = arith.extsi %arg13 : i32 to i64
    %52 = arith.muli %30, %51 : i64
    %53 = tt.addptr %arg1, %52 : !tt.ptr<bf16>, i64
    %54 = tt.expand_dims %32 {axis = 1 : i32} : tensor<128xi32> -> tensor<128x1xi32>
    %55 = tt.expand_dims %39 {axis = 0 : i32} : tensor<128xi64> -> tensor<1x128xi64>
    %56 = arith.extsi %arg14 : i32 to i64
    %57 = tt.splat %56 : i64 -> tensor<1x128xi64>
    %58 = arith.muli %55, %57 : tensor<1x128xi64>
    %59 = arith.extsi %54 : tensor<128x1xi32> to tensor<128x1xi64>
    %60 = tt.broadcast %59 : tensor<128x1xi64> -> tensor<128x128xi64>
    %61 = tt.broadcast %58 : tensor<1x128xi64> -> tensor<128x128xi64>
    %62 = arith.addi %60, %61 : tensor<128x128xi64>
    %63 = tt.splat %53 : !tt.ptr<bf16> -> tensor<128x128x!tt.ptr<bf16>>
    %64 = tt.addptr %63, %62 : tensor<128x128x!tt.ptr<bf16>>, tensor<128x128xi64>
    %65:3 = scf.for %arg16 = %c0_i32 to %arg8 step %c128_i32 iter_args(%arg17 = %50, %arg18 = %64, %arg19 = %cst_0) -> (tensor<32x128x!tt.ptr<bf16>>, tensor<128x128x!tt.ptr<bf16>>, tensor<32x128xf32>)  : i32 {
      %93 = tt.expand_dims %26 {axis = 1 : i32} : tensor<32xi1> -> tensor<32x1xi1>
      %94 = tt.broadcast %93 : tensor<32x1xi1> -> tensor<32x128xi1>
      %95 = tt.load %arg17, %94, %cst : tensor<32x128x!tt.ptr<bf16>>
      %96 = tt.load %arg18 : tensor<128x128x!tt.ptr<bf16>>
      %97 = tt.dot %95, %96, %arg19, inputPrecision = tf32 : tensor<32x128xbf16> * tensor<128x128xbf16> -> tensor<32x128xf32>
      %98 = tt.addptr %arg17, %cst_4 : tensor<32x128x!tt.ptr<bf16>>, tensor<32x128xi32>
      %99 = tt.addptr %arg18, %cst_3 : tensor<128x128x!tt.ptr<bf16>>, tensor<128x128xi32>
      scf.yield %98, %99, %97 : tensor<32x128x!tt.ptr<bf16>>, tensor<128x128x!tt.ptr<bf16>>, tensor<32x128xf32>
    }
    %66 = tt.splat %arg3 : !tt.ptr<f32> -> tensor<32x!tt.ptr<f32>>
    %67 = tt.addptr %66, %27 : tensor<32x!tt.ptr<f32>>, tensor<32xi64>
    %68 = tt.load %67, %26, %cst_2 : tensor<32x!tt.ptr<f32>>
    %69 = tt.expand_dims %68 {axis = 1 : i32} : tensor<32xf32> -> tensor<32x1xf32>
    %70 = tt.broadcast %69 : tensor<32x1xf32> -> tensor<32x128xf32>
    %71 = arith.mulf %65#2, %70 : tensor<32x128xf32>
    %72 = arith.truncf %71 : tensor<32x128xf32> to tensor<32x128xbf16>
    %73 = tt.splat %31 : i32 -> tensor<128xi32>
    %74 = arith.addi %73, %32 : tensor<128xi32>
    %75 = tt.expand_dims %26 {axis = 1 : i32} : tensor<32xi1> -> tensor<32x1xi1>
    %76 = tt.expand_dims %74 {axis = 0 : i32} : tensor<128xi32> -> tensor<1x128xi32>
    %77 = tt.splat %arg7 : i32 -> tensor<1x128xi32>
    %78 = arith.cmpi slt, %76, %77 : tensor<1x128xi32>
    %79 = tt.broadcast %75 : tensor<32x1xi1> -> tensor<32x128xi1>
    %80 = tt.broadcast %78 : tensor<1x128xi1> -> tensor<32x128xi1>
    %81 = arith.andi %79, %80 : tensor<32x128xi1>
    %82 = arith.divsi %27, %cst_1 : tensor<32xi64>
    %83 = tt.expand_dims %82 {axis = 1 : i32} : tensor<32xi64> -> tensor<32x1xi64>
    %84 = arith.extsi %arg15 : i32 to i64
    %85 = tt.splat %84 : i64 -> tensor<32x1xi64>
    %86 = arith.muli %85, %83 : tensor<32x1xi64>
    %87 = tt.splat %arg2 : !tt.ptr<bf16> -> tensor<32x1x!tt.ptr<bf16>>
    %88 = tt.addptr %87, %86 : tensor<32x1x!tt.ptr<bf16>>, tensor<32x1xi64>
    %89 = tt.broadcast %88 : tensor<32x1x!tt.ptr<bf16>> -> tensor<32x128x!tt.ptr<bf16>>
    %90 = tt.broadcast %76 : tensor<1x128xi32> -> tensor<32x128xi32>
    %91 = tt.addptr %89, %90 : tensor<32x128x!tt.ptr<bf16>>, tensor<32x128xi32>
    %92 = tt.atomic_rmw fadd, acq_rel, gpu, %91, %72, %81 : (tensor<32x128x!tt.ptr<bf16>>, tensor<32x128xbf16>, tensor<32x128xi1>) -> tensor<32x128xbf16>
    tt.return
  }
}

{-#
  external_resources: {
    mlir_reproducer: {
      pipeline: "builtin.module(convert-triton-to-tritongpu{enable-source-remat=false num-ctas=1 num-warps=1 target=cuda:90 threads-per-warp=32}, tritongpu-coalesce, tritongpu-F32DotTC{emu-tf32=true}, triton-nvidia-gpu-plan-cta, tritongpu-remove-layout-conversions, tritongpu-optimize-thread-locality, tritongpu-accelerate-matmul, tritongpu-remove-layout-conversions, tritongpu-optimize-dot-operands{hoist-layout-conversion=true}, triton-nvidia-optimize-descriptor-encoding, triton-loop-aware-cse, tritongpu-fuse-nested-loops, canonicalize{  max-iterations=10 max-num-rewrites=-1 region-simplify=normal test-convergence=false top-down=true}, triton-licm, canonicalize{  max-iterations=10 max-num-rewrites=-1 region-simplify=normal test-convergence=false top-down=true}, tritongpu-combine-tensor-select-and-if, nvgpu-warp-specialization{dump-intermediate-steps=false num-stages=3}, tritongpu-assign-latencies{num-stages=3}, tritongpu-schedule-loops, tritongpu-pipeline{dump-intermediate-steps=false num-stages=3}, canonicalize{  max-iterations=10 max-num-rewrites=-1 region-simplify=normal test-convergence=false top-down=true}, triton-loop-aware-cse, tritongpu-prefetch, tritongpu-optimize-dot-operands{hoist-layout-conversion=true}, tritongpu-coalesce-async-copy, triton-nvidia-optimize-tmem-layouts, triton-nvidia-tma-lowering, tritongpu-remove-layout-conversions, triton-nvidia-interleave-tmem, tritongpu-reduce-data-duplication, tritongpu-reorder-instructions, triton-loop-aware-cse, symbol-dce, triton-nvidia-gpu-fence-insertion{compute-capability=90}, triton-nvidia-mma-lowering, sccp, cse, canonicalize{  max-iterations=10 max-num-rewrites=-1 region-simplify=normal test-convergence=false top-down=true})",
      disable_threading: true,
      verify_each: true
    }
  }
#-}
/home/guancheng/zsh/fusion/glm52_h200/kernels/moe_down_merge.py:506:0: error: Failures have been detected while processing an MLIR pass pipeline
/home/guancheng/zsh/fusion/glm52_h200/kernels/moe_down_merge.py:506:0: note: Pipeline failed while executing [`TritonGPURemoveLayoutConversions` on 'builtin.module' operation]: reproducer generated at `std::errs, please share the reproducer above with Triton project.`
  [cfgs] w2+merge(atomic)      1.4955 ms  (39 cfgs tried)  {'BLOCK_M': 32, 'BLOCK_N': 128, 'BLOCK_K': 128, 'GROUP_M': 1, 'num_warps': 8, 'num_stages': 3}
  [cfgs] moe_sum               0.0255 ms  (15 cfgs tried)  {'BLOCK_M': 4, 'BLOCK_DIM': 512, 'num_warps': 8, 'num_stages': 2}
  [cfgs] resadd                0.0126 ms  (17 cfgs tried)  {'BLOCK_M': 4, 'BLOCK_N': 256, 'num_warps': 8, 'num_stages': 4}
  [cfgs] router prenorm     tile sweep    0.0362 ms (46 cfgs, 0 fail)
  [cfgs] router prenorm        0.0364 ms  (37 cfgs tried)  {'BLOCK_M': 64, 'BLOCK_N': 32, 'BLOCK_K': 128, 'GROUP_M': 8, 'num_warps': 8, 'num_stages': 3}
  [cfgs] w13 prenorm        tile sweep    2.8961 ms (48 cfgs, 1 fail)
  [cfgs] w13 prenorm           2.8950 ms  (19 cfgs tried)  {'BLOCK_M': 64, 'BLOCK_N': 256, 'BLOCK_K': 128, 'GROUP_M': 8, 'num_warps': 8, 'num_stages': 3}
  [shared] tuning w13 (32), act (18), w2 (32)
  [shared] w13 0.0629 {'BLOCK_M': 64, 'BLOCK_N': 128, 'BLOCK_K': 64, 'GROUP_M': 8, 'num_warps': 8, 'num_stages': 3} | act 0.0078 | w2 0.0332 {'BLOCK_M': 64, 'BLOCK_N': 128, 'BLOCK_K': 64, 'GROUP_M': 8, 'num_warps': 4, 'num_stages': 3}
  A_all_unfused      ok  (14 kernels)  relerr 7.81e-03
  B_f3               ok  (13 kernels)  relerr 7.81e-03
  C_f1               ok  (13 kernels)  relerr 6.25e-03
  D_f6               ok  (13 kernels)  relerr 7.81e-03
  E_f10              ok  (13 kernels)  relerr 9.38e-03
  F_f8               ok  (14 kernels)  relerr 9.38e-03
  G_f9               ok  (13 kernels)  relerr 9.38e-03
  H_f3_f10           ok  (12 kernels)  relerr 9.38e-03
  I_f3_f9            ok  (12 kernels)  relerr 9.38e-03
  J_greedy_all       ok  (11 kernels)  relerr 7.81e-03
  K_f3_f8            ok  (13 kernels)  relerr 9.38e-03
  L_f5               ok  (13 kernels)  relerr 7.81e-03
  M_f4               ok  (12 kernels)  relerr 7.81e-03
  N_f11b             ok  (14 kernels)  relerr 7.81e-03
  O_f11ab            !! FAILS CORRECTNESS relerr=2.281e-01 -- excluded
  P_f10_f11ab        !! FAILS CORRECTNESS relerr=1.934e-01 -- excluded
  Q_f8_f11ab         !! FAILS CORRECTNESS relerr=1.984e-01 -- excluded
  R_f1_f10_f11ab     !! FAILS CORRECTNESS relerr=2.227e-01 -- excluded
    pass1 round 0: A_all_unfused=4.8295  B_f3=4.8298  C_f1=4.8316  D_f6=4.7907  E_f10=4.8276  F_f8=5.3370  G_f9=4.8840  H_f3_f10=4.8237  I_f3_f9=4.8234  J_greedy_all=4.7860  K_f3_f8=4.9536  L_f5=5.0164  M_f4=4.9012  N_f11b=4.8448
    pass1 round 1: A_all_unfused=4.8736  B_f3=4.8257  C_f1=4.8493  D_f6=4.8383  E_f10=4.9305  F_f8=4.9498  G_f9=4.8607  H_f3_f10=4.8262  I_f3_f9=4.8278  J_greedy_all=4.8037  K_f3_f8=4.9758  L_f5=4.9649  M_f4=4.8732  N_f11b=4.8484
    pass1 round 2: A_all_unfused=4.9104  B_f3=4.8860  C_f1=4.8652  D_f6=4.7976  E_f10=4.8383  F_f8=4.9057  G_f9=4.9345  H_f3_f10=4.8792  I_f3_f9=4.8633  J_greedy_all=4.8082  K_f3_f8=4.8593  L_f5=4.9036  M_f4=4.9158  N_f11b=4.9006
    pass1 round 3: A_all_unfused=4.8730  B_f3=4.8479  C_f1=4.8748  D_f6=4.8406  E_f10=4.8824  F_f8=4.8876  G_f9=4.8494  H_f3_f10=4.8704  I_f3_f9=4.8739  J_greedy_all=4.8307  K_f3_f8=4.8916  L_f5=4.8823  M_f4=4.8613  N_f11b=4.8721
    pass1 round 4: A_all_unfused=4.8803  B_f3=4.8853  C_f1=4.8793  D_f6=4.8193  E_f10=4.8432  F_f8=4.8821  G_f9=4.8828  H_f3_f10=4.8783  I_f3_f9=4.8910  J_greedy_all=4.8481  K_f3_f8=4.8651  L_f5=4.8746  M_f4=4.8945  N_f11b=4.9006
    pass1 round 5: A_all_unfused=4.8774  B_f3=4.8748  C_f1=4.8653  D_f6=4.8412  E_f10=4.8635  F_f8=4.8757  G_f9=4.8795  H_f3_f10=4.8693  I_f3_f9=4.8762  J_greedy_all=4.8249  K_f3_f8=4.8843  L_f5=4.8664  M_f4=4.8987  N_f11b=4.8567
    pass1 round 6: A_all_unfused=4.8691  B_f3=4.8675  C_f1=4.8777  D_f6=4.8277  E_f10=4.8738  F_f8=4.8882  G_f9=4.8901  H_f3_f10=4.8706  I_f3_f9=4.8770  J_greedy_all=4.8382  K_f3_f8=4.8692  L_f5=4.9011  M_f4=4.9070  N_f11b=4.8863
    pass1 round 7: A_all_unfused=4.8536  B_f3=4.8557  C_f1=4.8611  D_f6=4.8283  E_f10=4.8670  F_f8=4.8875  G_f9=4.8799  H_f3_f10=4.8521  I_f3_f9=4.8760  J_greedy_all=4.8331  K_f3_f8=4.8881  L_f5=4.8874  M_f4=4.9103  N_f11b=4.8806
    pass2 round 0: A_all_unfused=4.8659  B_f3=4.8737  C_f1=4.8576  D_f6=4.8284  E_f10=4.8465  F_f8=4.8882  G_f9=4.8636  H_f3_f10=4.8577  I_f3_f9=4.8630  J_greedy_all=4.8184  K_f3_f8=4.8741  L_f5=4.8744  M_f4=4.8903  N_f11b=4.8693
    pass2 round 1: A_all_unfused=4.8742  B_f3=4.8620  C_f1=4.8535  D_f6=4.8380  E_f10=4.8659  F_f8=4.8872  G_f9=4.8555  H_f3_f10=4.8653  I_f3_f9=4.8687  J_greedy_all=4.8302  K_f3_f8=4.8695  L_f5=4.8894  M_f4=4.8908  N_f11b=4.8868
    pass2 round 2: A_all_unfused=4.8696  B_f3=4.8438  C_f1=4.8783  D_f6=4.8298  E_f10=4.8444  F_f8=4.8822  G_f9=4.8652  H_f3_f10=4.8589  I_f3_f9=4.8799  J_greedy_all=4.8250  K_f3_f8=4.8782  L_f5=4.8935  M_f4=4.8926  N_f11b=4.8835
    pass2 round 3: A_all_unfused=4.8488  B_f3=4.8697  C_f1=4.8634  D_f6=4.8409  E_f10=4.8728  F_f8=4.8873  G_f9=4.8756  H_f3_f10=4.8646  I_f3_f9=4.8692  J_greedy_all=4.8387  K_f3_f8=4.8699  L_f5=4.8936  M_f4=4.8860  N_f11b=4.8863
    pass2 round 4: A_all_unfused=4.8548  B_f3=4.8683  C_f1=4.8675  D_f6=4.8211  E_f10=4.8660  F_f8=4.8859  G_f9=4.8764  H_f3_f10=4.8642  I_f3_f9=4.8615  J_greedy_all=4.8237  K_f3_f8=4.8809  L_f5=4.8853  M_f4=4.8767  N_f11b=4.8762
    pass2 round 5: A_all_unfused=4.8516  B_f3=4.8579  C_f1=4.8758  D_f6=4.8423  E_f10=4.8427  F_f8=4.8915  G_f9=4.8784  H_f3_f10=4.8597  I_f3_f9=4.8605  J_greedy_all=4.8391  K_f3_f8=4.8795  L_f5=4.8934  M_f4=4.8991  N_f11b=4.8868
    pass2 round 6: A_all_unfused=4.8654  B_f3=4.8659  C_f1=4.8620  D_f6=4.8311  E_f10=4.8636  F_f8=4.8822  G_f9=4.8586  H_f3_f10=4.8569  I_f3_f9=4.8712  J_greedy_all=4.8226  K_f3_f8=4.8788  L_f5=4.8913  M_f4=4.8965  N_f11b=4.8879
    pass2 round 7: A_all_unfused=4.8503  B_f3=4.8704  C_f1=4.8599  D_f6=4.8420  E_f10=4.8444  F_f8=4.8864  G_f9=4.8730  H_f3_f10=4.8694  I_f3_f9=4.8641  J_greedy_all=4.8452  K_f3_f8=4.8720  L_f5=4.8841  M_f4=4.8932  N_f11b=4.8800
  --> TIED: A_all_unfused, B_f3, C_f1, D_f6, E_f10, F_f8, G_f9, H_f3_f10, I_f3_f9, J_greedy_all, K_f3_f8, N_f11b
      pass1: best J_greedy_all gap 0.00021 ms vs round noise 0.06211 ms -> tied with J_greedy_all, D_f6, B_f3, C_f1, E_f10, H_f3_f10, A_all_unfused, I_f3_f9, N_f11b, G_f9, K_f3_f8, F_f8
      pass2: best J_greedy_all gap 0.00698 ms vs round noise 0.02685 ms -> tied with J_greedy_all, D_f6
      best/all-unfused = 1.0000x

===== decode_bs1024 =====
  [cfgs] oproj gemm         tile sweep    0.8131 ms (48 cfgs, 2 fail)
  [cfgs] oproj gemm            0.6544 ms  (36 cfgs tried)  {'BLOCK_M': 128, 'BLOCK_N': 128, 'BLOCK_K': 32, 'GROUP_M': 16, 'num_warps': 4, 'num_stages': 3}
  [cfgs] oproj gemm+res     tile sweep    0.7536 ms (48 cfgs, 2 fail)
  [cfgs] oproj gemm+res        0.6635 ms  (35 cfgs tried)  {'BLOCK_M': 128, 'BLOCK_N': 128, 'BLOCK_K': 128, 'GROUP_M': 8, 'num_warps': 8, 'num_stages': 3}
  [cfgs] oproj epi             0.0158 ms  (12 cfgs tried)  {'BLOCK': 2048, 'num_warps': 4, 'num_stages': 2}
  [cfgs] add                   0.0162 ms  (14 cfgs tried)  {'ROWS': 4, 'BLOCK_N': 2048, 'num_warps': 32, 'num_stages': 1, 'grid_cap': None, 'eps': 1e-05}
  [cfgs] rmsnorm               0.0319 ms  (16 cfgs tried)  {'ROWS': 8, 'BLOCK_N': 256, 'num_warps': 16, 'num_stages': 1, 'grid_cap': None, 'eps': 1e-05}
  [cfgs] add+rmsnorm           0.0188 ms  (15 cfgs tried)  {'ROWS': 2, 'BLOCK_N': 2048, 'num_warps': 8, 'num_stages': 2, 'grid_cap': None, 'eps': 1e-05}
  [cfgs] router gemm           0.0240 ms  (30 cfgs tried)  {'BLOCK_M': 64, 'BLOCK_K': 128, 'BLOCK_E': 64, 'num_warps': 4, 'num_stages': 4}
  [cfgs] topk                  0.0137 ms  (17 cfgs tried)  {'BLOCK_M': 16, 'BLOCK_K': 32, 'BLOCK_E': 256, 'num_warps': 16, 'num_stages': 2}
  [cfgs] f5 norm+router        0.0650 ms  (31 cfgs tried)  {'BLOCK_M': 16, 'BLOCK_K': 128, 'BLOCK_E': 128, 'num_warps': 8, 'num_stages': 4}
  [cfgs] f4 add+norm+rt        0.0791 ms  (31 cfgs tried)  {'BLOCK_M': 32, 'BLOCK_K': 128, 'BLOCK_E': 64, 'num_warps': 8, 'num_stages': 3}
  [cfgs] w13 gemm           tile sweep    3.0558 ms (47 cfgs, 1 fail)
/home/guancheng/zsh/fusion/glm52_h200/kernels/moe_gateup.py:641:24: error: operand #0 does not dominate this use
    c_mask = token_mask[:, None] & (offs_cn[None, :] < N)
                       ^
/home/guancheng/zsh/fusion/glm52_h200/kernels/moe_gateup.py:475:44: note: operand defined here (op in a child region)
        a = tl.load(a_ptrs, mask=token_mask[:, None], other=0.0)
                                           ^
module {
  tt.func public @moe_gateup_kernel(%arg0: !tt.ptr<bf16> {tt.divisibility = 16 : i32}, %arg1: !tt.ptr<bf16> {tt.divisibility = 16 : i32}, %arg2: !tt.ptr<bf16> {tt.divisibility = 16 : i32}, %arg3: !tt.ptr<i32> {tt.divisibility = 16 : i32}, %arg4: !tt.ptr<i32> {tt.divisibility = 16 : i32}, %arg5: !tt.ptr<i32> {tt.divisibility = 16 : i32}, %arg6: i32 {tt.divisibility = 16 : i32}, %arg7: i32 {tt.divisibility = 16 : i32}, %arg8: i32 {tt.divisibility = 16 : i32}, %arg9: i32 {tt.divisibility = 16 : i32}, %arg10: i32 {tt.divisibility = 16 : i32}, %arg11: i32 {tt.divisibility = 16 : i32}, %arg12: i32 {tt.divisibility = 16 : i32}, %arg13: i32 {tt.divisibility = 16 : i32}, %arg14: i32 {tt.divisibility = 16 : i32}) attributes {noinline = false} {
    %cst = arith.constant dense<0.000000e+00> : tensor<64x128xbf16>
    %cst_0 = arith.constant dense<0.000000e+00> : tensor<64x128xf32>
    %c127_i32 = arith.constant 127 : i32
    %c63_i32 = arith.constant 63 : i32
    %c0_i32 = arith.constant 0 : i32
    %cst_1 = arith.constant dense<128> : tensor<128x128xi32>
    %cst_2 = arith.constant dense<128> : tensor<64x128xi32>
    %cst_3 = arith.constant dense<8> : tensor<64x1xi64>
    %cst_4 = arith.constant dense<0> : tensor<64xi64>
    %c128_i32 = arith.constant 128 : i32
    %c64_i32 = arith.constant 64 : i32
    %c1_i32 = arith.constant 1 : i32
    %0 = tt.get_program_id x : i32
    %1 = arith.addi %arg8, %c63_i32 : i32
    %2 = arith.divsi %1, %c64_i32 : i32
    %3 = arith.addi %arg6, %c127_i32 : i32
    %4 = arith.divsi %3, %c128_i32 : i32
    %5 = arith.divsi %0, %4 : i32
    %6 = arith.subi %2, %5 : i32
    %7 = arith.minsi %6, %c1_i32 : i32
    %8 = arith.remsi %0, %4 : i32
    %9 = arith.remsi %8, %7 : i32
    %10 = arith.addi %5, %9 : i32
    %11 = arith.divsi %8, %7 : i32
    %12 = tt.load %arg5 : !tt.ptr<i32>
    %13 = arith.muli %10, %c64_i32 : i32
    %14 = arith.cmpi sge, %13, %12 : i32
    cf.cond_br %14, ^bb1, ^bb2
  ^bb1:  // pred: ^bb0
    tt.return
  ^bb2:  // pred: ^bb0
    %15 = tt.make_range {end = 64 : i32, start = 0 : i32} : tensor<64xi32>
    %16 = arith.extsi %15 : tensor<64xi32> to tensor<64xi64>
    %17 = arith.extsi %13 : i32 to i64
    %18 = tt.splat %17 : i64 -> tensor<64xi64>
    %19 = arith.addi %18, %16 : tensor<64xi64>
    %20 = tt.splat %arg3 : !tt.ptr<i32> -> tensor<64x!tt.ptr<i32>>
    %21 = tt.addptr %20, %19 : tensor<64x!tt.ptr<i32>>, tensor<64xi64>
    %22 = tt.load %21 : tensor<64x!tt.ptr<i32>>
    %23 = arith.extsi %22 : tensor<64xi32> to tensor<64xi64>
    %24 = arith.extsi %arg9 : i32 to i64
    %25 = tt.splat %24 : i64 -> tensor<64xi64>
    %26 = arith.cmpi slt, %23, %25 : tensor<64xi64>
    %27 = tt.addptr %arg4, %10 : !tt.ptr<i32>, i32
    %28 = tt.load %27 : !tt.ptr<i32>
    %29 = arith.extsi %28 : i32 to i64
    %30 = arith.muli %11, %c128_i32 : i32
    %31 = tt.make_range {end = 128 : i32, start = 0 : i32} : tensor<128xi32>
    %32 = arith.extsi %31 : tensor<128xi32> to tensor<128xi64>
    %33 = arith.extsi %30 : i32 to i64
    %34 = tt.splat %33 : i64 -> tensor<128xi64>
    %35 = arith.addi %34, %32 : tensor<128xi64>
    %36 = arith.extsi %arg6 : i32 to i64
    %37 = tt.splat %36 : i64 -> tensor<128xi64>
    %38 = arith.remsi %35, %37 : tensor<128xi64>
    %39 = arith.select %26, %23, %cst_4 : tensor<64xi1>, tensor<64xi64>
    %40 = tt.expand_dims %39 {axis = 1 : i32} : tensor<64xi64> -> tensor<64x1xi64>
    %41 = arith.divsi %40, %cst_3 : tensor<64x1xi64>
    %42 = arith.extsi %arg11 : i32 to i64
    %43 = tt.splat %42 : i64 -> tensor<64x1xi64>
    %44 = arith.muli %41, %43 : tensor<64x1xi64>
    %45 = tt.expand_dims %31 {axis = 0 : i32} : tensor<128xi32> -> tensor<1x128xi32>
    %46 = arith.extsi %45 : tensor<1x128xi32> to tensor<1x128xi64>
    %47 = tt.broadcast %44 : tensor<64x1xi64> -> tensor<64x128xi64>
    %48 = tt.broadcast %46 : tensor<1x128xi64> -> tensor<64x128xi64>
    %49 = arith.addi %47, %48 : tensor<64x128xi64>
    %50 = tt.splat %arg0 : !tt.ptr<bf16> -> tensor<64x128x!tt.ptr<bf16>>
    %51 = tt.addptr %50, %49 : tensor<64x128x!tt.ptr<bf16>>, tensor<64x128xi64>
    %52 = arith.extsi %arg12 : i32 to i64
    %53 = arith.muli %29, %52 : i64
    %54 = tt.addptr %arg1, %53 : !tt.ptr<bf16>, i64
    %55 = tt.expand_dims %31 {axis = 1 : i32} : tensor<128xi32> -> tensor<128x1xi32>
    %56 = tt.expand_dims %38 {axis = 0 : i32} : tensor<128xi64> -> tensor<1x128xi64>
    %57 = arith.extsi %arg13 : i32 to i64
    %58 = tt.splat %57 : i64 -> tensor<1x128xi64>
    %59 = arith.muli %56, %58 : tensor<1x128xi64>
    %60 = arith.extsi %55 : tensor<128x1xi32> to tensor<128x1xi64>
    %61 = tt.broadcast %60 : tensor<128x1xi64> -> tensor<128x128xi64>
    %62 = tt.broadcast %59 : tensor<1x128xi64> -> tensor<128x128xi64>
    %63 = arith.addi %61, %62 : tensor<128x128xi64>
    %64 = tt.splat %54 : !tt.ptr<bf16> -> tensor<128x128x!tt.ptr<bf16>>
    %65 = tt.addptr %64, %63 : tensor<128x128x!tt.ptr<bf16>>, tensor<128x128xi64>
    %66:3 = scf.for %arg15 = %c0_i32 to %arg7 step %c128_i32 iter_args(%arg16 = %51, %arg17 = %65, %arg18 = %cst_0) -> (tensor<64x128x!tt.ptr<bf16>>, tensor<128x128x!tt.ptr<bf16>>, tensor<64x128xf32>)  : i32 {
      %85 = tt.expand_dims %26 {axis = 1 : i32} : tensor<64xi1> -> tensor<64x1xi1>
      %86 = tt.broadcast %85 : tensor<64x1xi1> -> tensor<64x128xi1>
      %87 = tt.load %arg16, %86, %cst : tensor<64x128x!tt.ptr<bf16>>
      %88 = tt.load %arg17 : tensor<128x128x!tt.ptr<bf16>>
      %89 = tt.dot %87, %88, %arg18, inputPrecision = tf32 : tensor<64x128xbf16> * tensor<128x128xbf16> -> tensor<64x128xf32>
      %90 = tt.addptr %arg16, %cst_2 : tensor<64x128x!tt.ptr<bf16>>, tensor<64x128xi32>
      %91 = tt.addptr %arg17, %cst_1 : tensor<128x128x!tt.ptr<bf16>>, tensor<128x128xi32>
      scf.yield %90, %91, %89 : tensor<64x128x!tt.ptr<bf16>>, tensor<128x128x!tt.ptr<bf16>>, tensor<64x128xf32>
    }
    %67 = arith.truncf %66#2 : tensor<64x128xf32> to tensor<64x128xbf16>
    %68 = tt.splat %30 : i32 -> tensor<128xi32>
    %69 = arith.addi %68, %31 : tensor<128xi32>
    %70 = arith.extsi %arg14 : i32 to i64
    %71 = tt.splat %70 : i64 -> tensor<64x1xi64>
    %72 = arith.muli %71, %40 : tensor<64x1xi64>
    %73 = tt.splat %arg2 : !tt.ptr<bf16> -> tensor<64x1x!tt.ptr<bf16>>
    %74 = tt.addptr %73, %72 : tensor<64x1x!tt.ptr<bf16>>, tensor<64x1xi64>
    %75 = tt.expand_dims %69 {axis = 0 : i32} : tensor<128xi32> -> tensor<1x128xi32>
    %76 = tt.broadcast %74 : tensor<64x1x!tt.ptr<bf16>> -> tensor<64x128x!tt.ptr<bf16>>
    %77 = tt.broadcast %75 : tensor<1x128xi32> -> tensor<64x128xi32>
    %78 = tt.addptr %76, %77 : tensor<64x128x!tt.ptr<bf16>>, tensor<64x128xi32>
    %79 = tt.expand_dims %26 {axis = 1 : i32} : tensor<64xi1> -> tensor<64x1xi1>
    %80 = tt.splat %arg6 : i32 -> tensor<1x128xi32>
    %81 = arith.cmpi slt, %75, %80 : tensor<1x128xi32>
    %82 = tt.broadcast %79 : tensor<64x1xi1> -> tensor<64x128xi1>
    %83 = tt.broadcast %81 : tensor<1x128xi1> -> tensor<64x128xi1>
    %84 = arith.andi %82, %83 : tensor<64x128xi1>
    tt.store %78, %67, %84 : tensor<64x128x!tt.ptr<bf16>>
    tt.return
  }
}

{-#
  external_resources: {
    mlir_reproducer: {
      pipeline: "builtin.module(convert-triton-to-tritongpu{enable-source-remat=false num-ctas=1 num-warps=1 target=cuda:90 threads-per-warp=32}, tritongpu-coalesce, tritongpu-F32DotTC{emu-tf32=true}, triton-nvidia-gpu-plan-cta, tritongpu-remove-layout-conversions, tritongpu-optimize-thread-locality, tritongpu-accelerate-matmul, tritongpu-remove-layout-conversions, tritongpu-optimize-dot-operands{hoist-layout-conversion=true}, triton-nvidia-optimize-descriptor-encoding, triton-loop-aware-cse, tritongpu-fuse-nested-loops, canonicalize{  max-iterations=10 max-num-rewrites=-1 region-simplify=normal test-convergence=false top-down=true}, triton-licm, canonicalize{  max-iterations=10 max-num-rewrites=-1 region-simplify=normal test-convergence=false top-down=true}, tritongpu-combine-tensor-select-and-if, nvgpu-warp-specialization{dump-intermediate-steps=false num-stages=3}, tritongpu-assign-latencies{num-stages=3}, tritongpu-schedule-loops, tritongpu-pipeline{dump-intermediate-steps=false num-stages=3}, canonicalize{  max-iterations=10 max-num-rewrites=-1 region-simplify=normal test-convergence=false top-down=true}, triton-loop-aware-cse, tritongpu-prefetch, tritongpu-optimize-dot-operands{hoist-layout-conversion=true}, tritongpu-coalesce-async-copy, triton-nvidia-optimize-tmem-layouts, triton-nvidia-tma-lowering, tritongpu-remove-layout-conversions, triton-nvidia-interleave-tmem, tritongpu-reduce-data-duplication, tritongpu-reorder-instructions, triton-loop-aware-cse, symbol-dce, triton-nvidia-gpu-fence-insertion{compute-capability=90}, triton-nvidia-mma-lowering, sccp, cse, canonicalize{  max-iterations=10 max-num-rewrites=-1 region-simplify=normal test-convergence=false top-down=true})",
      disable_threading: true,
      verify_each: true
    }
  }
#-}
/home/guancheng/zsh/fusion/glm52_h200/kernels/moe_gateup.py:506:0: error: Failures have been detected while processing an MLIR pass pipeline
/home/guancheng/zsh/fusion/glm52_h200/kernels/moe_gateup.py:506:0: note: Pipeline failed while executing [`TritonGPURemoveLayoutConversions` on 'builtin.module' operation]: reproducer generated at `std::errs, please share the reproducer above with Triton project.`
/home/guancheng/zsh/fusion/glm52_h200/kernels/moe_gateup.py:641:24: error: operand #0 does not dominate this use
    c_mask = token_mask[:, None] & (offs_cn[None, :] < N)
                       ^
/home/guancheng/zsh/fusion/glm52_h200/kernels/moe_gateup.py:475:44: note: operand defined here (op in a child region)
        a = tl.load(a_ptrs, mask=token_mask[:, None], other=0.0)
                                           ^
module {
  tt.func public @moe_gateup_kernel(%arg0: !tt.ptr<bf16> {tt.divisibility = 16 : i32}, %arg1: !tt.ptr<bf16> {tt.divisibility = 16 : i32}, %arg2: !tt.ptr<bf16> {tt.divisibility = 16 : i32}, %arg3: !tt.ptr<i32> {tt.divisibility = 16 : i32}, %arg4: !tt.ptr<i32> {tt.divisibility = 16 : i32}, %arg5: !tt.ptr<i32> {tt.divisibility = 16 : i32}, %arg6: i32 {tt.divisibility = 16 : i32}, %arg7: i32 {tt.divisibility = 16 : i32}, %arg8: i32 {tt.divisibility = 16 : i32}, %arg9: i32 {tt.divisibility = 16 : i32}, %arg10: i32 {tt.divisibility = 16 : i32}, %arg11: i32 {tt.divisibility = 16 : i32}, %arg12: i32 {tt.divisibility = 16 : i32}, %arg13: i32 {tt.divisibility = 16 : i32}, %arg14: i32 {tt.divisibility = 16 : i32}) attributes {noinline = false} {
    %cst = arith.constant dense<0.000000e+00> : tensor<64x128xbf16>
    %cst_0 = arith.constant dense<0.000000e+00> : tensor<64x128xf32>
    %c127_i32 = arith.constant 127 : i32
    %c63_i32 = arith.constant 63 : i32
    %c0_i32 = arith.constant 0 : i32
    %cst_1 = arith.constant dense<128> : tensor<128x128xi32>
    %cst_2 = arith.constant dense<128> : tensor<64x128xi32>
    %cst_3 = arith.constant dense<8> : tensor<64x1xi64>
    %cst_4 = arith.constant dense<0> : tensor<64xi64>
    %c128_i32 = arith.constant 128 : i32
    %c64_i32 = arith.constant 64 : i32
    %c1_i32 = arith.constant 1 : i32
    %0 = tt.get_program_id x : i32
    %1 = arith.addi %arg8, %c63_i32 : i32
    %2 = arith.divsi %1, %c64_i32 : i32
    %3 = arith.addi %arg6, %c127_i32 : i32
    %4 = arith.divsi %3, %c128_i32 : i32
    %5 = arith.divsi %0, %4 : i32
    %6 = arith.subi %2, %5 : i32
    %7 = arith.minsi %6, %c1_i32 : i32
    %8 = arith.remsi %0, %4 : i32
    %9 = arith.remsi %8, %7 : i32
    %10 = arith.addi %5, %9 : i32
    %11 = arith.divsi %8, %7 : i32
    %12 = tt.load %arg5 : !tt.ptr<i32>
    %13 = arith.muli %10, %c64_i32 : i32
    %14 = arith.cmpi sge, %13, %12 : i32
    cf.cond_br %14, ^bb1, ^bb2
  ^bb1:  // pred: ^bb0
    tt.return
  ^bb2:  // pred: ^bb0
    %15 = tt.make_range {end = 64 : i32, start = 0 : i32} : tensor<64xi32>
    %16 = arith.extsi %15 : tensor<64xi32> to tensor<64xi64>
    %17 = arith.extsi %13 : i32 to i64
    %18 = tt.splat %17 : i64 -> tensor<64xi64>
    %19 = arith.addi %18, %16 : tensor<64xi64>
    %20 = tt.splat %arg3 : !tt.ptr<i32> -> tensor<64x!tt.ptr<i32>>
    %21 = tt.addptr %20, %19 : tensor<64x!tt.ptr<i32>>, tensor<64xi64>
    %22 = tt.load %21 : tensor<64x!tt.ptr<i32>>
    %23 = arith.extsi %22 : tensor<64xi32> to tensor<64xi64>
    %24 = arith.extsi %arg9 : i32 to i64
    %25 = tt.splat %24 : i64 -> tensor<64xi64>
    %26 = arith.cmpi slt, %23, %25 : tensor<64xi64>
    %27 = tt.addptr %arg4, %10 : !tt.ptr<i32>, i32
    %28 = tt.load %27 : !tt.ptr<i32>
    %29 = arith.extsi %28 : i32 to i64
    %30 = arith.muli %11, %c128_i32 : i32
    %31 = tt.make_range {end = 128 : i32, start = 0 : i32} : tensor<128xi32>
    %32 = arith.extsi %31 : tensor<128xi32> to tensor<128xi64>
    %33 = arith.extsi %30 : i32 to i64
    %34 = tt.splat %33 : i64 -> tensor<128xi64>
    %35 = arith.addi %34, %32 : tensor<128xi64>
    %36 = arith.extsi %arg6 : i32 to i64
    %37 = tt.splat %36 : i64 -> tensor<128xi64>
    %38 = arith.remsi %35, %37 : tensor<128xi64>
    %39 = arith.select %26, %23, %cst_4 : tensor<64xi1>, tensor<64xi64>
    %40 = tt.expand_dims %39 {axis = 1 : i32} : tensor<64xi64> -> tensor<64x1xi64>
    %41 = arith.divsi %40, %cst_3 : tensor<64x1xi64>
    %42 = arith.extsi %arg11 : i32 to i64
    %43 = tt.splat %42 : i64 -> tensor<64x1xi64>
    %44 = arith.muli %41, %43 : tensor<64x1xi64>
    %45 = tt.expand_dims %31 {axis = 0 : i32} : tensor<128xi32> -> tensor<1x128xi32>
    %46 = arith.extsi %45 : tensor<1x128xi32> to tensor<1x128xi64>
    %47 = tt.broadcast %44 : tensor<64x1xi64> -> tensor<64x128xi64>
    %48 = tt.broadcast %46 : tensor<1x128xi64> -> tensor<64x128xi64>
    %49 = arith.addi %47, %48 : tensor<64x128xi64>
    %50 = tt.splat %arg0 : !tt.ptr<bf16> -> tensor<64x128x!tt.ptr<bf16>>
    %51 = tt.addptr %50, %49 : tensor<64x128x!tt.ptr<bf16>>, tensor<64x128xi64>
    %52 = arith.extsi %arg12 : i32 to i64
    %53 = arith.muli %29, %52 : i64
    %54 = tt.addptr %arg1, %53 : !tt.ptr<bf16>, i64
    %55 = tt.expand_dims %31 {axis = 1 : i32} : tensor<128xi32> -> tensor<128x1xi32>
    %56 = tt.expand_dims %38 {axis = 0 : i32} : tensor<128xi64> -> tensor<1x128xi64>
    %57 = arith.extsi %arg13 : i32 to i64
    %58 = tt.splat %57 : i64 -> tensor<1x128xi64>
    %59 = arith.muli %56, %58 : tensor<1x128xi64>
    %60 = arith.extsi %55 : tensor<128x1xi32> to tensor<128x1xi64>
    %61 = tt.broadcast %60 : tensor<128x1xi64> -> tensor<128x128xi64>
    %62 = tt.broadcast %59 : tensor<1x128xi64> -> tensor<128x128xi64>
    %63 = arith.addi %61, %62 : tensor<128x128xi64>
    %64 = tt.splat %54 : !tt.ptr<bf16> -> tensor<128x128x!tt.ptr<bf16>>
    %65 = tt.addptr %64, %63 : tensor<128x128x!tt.ptr<bf16>>, tensor<128x128xi64>
    %66:3 = scf.for %arg15 = %c0_i32 to %arg7 step %c128_i32 iter_args(%arg16 = %51, %arg17 = %65, %arg18 = %cst_0) -> (tensor<64x128x!tt.ptr<bf16>>, tensor<128x128x!tt.ptr<bf16>>, tensor<64x128xf32>)  : i32 {
      %85 = tt.expand_dims %26 {axis = 1 : i32} : tensor<64xi1> -> tensor<64x1xi1>
      %86 = tt.broadcast %85 : tensor<64x1xi1> -> tensor<64x128xi1>
      %87 = tt.load %arg16, %86, %cst : tensor<64x128x!tt.ptr<bf16>>
      %88 = tt.load %arg17 : tensor<128x128x!tt.ptr<bf16>>
      %89 = tt.dot %87, %88, %arg18, inputPrecision = tf32 : tensor<64x128xbf16> * tensor<128x128xbf16> -> tensor<64x128xf32>
      %90 = tt.addptr %arg16, %cst_2 : tensor<64x128x!tt.ptr<bf16>>, tensor<64x128xi32>
      %91 = tt.addptr %arg17, %cst_1 : tensor<128x128x!tt.ptr<bf16>>, tensor<128x128xi32>
      scf.yield %90, %91, %89 : tensor<64x128x!tt.ptr<bf16>>, tensor<128x128x!tt.ptr<bf16>>, tensor<64x128xf32>
    }
    %67 = arith.truncf %66#2 : tensor<64x128xf32> to tensor<64x128xbf16>
    %68 = tt.splat %30 : i32 -> tensor<128xi32>
    %69 = arith.addi %68, %31 : tensor<128xi32>
    %70 = arith.extsi %arg14 : i32 to i64
    %71 = tt.splat %70 : i64 -> tensor<64x1xi64>
    %72 = arith.muli %71, %40 : tensor<64x1xi64>
    %73 = tt.splat %arg2 : !tt.ptr<bf16> -> tensor<64x1x!tt.ptr<bf16>>
    %74 = tt.addptr %73, %72 : tensor<64x1x!tt.ptr<bf16>>, tensor<64x1xi64>
    %75 = tt.expand_dims %69 {axis = 0 : i32} : tensor<128xi32> -> tensor<1x128xi32>
    %76 = tt.broadcast %74 : tensor<64x1x!tt.ptr<bf16>> -> tensor<64x128x!tt.ptr<bf16>>
    %77 = tt.broadcast %75 : tensor<1x128xi32> -> tensor<64x128xi32>
    %78 = tt.addptr %76, %77 : tensor<64x128x!tt.ptr<bf16>>, tensor<64x128xi32>
    %79 = tt.expand_dims %26 {axis = 1 : i32} : tensor<64xi1> -> tensor<64x1xi1>
    %80 = tt.splat %arg6 : i32 -> tensor<1x128xi32>
    %81 = arith.cmpi slt, %75, %80 : tensor<1x128xi32>
    %82 = tt.broadcast %79 : tensor<64x1xi1> -> tensor<64x128xi1>
    %83 = tt.broadcast %81 : tensor<1x128xi1> -> tensor<64x128xi1>
    %84 = arith.andi %82, %83 : tensor<64x128xi1>
    tt.store %78, %67, %84 : tensor<64x128x!tt.ptr<bf16>>
    tt.return
  }
}

{-#
  external_resources: {
    mlir_reproducer: {
      pipeline: "builtin.module(convert-triton-to-tritongpu{enable-source-remat=false num-ctas=1 num-warps=1 target=cuda:90 threads-per-warp=32}, tritongpu-coalesce, tritongpu-F32DotTC{emu-tf32=true}, triton-nvidia-gpu-plan-cta, tritongpu-remove-layout-conversions, tritongpu-optimize-thread-locality, tritongpu-accelerate-matmul, tritongpu-remove-layout-conversions, tritongpu-optimize-dot-operands{hoist-layout-conversion=true}, triton-nvidia-optimize-descriptor-encoding, triton-loop-aware-cse, tritongpu-fuse-nested-loops, canonicalize{  max-iterations=10 max-num-rewrites=-1 region-simplify=normal test-convergence=false top-down=true}, triton-licm, canonicalize{  max-iterations=10 max-num-rewrites=-1 region-simplify=normal test-convergence=false top-down=true}, tritongpu-combine-tensor-select-and-if, nvgpu-warp-specialization{dump-intermediate-steps=false num-stages=4}, tritongpu-assign-latencies{num-stages=4}, tritongpu-schedule-loops, tritongpu-pipeline{dump-intermediate-steps=false num-stages=4}, canonicalize{  max-iterations=10 max-num-rewrites=-1 region-simplify=normal test-convergence=false top-down=true}, triton-loop-aware-cse, tritongpu-prefetch, tritongpu-optimize-dot-operands{hoist-layout-conversion=true}, tritongpu-coalesce-async-copy, triton-nvidia-optimize-tmem-layouts, triton-nvidia-tma-lowering, tritongpu-remove-layout-conversions, triton-nvidia-interleave-tmem, tritongpu-reduce-data-duplication, tritongpu-reorder-instructions, triton-loop-aware-cse, symbol-dce, triton-nvidia-gpu-fence-insertion{compute-capability=90}, triton-nvidia-mma-lowering, sccp, cse, canonicalize{  max-iterations=10 max-num-rewrites=-1 region-simplify=normal test-convergence=false top-down=true})",
      disable_threading: true,
      verify_each: true
    }
  }
#-}
/home/guancheng/zsh/fusion/glm52_h200/kernels/moe_gateup.py:506:0: error: Failures have been detected while processing an MLIR pass pipeline
/home/guancheng/zsh/fusion/glm52_h200/kernels/moe_gateup.py:506:0: note: Pipeline failed while executing [`TritonGPURemoveLayoutConversions` on 'builtin.module' operation]: reproducer generated at `std::errs, please share the reproducer above with Triton project.`
  [cfgs] w13 gemm              2.9310 ms  (37 cfgs tried)  {'BLOCK_M': 64, 'BLOCK_N': 128, 'BLOCK_K': 128, 'GROUP_M': 1, 'num_warps': 8, 'num_stages': 4}
  [cfgs] w13+swiglu         tile sweep    3.0790 ms (46 cfgs, 5 fail)
/home/guancheng/zsh/fusion/glm52_h200/kernels/moe_gateup.py:641:24: error: operand #0 does not dominate this use
    c_mask = token_mask[:, None] & (offs_cn[None, :] < N)
                       ^
/home/guancheng/zsh/fusion/glm52_h200/kernels/moe_gateup.py:475:44: note: operand defined here (op in a child region)
        a = tl.load(a_ptrs, mask=token_mask[:, None], other=0.0)
                                           ^
module {
  tt.func public @moe_gateup_kernel(%arg0: !tt.ptr<bf16> {tt.divisibility = 16 : i32}, %arg1: !tt.ptr<bf16> {tt.divisibility = 16 : i32}, %arg2: !tt.ptr<bf16> {tt.divisibility = 16 : i32}, %arg3: !tt.ptr<i32> {tt.divisibility = 16 : i32}, %arg4: !tt.ptr<i32> {tt.divisibility = 16 : i32}, %arg5: !tt.ptr<i32> {tt.divisibility = 16 : i32}, %arg6: i32 {tt.divisibility = 16 : i32}, %arg7: i32 {tt.divisibility = 16 : i32}, %arg8: i32 {tt.divisibility = 16 : i32}, %arg9: i32 {tt.divisibility = 16 : i32}, %arg10: i32 {tt.divisibility = 16 : i32}, %arg11: i32 {tt.divisibility = 16 : i32}, %arg12: i32 {tt.divisibility = 16 : i32}, %arg13: i32 {tt.divisibility = 16 : i32}, %arg14: i32 {tt.divisibility = 16 : i32}) attributes {noinline = false} {
    %cst = arith.constant dense<1.000000e+00> : tensor<64x64xf32>
    %c2048_i32 = arith.constant 2048 : i32
    %cst_0 = arith.constant dense<0.000000e+00> : tensor<64x64xbf16>
    %cst_1 = arith.constant dense<0.000000e+00> : tensor<64x64xf32>
    %c63_i32 = arith.constant 63 : i32
    %c0_i32 = arith.constant 0 : i32
    %cst_2 = arith.constant dense<64> : tensor<64x64xi32>
    %cst_3 = arith.constant dense<8> : tensor<64x1xi64>
    %cst_4 = arith.constant dense<0> : tensor<64xi64>
    %c64_i32 = arith.constant 64 : i32
    %c1_i32 = arith.constant 1 : i32
    %0 = tt.get_program_id x : i32
    %1 = arith.addi %arg8, %c63_i32 : i32
    %2 = arith.divsi %1, %c64_i32 : i32
    %3 = arith.addi %arg6, %c63_i32 : i32
    %4 = arith.divsi %3, %c64_i32 : i32
    %5 = arith.divsi %0, %4 : i32
    %6 = arith.subi %2, %5 : i32
    %7 = arith.minsi %6, %c1_i32 : i32
    %8 = arith.remsi %0, %4 : i32
    %9 = arith.remsi %8, %7 : i32
    %10 = arith.addi %5, %9 : i32
    %11 = arith.divsi %8, %7 : i32
    %12 = tt.load %arg5 : !tt.ptr<i32>
    %13 = arith.muli %10, %c64_i32 : i32
    %14 = arith.cmpi sge, %13, %12 : i32
    cf.cond_br %14, ^bb1, ^bb2
  ^bb1:  // pred: ^bb0
    tt.return
  ^bb2:  // pred: ^bb0
    %15 = tt.make_range {end = 64 : i32, start = 0 : i32} : tensor<64xi32>
    %16 = arith.extsi %15 : tensor<64xi32> to tensor<64xi64>
    %17 = arith.extsi %13 : i32 to i64
    %18 = tt.splat %17 : i64 -> tensor<64xi64>
    %19 = arith.addi %18, %16 : tensor<64xi64>
    %20 = tt.splat %arg3 : !tt.ptr<i32> -> tensor<64x!tt.ptr<i32>>
    %21 = tt.addptr %20, %19 : tensor<64x!tt.ptr<i32>>, tensor<64xi64>
    %22 = tt.load %21 : tensor<64x!tt.ptr<i32>>
    %23 = arith.extsi %22 : tensor<64xi32> to tensor<64xi64>
    %24 = arith.extsi %arg9 : i32 to i64
    %25 = tt.splat %24 : i64 -> tensor<64xi64>
    %26 = arith.cmpi slt, %23, %25 : tensor<64xi64>
    %27 = tt.addptr %arg4, %10 : !tt.ptr<i32>, i32
    %28 = tt.load %27 : !tt.ptr<i32>
    %29 = arith.extsi %28 : i32 to i64
    %30 = arith.muli %11, %c64_i32 : i32
    %31 = arith.extsi %30 : i32 to i64
    %32 = tt.splat %31 : i64 -> tensor<64xi64>
    %33 = arith.addi %32, %16 : tensor<64xi64>
    %34 = arith.extsi %arg6 : i32 to i64
    %35 = tt.splat %34 : i64 -> tensor<64xi64>
    %36 = arith.remsi %33, %35 : tensor<64xi64>
    %37 = arith.select %26, %23, %cst_4 : tensor<64xi1>, tensor<64xi64>
    %38 = tt.expand_dims %37 {axis = 1 : i32} : tensor<64xi64> -> tensor<64x1xi64>
    %39 = arith.divsi %38, %cst_3 : tensor<64x1xi64>
    %40 = arith.extsi %arg11 : i32 to i64
    %41 = tt.splat %40 : i64 -> tensor<64x1xi64>
    %42 = arith.muli %39, %41 : tensor<64x1xi64>
    %43 = tt.expand_dims %15 {axis = 0 : i32} : tensor<64xi32> -> tensor<1x64xi32>
    %44 = arith.extsi %43 : tensor<1x64xi32> to tensor<1x64xi64>
    %45 = tt.broadcast %42 : tensor<64x1xi64> -> tensor<64x64xi64>
    %46 = tt.broadcast %44 : tensor<1x64xi64> -> tensor<64x64xi64>
    %47 = arith.addi %45, %46 : tensor<64x64xi64>
    %48 = tt.splat %arg0 : !tt.ptr<bf16> -> tensor<64x64x!tt.ptr<bf16>>
    %49 = tt.addptr %48, %47 : tensor<64x64x!tt.ptr<bf16>>, tensor<64x64xi64>
    %50 = arith.extsi %arg12 : i32 to i64
    %51 = arith.muli %29, %50 : i64
    %52 = tt.addptr %arg1, %51 : !tt.ptr<bf16>, i64
    %53 = tt.expand_dims %15 {axis = 1 : i32} : tensor<64xi32> -> tensor<64x1xi32>
    %54 = tt.expand_dims %36 {axis = 0 : i32} : tensor<64xi64> -> tensor<1x64xi64>
    %55 = arith.extsi %arg13 : i32 to i64
    %56 = tt.splat %55 : i64 -> tensor<1x64xi64>
    %57 = arith.muli %54, %56 : tensor<1x64xi64>
    %58 = arith.extsi %53 : tensor<64x1xi32> to tensor<64x1xi64>
    %59 = tt.broadcast %58 : tensor<64x1xi64> -> tensor<64x64xi64>
    %60 = tt.broadcast %57 : tensor<1x64xi64> -> tensor<64x64xi64>
    %61 = arith.addi %59, %60 : tensor<64x64xi64>
    %62 = tt.splat %52 : !tt.ptr<bf16> -> tensor<64x64x!tt.ptr<bf16>>
    %63 = tt.addptr %62, %61 : tensor<64x64x!tt.ptr<bf16>>, tensor<64x64xi64>
    %64:4 = scf.for %arg15 = %c0_i32 to %arg7 step %c64_i32 iter_args(%arg16 = %49, %arg17 = %63, %arg18 = %cst_1, %arg19 = %cst_1) -> (tensor<64x64x!tt.ptr<bf16>>, tensor<64x64x!tt.ptr<bf16>>, tensor<64x64xf32>, tensor<64x64xf32>)  : i32 {
      %89 = tt.expand_dims %26 {axis = 1 : i32} : tensor<64xi1> -> tensor<64x1xi1>
      %90 = tt.broadcast %89 : tensor<64x1xi1> -> tensor<64x64xi1>
      %91 = tt.load %arg16, %90, %cst_0 : tensor<64x64x!tt.ptr<bf16>>
      %92 = tt.load %arg17 : tensor<64x64x!tt.ptr<bf16>>
      %93 = tt.dot %91, %92, %arg18, inputPrecision = tf32 : tensor<64x64xbf16> * tensor<64x64xbf16> -> tensor<64x64xf32>
      %94 = arith.muli %arg13, %c2048_i32 : i32
      %95 = tt.splat %94 : i32 -> tensor<64x64xi32>
      %96 = tt.addptr %arg17, %95 : tensor<64x64x!tt.ptr<bf16>>, tensor<64x64xi32>
      %97 = tt.load %96 : tensor<64x64x!tt.ptr<bf16>>
      %98 = tt.dot %91, %97, %arg19, inputPrecision = tf32 : tensor<64x64xbf16> * tensor<64x64xbf16> -> tensor<64x64xf32>
      %99 = tt.addptr %arg16, %cst_2 : tensor<64x64x!tt.ptr<bf16>>, tensor<64x64xi32>
      %100 = tt.addptr %arg17, %cst_2 : tensor<64x64x!tt.ptr<bf16>>, tensor<64x64xi32>
      scf.yield %99, %100, %93, %98 : tensor<64x64x!tt.ptr<bf16>>, tensor<64x64x!tt.ptr<bf16>>, tensor<64x64xf32>, tensor<64x64xf32>
    }
    %65 = arith.subf %cst_1, %64#2 : tensor<64x64xf32>
    %66 = math.exp %65 : tensor<64x64xf32>
    %67 = arith.addf %66, %cst : tensor<64x64xf32>
    %68 = arith.divf %cst, %67 : tensor<64x64xf32>
    %69 = arith.mulf %64#2, %68 : tensor<64x64xf32>
    %70 = arith.mulf %69, %64#3 : tensor<64x64xf32>
    %71 = arith.truncf %70 : tensor<64x64xf32> to tensor<64x64xbf16>
    %72 = tt.splat %30 : i32 -> tensor<64xi32>
    %73 = arith.addi %72, %15 : tensor<64xi32>
    %74 = arith.extsi %arg14 : i32 to i64
    %75 = tt.splat %74 : i64 -> tensor<64x1xi64>
    %76 = arith.muli %75, %38 : tensor<64x1xi64>
    %77 = tt.splat %arg2 : !tt.ptr<bf16> -> tensor<64x1x!tt.ptr<bf16>>
    %78 = tt.addptr %77, %76 : tensor<64x1x!tt.ptr<bf16>>, tensor<64x1xi64>
    %79 = tt.expand_dims %73 {axis = 0 : i32} : tensor<64xi32> -> tensor<1x64xi32>
    %80 = tt.broadcast %78 : tensor<64x1x!tt.ptr<bf16>> -> tensor<64x64x!tt.ptr<bf16>>
    %81 = tt.broadcast %79 : tensor<1x64xi32> -> tensor<64x64xi32>
    %82 = tt.addptr %80, %81 : tensor<64x64x!tt.ptr<bf16>>, tensor<64x64xi32>
    %83 = tt.expand_dims %26 {axis = 1 : i32} : tensor<64xi1> -> tensor<64x1xi1>
    %84 = tt.splat %arg6 : i32 -> tensor<1x64xi32>
    %85 = arith.cmpi slt, %79, %84 : tensor<1x64xi32>
    %86 = tt.broadcast %83 : tensor<64x1xi1> -> tensor<64x64xi1>
    %87 = tt.broadcast %85 : tensor<1x64xi1> -> tensor<64x64xi1>
    %88 = arith.andi %86, %87 : tensor<64x64xi1>
    tt.store %82, %71, %88 : tensor<64x64x!tt.ptr<bf16>>
    tt.return
  }
}

{-#
  external_resources: {
    mlir_reproducer: {
      pipeline: "builtin.module(convert-triton-to-tritongpu{enable-source-remat=false num-ctas=1 num-warps=1 target=cuda:90 threads-per-warp=32}, tritongpu-coalesce, tritongpu-F32DotTC{emu-tf32=true}, triton-nvidia-gpu-plan-cta, tritongpu-remove-layout-conversions, tritongpu-optimize-thread-locality, tritongpu-accelerate-matmul, tritongpu-remove-layout-conversions, tritongpu-optimize-dot-operands{hoist-layout-conversion=true}, triton-nvidia-optimize-descriptor-encoding, triton-loop-aware-cse, tritongpu-fuse-nested-loops, canonicalize{  max-iterations=10 max-num-rewrites=-1 region-simplify=normal test-convergence=false top-down=true}, triton-licm, canonicalize{  max-iterations=10 max-num-rewrites=-1 region-simplify=normal test-convergence=false top-down=true}, tritongpu-combine-tensor-select-and-if, nvgpu-warp-specialization{dump-intermediate-steps=false num-stages=3}, tritongpu-assign-latencies{num-stages=3}, tritongpu-schedule-loops, tritongpu-pipeline{dump-intermediate-steps=false num-stages=3}, canonicalize{  max-iterations=10 max-num-rewrites=-1 region-simplify=normal test-convergence=false top-down=true}, triton-loop-aware-cse, tritongpu-prefetch, tritongpu-optimize-dot-operands{hoist-layout-conversion=true}, tritongpu-coalesce-async-copy, triton-nvidia-optimize-tmem-layouts, triton-nvidia-tma-lowering, tritongpu-remove-layout-conversions, triton-nvidia-interleave-tmem, tritongpu-reduce-data-duplication, tritongpu-reorder-instructions, triton-loop-aware-cse, symbol-dce, triton-nvidia-gpu-fence-insertion{compute-capability=90}, triton-nvidia-mma-lowering, sccp, cse, canonicalize{  max-iterations=10 max-num-rewrites=-1 region-simplify=normal test-convergence=false top-down=true})",
      disable_threading: true,
      verify_each: true
    }
  }
#-}
/home/guancheng/zsh/fusion/glm52_h200/kernels/moe_gateup.py:506:0: error: Failures have been detected while processing an MLIR pass pipeline
/home/guancheng/zsh/fusion/glm52_h200/kernels/moe_gateup.py:506:0: note: Pipeline failed while executing [`TritonGPURemoveLayoutConversions` on 'builtin.module' operation]: reproducer generated at `std::errs, please share the reproducer above with Triton project.`
  [cfgs] w13+swiglu            2.9811 ms  (35 cfgs tried)  {'BLOCK_M': 64, 'BLOCK_N': 64, 'BLOCK_K': 64, 'GROUP_M': 1, 'num_warps': 4, 'num_stages': 4}
  [cfgs] silu_and_mul          0.0305 ms  (17 cfgs tried)  {'BLOCK_M': 4, 'BLOCK_N': 1024, 'num_warps': 16, 'num_stages': 1}
  [cfgs] w2 gemm            tile sweep    1.5635 ms (47 cfgs, 1 fail)
  [cfgs] w2 gemm               1.5436 ms  (39 cfgs tried)  {'BLOCK_M': 64, 'BLOCK_N': 128, 'BLOCK_K': 64, 'GROUP_M': 1, 'num_warps': 4, 'num_stages': 3}
  [cfgs] w2+merge(atomic)   tile sweep    1.5882 ms (47 cfgs, 1 fail)
/home/guancheng/zsh/fusion/glm52_h200/kernels/moe_down_merge.py:566:50: error: operand #0 does not dominate this use
    safe_token = tl.where(token_mask, offs_token, 0)
                                                 ^
/home/guancheng/zsh/fusion/glm52_h200/kernels/moe_down_merge.py:631:36: note: operand defined here (op in the same block)
    c_mask = token_mask[:, None] & (offs_cn[None, :] < N)
                                   ^
module {
  tt.func public @moe_down_kernel(%arg0: !tt.ptr<bf16> {tt.divisibility = 16 : i32}, %arg1: !tt.ptr<bf16> {tt.divisibility = 16 : i32}, %arg2: !tt.ptr<bf16> {tt.divisibility = 16 : i32}, %arg3: !tt.ptr<f32> {tt.divisibility = 16 : i32}, %arg4: !tt.ptr<i32> {tt.divisibility = 16 : i32}, %arg5: !tt.ptr<i32> {tt.divisibility = 16 : i32}, %arg6: !tt.ptr<i32> {tt.divisibility = 16 : i32}, %arg7: i32 {tt.divisibility = 16 : i32}, %arg8: i32 {tt.divisibility = 16 : i32}, %arg9: i32, %arg10: i32, %arg11: i32 {tt.divisibility = 16 : i32}, %arg12: i32 {tt.divisibility = 16 : i32}, %arg13: i32 {tt.divisibility = 16 : i32}, %arg14: i32 {tt.divisibility = 16 : i32}, %arg15: i32 {tt.divisibility = 16 : i32}) attributes {noinline = false} {
    %cst = arith.constant dense<0.000000e+00> : tensor<64x64xbf16>
    %cst_0 = arith.constant dense<0.000000e+00> : tensor<64x128xf32>
    %c127_i32 = arith.constant 127 : i32
    %c63_i32 = arith.constant 63 : i32
    %c0_i32 = arith.constant 0 : i32
    %cst_1 = arith.constant dense<8> : tensor<64xi64>
    %cst_2 = arith.constant dense<0.000000e+00> : tensor<64xf32>
    %cst_3 = arith.constant dense<64> : tensor<64x128xi32>
    %cst_4 = arith.constant dense<64> : tensor<64x64xi32>
    %c128_i32 = arith.constant 128 : i32
    %cst_5 = arith.constant dense<0> : tensor<64xi64>
    %c64_i32 = arith.constant 64 : i32
    %c1_i32 = arith.constant 1 : i32
    %0 = tt.get_program_id x : i32
    %1 = arith.addi %arg9, %c63_i32 : i32
    %2 = arith.divsi %1, %c64_i32 : i32
    %3 = arith.addi %arg7, %c127_i32 : i32
    %4 = arith.divsi %3, %c128_i32 : i32
    %5 = arith.divsi %0, %4 : i32
    %6 = arith.subi %2, %5 : i32
    %7 = arith.minsi %6, %c1_i32 : i32
    %8 = arith.remsi %0, %4 : i32
    %9 = arith.remsi %8, %7 : i32
    %10 = arith.addi %5, %9 : i32
    %11 = arith.divsi %8, %7 : i32
    %12 = tt.load %arg6 : !tt.ptr<i32>
    %13 = arith.muli %10, %c64_i32 : i32
    %14 = arith.cmpi sge, %13, %12 : i32
    cf.cond_br %14, ^bb1, ^bb2
  ^bb1:  // pred: ^bb0
    tt.return
  ^bb2:  // pred: ^bb0
    %15 = tt.make_range {end = 64 : i32, start = 0 : i32} : tensor<64xi32>
    %16 = arith.extsi %15 : tensor<64xi32> to tensor<64xi64>
    %17 = arith.extsi %13 : i32 to i64
    %18 = tt.splat %17 : i64 -> tensor<64xi64>
    %19 = arith.addi %18, %16 : tensor<64xi64>
    %20 = tt.splat %arg4 : !tt.ptr<i32> -> tensor<64x!tt.ptr<i32>>
    %21 = tt.addptr %20, %19 : tensor<64x!tt.ptr<i32>>, tensor<64xi64>
    %22 = tt.load %21 : tensor<64x!tt.ptr<i32>>
    %23 = arith.extsi %22 : tensor<64xi32> to tensor<64xi64>
    %24 = arith.extsi %arg10 : i32 to i64
    %25 = tt.splat %24 : i64 -> tensor<64xi64>
    %26 = arith.cmpi slt, %23, %25 : tensor<64xi64>
    %27 = arith.select %26, %23, %cst_5 : tensor<64xi1>, tensor<64xi64>
    %28 = tt.addptr %arg5, %10 : !tt.ptr<i32>, i32
    %29 = tt.load %28 : !tt.ptr<i32>
    %30 = arith.extsi %29 : i32 to i64
    %31 = arith.muli %11, %c128_i32 : i32
    %32 = tt.make_range {end = 128 : i32, start = 0 : i32} : tensor<128xi32>
    %33 = arith.extsi %32 : tensor<128xi32> to tensor<128xi64>
    %34 = arith.extsi %31 : i32 to i64
    %35 = tt.splat %34 : i64 -> tensor<128xi64>
    %36 = arith.addi %35, %33 : tensor<128xi64>
    %37 = arith.extsi %arg7 : i32 to i64
    %38 = tt.splat %37 : i64 -> tensor<128xi64>
    %39 = arith.remsi %36, %38 : tensor<128xi64>
    %40 = tt.expand_dims %27 {axis = 1 : i32} : tensor<64xi64> -> tensor<64x1xi64>
    %41 = arith.extsi %arg12 : i32 to i64
    %42 = tt.splat %41 : i64 -> tensor<64x1xi64>
    %43 = arith.muli %40, %42 : tensor<64x1xi64>
    %44 = tt.expand_dims %15 {axis = 0 : i32} : tensor<64xi32> -> tensor<1x64xi32>
    %45 = arith.extsi %44 : tensor<1x64xi32> to tensor<1x64xi64>
    %46 = tt.broadcast %43 : tensor<64x1xi64> -> tensor<64x64xi64>
    %47 = tt.broadcast %45 : tensor<1x64xi64> -> tensor<64x64xi64>
    %48 = arith.addi %46, %47 : tensor<64x64xi64>
    %49 = tt.splat %arg0 : !tt.ptr<bf16> -> tensor<64x64x!tt.ptr<bf16>>
    %50 = tt.addptr %49, %48 : tensor<64x64x!tt.ptr<bf16>>, tensor<64x64xi64>
    %51 = arith.extsi %arg13 : i32 to i64
    %52 = arith.muli %30, %51 : i64
    %53 = tt.addptr %arg1, %52 : !tt.ptr<bf16>, i64
    %54 = tt.expand_dims %15 {axis = 1 : i32} : tensor<64xi32> -> tensor<64x1xi32>
    %55 = tt.expand_dims %39 {axis = 0 : i32} : tensor<128xi64> -> tensor<1x128xi64>
    %56 = arith.extsi %arg14 : i32 to i64
    %57 = tt.splat %56 : i64 -> tensor<1x128xi64>
    %58 = arith.muli %55, %57 : tensor<1x128xi64>
    %59 = arith.extsi %54 : tensor<64x1xi32> to tensor<64x1xi64>
    %60 = tt.broadcast %59 : tensor<64x1xi64> -> tensor<64x128xi64>
    %61 = tt.broadcast %58 : tensor<1x128xi64> -> tensor<64x128xi64>
    %62 = arith.addi %60, %61 : tensor<64x128xi64>
    %63 = tt.splat %53 : !tt.ptr<bf16> -> tensor<64x128x!tt.ptr<bf16>>
    %64 = tt.addptr %63, %62 : tensor<64x128x!tt.ptr<bf16>>, tensor<64x128xi64>
    %65:3 = scf.for %arg16 = %c0_i32 to %arg8 step %c64_i32 iter_args(%arg17 = %50, %arg18 = %64, %arg19 = %cst_0) -> (tensor<64x64x!tt.ptr<bf16>>, tensor<64x128x!tt.ptr<bf16>>, tensor<64x128xf32>)  : i32 {
      %93 = tt.expand_dims %26 {axis = 1 : i32} : tensor<64xi1> -> tensor<64x1xi1>
      %94 = tt.broadcast %93 : tensor<64x1xi1> -> tensor<64x64xi1>
      %95 = tt.load %arg17, %94, %cst : tensor<64x64x!tt.ptr<bf16>>
      %96 = tt.load %arg18 : tensor<64x128x!tt.ptr<bf16>>
      %97 = tt.dot %95, %96, %arg19, inputPrecision = tf32 : tensor<64x64xbf16> * tensor<64x128xbf16> -> tensor<64x128xf32>
      %98 = tt.addptr %arg17, %cst_4 : tensor<64x64x!tt.ptr<bf16>>, tensor<64x64xi32>
      %99 = tt.addptr %arg18, %cst_3 : tensor<64x128x!tt.ptr<bf16>>, tensor<64x128xi32>
      scf.yield %98, %99, %97 : tensor<64x64x!tt.ptr<bf16>>, tensor<64x128x!tt.ptr<bf16>>, tensor<64x128xf32>
    }
    %66 = tt.splat %arg3 : !tt.ptr<f32> -> tensor<64x!tt.ptr<f32>>
    %67 = tt.addptr %66, %27 : tensor<64x!tt.ptr<f32>>, tensor<64xi64>
    %68 = tt.load %67, %26, %cst_2 : tensor<64x!tt.ptr<f32>>
    %69 = tt.expand_dims %68 {axis = 1 : i32} : tensor<64xf32> -> tensor<64x1xf32>
    %70 = tt.broadcast %69 : tensor<64x1xf32> -> tensor<64x128xf32>
    %71 = arith.mulf %65#2, %70 : tensor<64x128xf32>
    %72 = arith.truncf %71 : tensor<64x128xf32> to tensor<64x128xbf16>
    %73 = tt.splat %31 : i32 -> tensor<128xi32>
    %74 = arith.addi %73, %32 : tensor<128xi32>
    %75 = tt.expand_dims %26 {axis = 1 : i32} : tensor<64xi1> -> tensor<64x1xi1>
    %76 = tt.expand_dims %74 {axis = 0 : i32} : tensor<128xi32> -> tensor<1x128xi32>
    %77 = tt.splat %arg7 : i32 -> tensor<1x128xi32>
    %78 = arith.cmpi slt, %76, %77 : tensor<1x128xi32>
    %79 = tt.broadcast %75 : tensor<64x1xi1> -> tensor<64x128xi1>
    %80 = tt.broadcast %78 : tensor<1x128xi1> -> tensor<64x128xi1>
    %81 = arith.andi %79, %80 : tensor<64x128xi1>
    %82 = arith.divsi %27, %cst_1 : tensor<64xi64>
    %83 = tt.expand_dims %82 {axis = 1 : i32} : tensor<64xi64> -> tensor<64x1xi64>
    %84 = arith.extsi %arg15 : i32 to i64
    %85 = tt.splat %84 : i64 -> tensor<64x1xi64>
    %86 = arith.muli %85, %83 : tensor<64x1xi64>
    %87 = tt.splat %arg2 : !tt.ptr<bf16> -> tensor<64x1x!tt.ptr<bf16>>
    %88 = tt.addptr %87, %86 : tensor<64x1x!tt.ptr<bf16>>, tensor<64x1xi64>
    %89 = tt.broadcast %88 : tensor<64x1x!tt.ptr<bf16>> -> tensor<64x128x!tt.ptr<bf16>>
    %90 = tt.broadcast %76 : tensor<1x128xi32> -> tensor<64x128xi32>
    %91 = tt.addptr %89, %90 : tensor<64x128x!tt.ptr<bf16>>, tensor<64x128xi32>
    %92 = tt.atomic_rmw fadd, acq_rel, gpu, %91, %72, %81 : (tensor<64x128x!tt.ptr<bf16>>, tensor<64x128xbf16>, tensor<64x128xi1>) -> tensor<64x128xbf16>
    tt.return
  }
}

{-#
  external_resources: {
    mlir_reproducer: {
      pipeline: "builtin.module(convert-triton-to-tritongpu{enable-source-remat=false num-ctas=1 num-warps=2 target=cuda:90 threads-per-warp=32}, tritongpu-coalesce, tritongpu-F32DotTC{emu-tf32=true}, triton-nvidia-gpu-plan-cta, tritongpu-remove-layout-conversions, tritongpu-optimize-thread-locality, tritongpu-accelerate-matmul, tritongpu-remove-layout-conversions, tritongpu-optimize-dot-operands{hoist-layout-conversion=true}, triton-nvidia-optimize-descriptor-encoding, triton-loop-aware-cse, tritongpu-fuse-nested-loops, canonicalize{  max-iterations=10 max-num-rewrites=-1 region-simplify=normal test-convergence=false top-down=true}, triton-licm, canonicalize{  max-iterations=10 max-num-rewrites=-1 region-simplify=normal test-convergence=false top-down=true}, tritongpu-combine-tensor-select-and-if, nvgpu-warp-specialization{dump-intermediate-steps=false num-stages=3}, tritongpu-assign-latencies{num-stages=3}, tritongpu-schedule-loops, tritongpu-pipeline{dump-intermediate-steps=false num-stages=3}, canonicalize{  max-iterations=10 max-num-rewrites=-1 region-simplify=normal test-convergence=false top-down=true}, triton-loop-aware-cse, tritongpu-prefetch, tritongpu-optimize-dot-operands{hoist-layout-conversion=true}, tritongpu-coalesce-async-copy, triton-nvidia-optimize-tmem-layouts, triton-nvidia-tma-lowering, tritongpu-remove-layout-conversions, triton-nvidia-interleave-tmem, tritongpu-reduce-data-duplication, tritongpu-reorder-instructions, triton-loop-aware-cse, symbol-dce, triton-nvidia-gpu-fence-insertion{compute-capability=90}, triton-nvidia-mma-lowering, sccp, cse, canonicalize{  max-iterations=10 max-num-rewrites=-1 region-simplify=normal test-convergence=false top-down=true})",
      disable_threading: true,
      verify_each: true
    }
  }
#-}
/home/guancheng/zsh/fusion/glm52_h200/kernels/moe_down_merge.py:506:0: error: Failures have been detected while processing an MLIR pass pipeline
/home/guancheng/zsh/fusion/glm52_h200/kernels/moe_down_merge.py:506:0: note: Pipeline failed while executing [`TritonGPURemoveLayoutConversions` on 'builtin.module' operation]: reproducer generated at `std::errs, please share the reproducer above with Triton project.`
/home/guancheng/zsh/fusion/glm52_h200/kernels/moe_down_merge.py:566:50: error: operand #0 does not dominate this use
    safe_token = tl.where(token_mask, offs_token, 0)
                                                 ^
/home/guancheng/zsh/fusion/glm52_h200/kernels/moe_down_merge.py:631:36: note: operand defined here (op in the same block)
    c_mask = token_mask[:, None] & (offs_cn[None, :] < N)
                                   ^
module {
  tt.func public @moe_down_kernel(%arg0: !tt.ptr<bf16> {tt.divisibility = 16 : i32}, %arg1: !tt.ptr<bf16> {tt.divisibility = 16 : i32}, %arg2: !tt.ptr<bf16> {tt.divisibility = 16 : i32}, %arg3: !tt.ptr<f32> {tt.divisibility = 16 : i32}, %arg4: !tt.ptr<i32> {tt.divisibility = 16 : i32}, %arg5: !tt.ptr<i32> {tt.divisibility = 16 : i32}, %arg6: !tt.ptr<i32> {tt.divisibility = 16 : i32}, %arg7: i32 {tt.divisibility = 16 : i32}, %arg8: i32 {tt.divisibility = 16 : i32}, %arg9: i32, %arg10: i32, %arg11: i32 {tt.divisibility = 16 : i32}, %arg12: i32 {tt.divisibility = 16 : i32}, %arg13: i32 {tt.divisibility = 16 : i32}, %arg14: i32 {tt.divisibility = 16 : i32}, %arg15: i32 {tt.divisibility = 16 : i32}) attributes {noinline = false} {
    %cst = arith.constant dense<0.000000e+00> : tensor<64x64xbf16>
    %cst_0 = arith.constant dense<0.000000e+00> : tensor<64x128xf32>
    %c127_i32 = arith.constant 127 : i32
    %c63_i32 = arith.constant 63 : i32
    %c0_i32 = arith.constant 0 : i32
    %cst_1 = arith.constant dense<8> : tensor<64xi64>
    %cst_2 = arith.constant dense<0.000000e+00> : tensor<64xf32>
    %cst_3 = arith.constant dense<64> : tensor<64x128xi32>
    %cst_4 = arith.constant dense<64> : tensor<64x64xi32>
    %c128_i32 = arith.constant 128 : i32
    %cst_5 = arith.constant dense<0> : tensor<64xi64>
    %c64_i32 = arith.constant 64 : i32
    %c1_i32 = arith.constant 1 : i32
    %0 = tt.get_program_id x : i32
    %1 = arith.addi %arg9, %c63_i32 : i32
    %2 = arith.divsi %1, %c64_i32 : i32
    %3 = arith.addi %arg7, %c127_i32 : i32
    %4 = arith.divsi %3, %c128_i32 : i32
    %5 = arith.divsi %0, %4 : i32
    %6 = arith.subi %2, %5 : i32
    %7 = arith.minsi %6, %c1_i32 : i32
    %8 = arith.remsi %0, %4 : i32
    %9 = arith.remsi %8, %7 : i32
    %10 = arith.addi %5, %9 : i32
    %11 = arith.divsi %8, %7 : i32
    %12 = tt.load %arg6 : !tt.ptr<i32>
    %13 = arith.muli %10, %c64_i32 : i32
    %14 = arith.cmpi sge, %13, %12 : i32
    cf.cond_br %14, ^bb1, ^bb2
  ^bb1:  // pred: ^bb0
    tt.return
  ^bb2:  // pred: ^bb0
    %15 = tt.make_range {end = 64 : i32, start = 0 : i32} : tensor<64xi32>
    %16 = arith.extsi %15 : tensor<64xi32> to tensor<64xi64>
    %17 = arith.extsi %13 : i32 to i64
    %18 = tt.splat %17 : i64 -> tensor<64xi64>
    %19 = arith.addi %18, %16 : tensor<64xi64>
    %20 = tt.splat %arg4 : !tt.ptr<i32> -> tensor<64x!tt.ptr<i32>>
    %21 = tt.addptr %20, %19 : tensor<64x!tt.ptr<i32>>, tensor<64xi64>
    %22 = tt.load %21 : tensor<64x!tt.ptr<i32>>
    %23 = arith.extsi %22 : tensor<64xi32> to tensor<64xi64>
    %24 = arith.extsi %arg10 : i32 to i64
    %25 = tt.splat %24 : i64 -> tensor<64xi64>
    %26 = arith.cmpi slt, %23, %25 : tensor<64xi64>
    %27 = arith.select %26, %23, %cst_5 : tensor<64xi1>, tensor<64xi64>
    %28 = tt.addptr %arg5, %10 : !tt.ptr<i32>, i32
    %29 = tt.load %28 : !tt.ptr<i32>
    %30 = arith.extsi %29 : i32 to i64
    %31 = arith.muli %11, %c128_i32 : i32
    %32 = tt.make_range {end = 128 : i32, start = 0 : i32} : tensor<128xi32>
    %33 = arith.extsi %32 : tensor<128xi32> to tensor<128xi64>
    %34 = arith.extsi %31 : i32 to i64
    %35 = tt.splat %34 : i64 -> tensor<128xi64>
    %36 = arith.addi %35, %33 : tensor<128xi64>
    %37 = arith.extsi %arg7 : i32 to i64
    %38 = tt.splat %37 : i64 -> tensor<128xi64>
    %39 = arith.remsi %36, %38 : tensor<128xi64>
    %40 = tt.expand_dims %27 {axis = 1 : i32} : tensor<64xi64> -> tensor<64x1xi64>
    %41 = arith.extsi %arg12 : i32 to i64
    %42 = tt.splat %41 : i64 -> tensor<64x1xi64>
    %43 = arith.muli %40, %42 : tensor<64x1xi64>
    %44 = tt.expand_dims %15 {axis = 0 : i32} : tensor<64xi32> -> tensor<1x64xi32>
    %45 = arith.extsi %44 : tensor<1x64xi32> to tensor<1x64xi64>
    %46 = tt.broadcast %43 : tensor<64x1xi64> -> tensor<64x64xi64>
    %47 = tt.broadcast %45 : tensor<1x64xi64> -> tensor<64x64xi64>
    %48 = arith.addi %46, %47 : tensor<64x64xi64>
    %49 = tt.splat %arg0 : !tt.ptr<bf16> -> tensor<64x64x!tt.ptr<bf16>>
    %50 = tt.addptr %49, %48 : tensor<64x64x!tt.ptr<bf16>>, tensor<64x64xi64>
    %51 = arith.extsi %arg13 : i32 to i64
    %52 = arith.muli %30, %51 : i64
    %53 = tt.addptr %arg1, %52 : !tt.ptr<bf16>, i64
    %54 = tt.expand_dims %15 {axis = 1 : i32} : tensor<64xi32> -> tensor<64x1xi32>
    %55 = tt.expand_dims %39 {axis = 0 : i32} : tensor<128xi64> -> tensor<1x128xi64>
    %56 = arith.extsi %arg14 : i32 to i64
    %57 = tt.splat %56 : i64 -> tensor<1x128xi64>
    %58 = arith.muli %55, %57 : tensor<1x128xi64>
    %59 = arith.extsi %54 : tensor<64x1xi32> to tensor<64x1xi64>
    %60 = tt.broadcast %59 : tensor<64x1xi64> -> tensor<64x128xi64>
    %61 = tt.broadcast %58 : tensor<1x128xi64> -> tensor<64x128xi64>
    %62 = arith.addi %60, %61 : tensor<64x128xi64>
    %63 = tt.splat %53 : !tt.ptr<bf16> -> tensor<64x128x!tt.ptr<bf16>>
    %64 = tt.addptr %63, %62 : tensor<64x128x!tt.ptr<bf16>>, tensor<64x128xi64>
    %65:3 = scf.for %arg16 = %c0_i32 to %arg8 step %c64_i32 iter_args(%arg17 = %50, %arg18 = %64, %arg19 = %cst_0) -> (tensor<64x64x!tt.ptr<bf16>>, tensor<64x128x!tt.ptr<bf16>>, tensor<64x128xf32>)  : i32 {
      %93 = tt.expand_dims %26 {axis = 1 : i32} : tensor<64xi1> -> tensor<64x1xi1>
      %94 = tt.broadcast %93 : tensor<64x1xi1> -> tensor<64x64xi1>
      %95 = tt.load %arg17, %94, %cst : tensor<64x64x!tt.ptr<bf16>>
      %96 = tt.load %arg18 : tensor<64x128x!tt.ptr<bf16>>
      %97 = tt.dot %95, %96, %arg19, inputPrecision = tf32 : tensor<64x64xbf16> * tensor<64x128xbf16> -> tensor<64x128xf32>
      %98 = tt.addptr %arg17, %cst_4 : tensor<64x64x!tt.ptr<bf16>>, tensor<64x64xi32>
      %99 = tt.addptr %arg18, %cst_3 : tensor<64x128x!tt.ptr<bf16>>, tensor<64x128xi32>
      scf.yield %98, %99, %97 : tensor<64x64x!tt.ptr<bf16>>, tensor<64x128x!tt.ptr<bf16>>, tensor<64x128xf32>
    }
    %66 = tt.splat %arg3 : !tt.ptr<f32> -> tensor<64x!tt.ptr<f32>>
    %67 = tt.addptr %66, %27 : tensor<64x!tt.ptr<f32>>, tensor<64xi64>
    %68 = tt.load %67, %26, %cst_2 : tensor<64x!tt.ptr<f32>>
    %69 = tt.expand_dims %68 {axis = 1 : i32} : tensor<64xf32> -> tensor<64x1xf32>
    %70 = tt.broadcast %69 : tensor<64x1xf32> -> tensor<64x128xf32>
    %71 = arith.mulf %65#2, %70 : tensor<64x128xf32>
    %72 = arith.truncf %71 : tensor<64x128xf32> to tensor<64x128xbf16>
    %73 = tt.splat %31 : i32 -> tensor<128xi32>
    %74 = arith.addi %73, %32 : tensor<128xi32>
    %75 = tt.expand_dims %26 {axis = 1 : i32} : tensor<64xi1> -> tensor<64x1xi1>
    %76 = tt.expand_dims %74 {axis = 0 : i32} : tensor<128xi32> -> tensor<1x128xi32>
    %77 = tt.splat %arg7 : i32 -> tensor<1x128xi32>
    %78 = arith.cmpi slt, %76, %77 : tensor<1x128xi32>
    %79 = tt.broadcast %75 : tensor<64x1xi1> -> tensor<64x128xi1>
    %80 = tt.broadcast %78 : tensor<1x128xi1> -> tensor<64x128xi1>
    %81 = arith.andi %79, %80 : tensor<64x128xi1>
    %82 = arith.divsi %27, %cst_1 : tensor<64xi64>
    %83 = tt.expand_dims %82 {axis = 1 : i32} : tensor<64xi64> -> tensor<64x1xi64>
    %84 = arith.extsi %arg15 : i32 to i64
    %85 = tt.splat %84 : i64 -> tensor<64x1xi64>
    %86 = arith.muli %85, %83 : tensor<64x1xi64>
    %87 = tt.splat %arg2 : !tt.ptr<bf16> -> tensor<64x1x!tt.ptr<bf16>>
    %88 = tt.addptr %87, %86 : tensor<64x1x!tt.ptr<bf16>>, tensor<64x1xi64>
    %89 = tt.broadcast %88 : tensor<64x1x!tt.ptr<bf16>> -> tensor<64x128x!tt.ptr<bf16>>
    %90 = tt.broadcast %76 : tensor<1x128xi32> -> tensor<64x128xi32>
    %91 = tt.addptr %89, %90 : tensor<64x128x!tt.ptr<bf16>>, tensor<64x128xi32>
    %92 = tt.atomic_rmw fadd, acq_rel, gpu, %91, %72, %81 : (tensor<64x128x!tt.ptr<bf16>>, tensor<64x128xbf16>, tensor<64x128xi1>) -> tensor<64x128xbf16>
    tt.return
  }
}

{-#
  external_resources: {
    mlir_reproducer: {
      pipeline: "builtin.module(convert-triton-to-tritongpu{enable-source-remat=false num-ctas=1 num-warps=2 target=cuda:90 threads-per-warp=32}, tritongpu-coalesce, tritongpu-F32DotTC{emu-tf32=true}, triton-nvidia-gpu-plan-cta, tritongpu-remove-layout-conversions, tritongpu-optimize-thread-locality, tritongpu-accelerate-matmul, tritongpu-remove-layout-conversions, tritongpu-optimize-dot-operands{hoist-layout-conversion=true}, triton-nvidia-optimize-descriptor-encoding, triton-loop-aware-cse, tritongpu-fuse-nested-loops, canonicalize{  max-iterations=10 max-num-rewrites=-1 region-simplify=normal test-convergence=false top-down=true}, triton-licm, canonicalize{  max-iterations=10 max-num-rewrites=-1 region-simplify=normal test-convergence=false top-down=true}, tritongpu-combine-tensor-select-and-if, nvgpu-warp-specialization{dump-intermediate-steps=false num-stages=3}, tritongpu-assign-latencies{num-stages=3}, tritongpu-schedule-loops, tritongpu-pipeline{dump-intermediate-steps=false num-stages=3}, canonicalize{  max-iterations=10 max-num-rewrites=-1 region-simplify=normal test-convergence=false top-down=true}, triton-loop-aware-cse, tritongpu-prefetch, tritongpu-optimize-dot-operands{hoist-layout-conversion=true}, tritongpu-coalesce-async-copy, triton-nvidia-optimize-tmem-layouts, triton-nvidia-tma-lowering, tritongpu-remove-layout-conversions, triton-nvidia-interleave-tmem, tritongpu-reduce-data-duplication, tritongpu-reorder-instructions, triton-loop-aware-cse, symbol-dce, triton-nvidia-gpu-fence-insertion{compute-capability=90}, triton-nvidia-mma-lowering, sccp, cse, canonicalize{  max-iterations=10 max-num-rewrites=-1 region-simplify=normal test-convergence=false top-down=true})",
      disable_threading: true,
      verify_each: true
    }
  }
#-}
/home/guancheng/zsh/fusion/glm52_h200/kernels/moe_down_merge.py:506:0: error: Failures have been detected while processing an MLIR pass pipeline
/home/guancheng/zsh/fusion/glm52_h200/kernels/moe_down_merge.py:506:0: note: Pipeline failed while executing [`TritonGPURemoveLayoutConversions` on 'builtin.module' operation]: reproducer generated at `std::errs, please share the reproducer above with Triton project.`
  [cfgs] w2+merge(atomic)      1.5692 ms  (39 cfgs tried)  {'BLOCK_M': 64, 'BLOCK_N': 128, 'BLOCK_K': 64, 'GROUP_M': 1, 'num_warps': 8, 'num_stages': 3}
  [cfgs] moe_sum               0.0406 ms  (15 cfgs tried)  {'BLOCK_M': 4, 'BLOCK_DIM': 256, 'num_warps': 4, 'num_stages': 1}
  [cfgs] resadd                0.0191 ms  (17 cfgs tried)  {'BLOCK_M': 4, 'BLOCK_N': 256, 'num_warps': 8, 'num_stages': 1}
  [cfgs] router prenorm     tile sweep    0.0361 ms (46 cfgs, 0 fail)
  [cfgs] router prenorm        0.0352 ms  (37 cfgs tried)  {'BLOCK_M': 64, 'BLOCK_N': 32, 'BLOCK_K': 128, 'GROUP_M': 1, 'num_warps': 8, 'num_stages': 3}
  [cfgs] w13 prenorm        tile sweep    2.9710 ms (48 cfgs, 1 fail)
  [cfgs] w13 prenorm           2.9729 ms  (19 cfgs tried)  {'BLOCK_M': 64, 'BLOCK_N': 256, 'BLOCK_K': 128, 'GROUP_M': 8, 'num_warps': 8, 'num_stages': 3}
  [shared] tuning w13 (32), act (18), w2 (32)
  [shared] w13 0.0937 {'BLOCK_M': 128, 'BLOCK_N': 128, 'BLOCK_K': 64, 'GROUP_M': 8, 'num_warps': 4, 'num_stages': 3} | act 0.0089 | w2 0.0560 {'BLOCK_M': 128, 'BLOCK_N': 128, 'BLOCK_K': 64, 'GROUP_M': 8, 'num_warps': 8, 'num_stages': 3}
  A_all_unfused      ok  (14 kernels)  relerr 8.62e-03
  B_f3               ok  (13 kernels)  relerr 8.62e-03
  C_f1               ok  (13 kernels)  relerr 5.75e-03
  D_f6               ok  (13 kernels)  relerr 8.62e-03
  E_f10              ok  (13 kernels)  relerr 6.82e-03
  F_f8               ok  (14 kernels)  relerr 8.62e-03
  G_f9               ok  (13 kernels)  relerr 8.62e-03
  H_f3_f10           ok  (12 kernels)  relerr 6.82e-03
  I_f3_f9            ok  (12 kernels)  relerr 8.62e-03
  J_greedy_all       ok  (11 kernels)  relerr 7.18e-03
  K_f3_f8            ok  (13 kernels)  relerr 8.62e-03
  L_f5               ok  (13 kernels)  relerr 8.62e-03
  M_f4               ok  (12 kernels)  relerr 8.62e-03
  N_f11b             ok  (14 kernels)  relerr 8.62e-03
  O_f11ab            !! FAILS CORRECTNESS relerr=1.840e-01 -- excluded
  P_f10_f11ab        !! FAILS CORRECTNESS relerr=1.882e-01 -- excluded
  Q_f8_f11ab         !! FAILS CORRECTNESS relerr=1.832e-01 -- excluded
  R_f1_f10_f11ab     !! FAILS CORRECTNESS relerr=1.810e-01 -- excluded
    pass1 round 0: A_all_unfused=5.4411  B_f3=5.4419  C_f1=5.4886  D_f6=5.4813  E_f10=6.1700  F_f8=5.6382  G_f9=5.4463  H_f3_f10=5.4480  I_f3_f9=5.4258  J_greedy_all=5.8912  K_f3_f8=5.5995  L_f5=5.4808  M_f4=5.4900  N_f11b=5.4745
    pass1 round 1: A_all_unfused=5.4896  B_f3=5.5607  C_f1=5.5972  D_f6=5.6762  E_f10=5.5015  F_f8=5.4777  G_f9=5.5581  H_f3_f10=5.5968  I_f3_f9=5.6284  J_greedy_all=5.5276  K_f3_f8=5.4414  L_f5=5.5488  M_f4=5.6356  N_f11b=5.7610
    pass1 round 2: A_all_unfused=5.4956  B_f3=5.5967  C_f1=5.6705  D_f6=5.6036  E_f10=5.5103  F_f8=5.5023  G_f9=5.5908  H_f3_f10=5.5655  I_f3_f9=5.5430  J_greedy_all=5.5885  K_f3_f8=5.4825  L_f5=5.5992  M_f4=5.6181  N_f11b=5.5769
    pass1 round 3: A_all_unfused=5.6190  B_f3=5.5282  C_f1=5.5748  D_f6=5.6153  E_f10=5.5632  F_f8=5.5913  G_f9=5.5561  H_f3_f10=5.5076  I_f3_f9=5.5156  J_greedy_all=5.6164  K_f3_f8=5.5819  L_f5=5.5948  M_f4=5.5256  N_f11b=5.5872
    pass1 round 4: A_all_unfused=5.5460  B_f3=5.5556  C_f1=5.5714  D_f6=5.5724  E_f10=5.5652  F_f8=5.5546  G_f9=5.5356  H_f3_f10=5.5194  I_f3_f9=5.5114  J_greedy_all=5.6091  K_f3_f8=5.5139  L_f5=5.5824  M_f4=5.5660  N_f11b=5.5459
    pass1 round 5: A_all_unfused=5.5838  B_f3=5.5050  C_f1=5.5442  D_f6=5.5948  E_f10=5.5690  F_f8=5.5632  G_f9=5.5764  H_f3_f10=5.5196  I_f3_f9=5.5493  J_greedy_all=5.5895  K_f3_f8=5.5019  L_f5=5.5938  M_f4=5.5489  N_f11b=5.5804
    pass1 round 6: A_all_unfused=5.5326  B_f3=5.5231  C_f1=5.6257  D_f6=5.5563  E_f10=5.5617  F_f8=5.5895  G_f9=5.5374  H_f3_f10=5.5432  I_f3_f9=5.5017  J_greedy_all=5.6195  K_f3_f8=5.5639  L_f5=5.5731  M_f4=5.5973  N_f11b=5.5197
    pass1 round 7: A_all_unfused=5.5555  B_f3=5.5418  C_f1=5.5854  D_f6=5.5937  E_f10=5.5434  F_f8=5.5937  G_f9=5.5515  H_f3_f10=5.5333  I_f3_f9=5.5308  J_greedy_all=5.5896  K_f3_f8=5.5841  L_f5=5.5843  M_f4=5.5931  N_f11b=5.5756
    pass2 round 0: A_all_unfused=5.5459  B_f3=5.5096  C_f1=5.6035  D_f6=5.5676  E_f10=5.5472  F_f8=5.5753  G_f9=5.5378  H_f3_f10=5.5493  I_f3_f9=5.5085  J_greedy_all=5.6314  K_f3_f8=5.5377  L_f5=5.5625  M_f4=5.5883  N_f11b=5.5717
    pass2 round 1: A_all_unfused=5.5573  B_f3=5.5005  C_f1=5.5812  D_f6=5.5857  E_f10=5.5446  F_f8=5.5638  G_f9=5.5100  H_f3_f10=5.5680  I_f3_f9=5.5384  J_greedy_all=5.6144  K_f3_f8=5.5521  L_f5=5.5588  M_f4=5.5472  N_f11b=5.5666
    pass2 round 2: A_all_unfused=5.5414  B_f3=5.5423  C_f1=5.6107  D_f6=5.5489  E_f10=5.5330  F_f8=5.5704  G_f9=5.5358  H_f3_f10=5.5539  I_f3_f9=5.5049  J_greedy_all=5.6139  K_f3_f8=5.5905  L_f5=5.5899  M_f4=5.6068  N_f11b=5.5765
    pass2 round 3: A_all_unfused=5.5568  B_f3=5.5072  C_f1=5.6133  D_f6=5.5552  E_f10=5.5487  F_f8=5.5725  G_f9=5.5500  H_f3_f10=5.5553  I_f3_f9=5.5405  J_greedy_all=5.6077  K_f3_f8=5.5590  L_f5=5.5708  M_f4=5.5774  N_f11b=5.5622
    pass2 round 4: A_all_unfused=5.5628  B_f3=5.5005  C_f1=5.5956  D_f6=5.5903  E_f10=5.5760  F_f8=5.5732  G_f9=5.5363  H_f3_f10=5.5471  I_f3_f9=5.5302  J_greedy_all=5.6777  K_f3_f8=5.5524  L_f5=5.5647  M_f4=5.5887  N_f11b=5.5400
    pass2 round 5: A_all_unfused=5.5593  B_f3=5.5297  C_f1=5.5932  D_f6=5.6042  E_f10=5.5431  F_f8=5.5594  G_f9=5.5493  H_f3_f10=5.5507  I_f3_f9=5.5426  J_greedy_all=5.6176  K_f3_f8=5.5468  L_f5=5.5801  M_f4=5.5925  N_f11b=5.5934
    pass2 round 6: A_all_unfused=5.5527  B_f3=5.5499  C_f1=5.5830  D_f6=5.5638  E_f10=5.5377  F_f8=5.5503  G_f9=5.5956  H_f3_f10=5.5428  I_f3_f9=5.5342  J_greedy_all=5.6503  K_f3_f8=5.5510  L_f5=5.6224  M_f4=5.5835  N_f11b=5.5495
    pass2 round 7: A_all_unfused=5.5794  B_f3=5.5527  C_f1=5.5912  D_f6=5.5690  E_f10=5.5320  F_f8=5.5493  G_f9=5.5952  H_f3_f10=5.5488  I_f3_f9=5.5207  J_greedy_all=5.6120  K_f3_f8=5.5364  L_f5=5.6161  M_f4=5.5957  N_f11b=5.5784
  --> TIED: A_all_unfused, B_f3, C_f1, D_f6, E_f10, F_f8, G_f9, H_f3_f10, I_f3_f9, J_greedy_all, K_f3_f8, L_f5, M_f4, N_f11b
      pass1: best I_f3_f9 gap 0.00322 ms vs round noise 0.20266 ms -> tied with I_f3_f9, H_f3_f10, B_f3, K_f3_f8, A_all_unfused, G_f9, E_f10, N_f11b, F_f8, M_f4, C_f1, L_f5, D_f6, J_greedy_all
      pass2: best B_f3 gap 0.01258 ms vs round noise 0.05219 ms -> tied with B_f3, I_f3_f9, G_f9, E_f10, H_f3_f10, K_f3_f8, A_all_unfused, F_f8, D_f6, N_f11b
      best/all-unfused = 1.0000x

===== prefill_t2048 =====
  [cfgs] oproj gemm         tile sweep    0.6718 ms (47 cfgs, 1 fail)
  [cfgs] oproj gemm            0.5295 ms  (37 cfgs tried)  {'BLOCK_M': 128, 'BLOCK_N': 256, 'BLOCK_K': 32, 'GROUP_M': 8, 'num_warps': 8, 'num_stages': 4}
  [cfgs] oproj gemm+res     tile sweep    0.6890 ms (47 cfgs, 1 fail)
  [cfgs] oproj gemm+res        0.5347 ms  (37 cfgs tried)  {'BLOCK_M': 128, 'BLOCK_N': 256, 'BLOCK_K': 32, 'GROUP_M': 16, 'num_warps': 8, 'num_stages': 4}
  [cfgs] oproj epi             0.0241 ms  (12 cfgs tried)  {'BLOCK': 2048, 'num_warps': 4, 'num_stages': 1}
  [cfgs] add                   0.0248 ms  (16 cfgs tried)  {'ROWS': 1, 'BLOCK_N': 2048, 'num_warps': 8, 'num_stages': 2, 'grid_cap': None, 'eps': 1e-05}
  [cfgs] rmsnorm               0.0194 ms  (16 cfgs tried)  {'ROWS': 1, 'BLOCK_N': 2048, 'num_warps': 8, 'num_stages': 2, 'grid_cap': None, 'eps': 1e-05}
  [cfgs] add+rmsnorm           0.0305 ms  (16 cfgs tried)  {'ROWS': 1, 'BLOCK_N': 2048, 'num_warps': 8, 'num_stages': 3, 'grid_cap': None, 'eps': 1e-05}
  [cfgs] router gemm           0.0268 ms  (30 cfgs tried)  {'BLOCK_M': 64, 'BLOCK_K': 128, 'BLOCK_E': 64, 'num_warps': 8, 'num_stages': 4}
  [cfgs] topk                  0.0133 ms  (17 cfgs tried)  {'BLOCK_M': 8, 'BLOCK_K': 32, 'BLOCK_E': 256, 'num_warps': 8, 'num_stages': 2}
  [cfgs] f5 norm+router        0.0828 ms  (31 cfgs tried)  {'BLOCK_M': 32, 'BLOCK_K': 128, 'BLOCK_E': 128, 'num_warps': 8, 'num_stages': 4}
  [cfgs] f4 add+norm+rt        0.1050 ms  (30 cfgs tried)  {'BLOCK_M': 64, 'BLOCK_K': 128, 'BLOCK_E': 64, 'num_warps': 8, 'num_stages': 3}
  [cfgs] w13 gemm           tile sweep    3.4605 ms (48 cfgs, 2 fail)
  [cfgs] w13 gemm              3.1382 ms  (37 cfgs tried)  {'BLOCK_M': 128, 'BLOCK_N': 256, 'BLOCK_K': 64, 'GROUP_M': 1, 'num_warps': 8, 'num_stages': 4}
  [cfgs] w13+swiglu         tile sweep    3.5395 ms (42 cfgs, 1 fail)
/home/guancheng/zsh/fusion/glm52_h200/kernels/moe_gateup.py:641:24: error: operand #0 does not dominate this use
    c_mask = token_mask[:, None] & (offs_cn[None, :] < N)
                       ^
/home/guancheng/zsh/fusion/glm52_h200/kernels/moe_gateup.py:475:44: note: operand defined here (op in a child region)
        a = tl.load(a_ptrs, mask=token_mask[:, None], other=0.0)
                                           ^
module {
  tt.func public @moe_gateup_kernel(%arg0: !tt.ptr<bf16> {tt.divisibility = 16 : i32}, %arg1: !tt.ptr<bf16> {tt.divisibility = 16 : i32}, %arg2: !tt.ptr<bf16> {tt.divisibility = 16 : i32}, %arg3: !tt.ptr<i32> {tt.divisibility = 16 : i32}, %arg4: !tt.ptr<i32> {tt.divisibility = 16 : i32}, %arg5: !tt.ptr<i32> {tt.divisibility = 16 : i32}, %arg6: i32 {tt.divisibility = 16 : i32}, %arg7: i32 {tt.divisibility = 16 : i32}, %arg8: i32 {tt.divisibility = 16 : i32}, %arg9: i32 {tt.divisibility = 16 : i32}, %arg10: i32 {tt.divisibility = 16 : i32}, %arg11: i32 {tt.divisibility = 16 : i32}, %arg12: i32 {tt.divisibility = 16 : i32}, %arg13: i32 {tt.divisibility = 16 : i32}, %arg14: i32 {tt.divisibility = 16 : i32}) attributes {noinline = false} {
    %cst = arith.constant dense<1.000000e+00> : tensor<128x64xf32>
    %c2048_i32 = arith.constant 2048 : i32
    %cst_0 = arith.constant dense<0.000000e+00> : tensor<128x64xbf16>
    %cst_1 = arith.constant dense<0.000000e+00> : tensor<128x64xf32>
    %c63_i32 = arith.constant 63 : i32
    %c127_i32 = arith.constant 127 : i32
    %c0_i32 = arith.constant 0 : i32
    %cst_2 = arith.constant dense<64> : tensor<64x64xi32>
    %cst_3 = arith.constant dense<64> : tensor<128x64xi32>
    %cst_4 = arith.constant dense<8> : tensor<128x1xi64>
    %cst_5 = arith.constant dense<0> : tensor<128xi64>
    %c64_i32 = arith.constant 64 : i32
    %c128_i32 = arith.constant 128 : i32
    %c8_i32 = arith.constant 8 : i32
    %0 = tt.get_program_id x : i32
    %1 = arith.addi %arg8, %c127_i32 : i32
    %2 = arith.divsi %1, %c128_i32 : i32
    %3 = arith.addi %arg6, %c63_i32 : i32
    %4 = arith.divsi %3, %c64_i32 : i32
    %5 = arith.muli %4, %c8_i32 : i32
    %6 = arith.divsi %0, %5 : i32
    %7 = arith.muli %6, %c8_i32 : i32
    %8 = arith.subi %2, %7 : i32
    %9 = arith.minsi %8, %c8_i32 : i32
    %10 = arith.remsi %0, %5 : i32
    %11 = arith.remsi %10, %9 : i32
    %12 = arith.addi %7, %11 : i32
    %13 = arith.divsi %10, %9 : i32
    %14 = tt.load %arg5 : !tt.ptr<i32>
    %15 = arith.muli %12, %c128_i32 : i32
    %16 = arith.cmpi sge, %15, %14 : i32
    cf.cond_br %16, ^bb1, ^bb2
  ^bb1:  // pred: ^bb0
    tt.return
  ^bb2:  // pred: ^bb0
    %17 = tt.make_range {end = 128 : i32, start = 0 : i32} : tensor<128xi32>
    %18 = arith.extsi %17 : tensor<128xi32> to tensor<128xi64>
    %19 = arith.extsi %15 : i32 to i64
    %20 = tt.splat %19 : i64 -> tensor<128xi64>
    %21 = arith.addi %20, %18 : tensor<128xi64>
    %22 = tt.splat %arg3 : !tt.ptr<i32> -> tensor<128x!tt.ptr<i32>>
    %23 = tt.addptr %22, %21 : tensor<128x!tt.ptr<i32>>, tensor<128xi64>
    %24 = tt.load %23 : tensor<128x!tt.ptr<i32>>
    %25 = arith.extsi %24 : tensor<128xi32> to tensor<128xi64>
    %26 = arith.extsi %arg9 : i32 to i64
    %27 = tt.splat %26 : i64 -> tensor<128xi64>
    %28 = arith.cmpi slt, %25, %27 : tensor<128xi64>
    %29 = tt.addptr %arg4, %12 : !tt.ptr<i32>, i32
    %30 = tt.load %29 : !tt.ptr<i32>
    %31 = arith.extsi %30 : i32 to i64
    %32 = arith.muli %13, %c64_i32 : i32
    %33 = tt.make_range {end = 64 : i32, start = 0 : i32} : tensor<64xi32>
    %34 = arith.extsi %33 : tensor<64xi32> to tensor<64xi64>
    %35 = arith.extsi %32 : i32 to i64
    %36 = tt.splat %35 : i64 -> tensor<64xi64>
    %37 = arith.addi %36, %34 : tensor<64xi64>
    %38 = arith.extsi %arg6 : i32 to i64
    %39 = tt.splat %38 : i64 -> tensor<64xi64>
    %40 = arith.remsi %37, %39 : tensor<64xi64>
    %41 = arith.select %28, %25, %cst_5 : tensor<128xi1>, tensor<128xi64>
    %42 = tt.expand_dims %41 {axis = 1 : i32} : tensor<128xi64> -> tensor<128x1xi64>
    %43 = arith.divsi %42, %cst_4 : tensor<128x1xi64>
    %44 = arith.extsi %arg11 : i32 to i64
    %45 = tt.splat %44 : i64 -> tensor<128x1xi64>
    %46 = arith.muli %43, %45 : tensor<128x1xi64>
    %47 = tt.expand_dims %33 {axis = 0 : i32} : tensor<64xi32> -> tensor<1x64xi32>
    %48 = arith.extsi %47 : tensor<1x64xi32> to tensor<1x64xi64>
    %49 = tt.broadcast %46 : tensor<128x1xi64> -> tensor<128x64xi64>
    %50 = tt.broadcast %48 : tensor<1x64xi64> -> tensor<128x64xi64>
    %51 = arith.addi %49, %50 : tensor<128x64xi64>
    %52 = tt.splat %arg0 : !tt.ptr<bf16> -> tensor<128x64x!tt.ptr<bf16>>
    %53 = tt.addptr %52, %51 : tensor<128x64x!tt.ptr<bf16>>, tensor<128x64xi64>
    %54 = arith.extsi %arg12 : i32 to i64
    %55 = arith.muli %31, %54 : i64
    %56 = tt.addptr %arg1, %55 : !tt.ptr<bf16>, i64
    %57 = tt.expand_dims %33 {axis = 1 : i32} : tensor<64xi32> -> tensor<64x1xi32>
    %58 = tt.expand_dims %40 {axis = 0 : i32} : tensor<64xi64> -> tensor<1x64xi64>
    %59 = arith.extsi %arg13 : i32 to i64
    %60 = tt.splat %59 : i64 -> tensor<1x64xi64>
    %61 = arith.muli %58, %60 : tensor<1x64xi64>
    %62 = arith.extsi %57 : tensor<64x1xi32> to tensor<64x1xi64>
    %63 = tt.broadcast %62 : tensor<64x1xi64> -> tensor<64x64xi64>
    %64 = tt.broadcast %61 : tensor<1x64xi64> -> tensor<64x64xi64>
    %65 = arith.addi %63, %64 : tensor<64x64xi64>
    %66 = tt.splat %56 : !tt.ptr<bf16> -> tensor<64x64x!tt.ptr<bf16>>
    %67 = tt.addptr %66, %65 : tensor<64x64x!tt.ptr<bf16>>, tensor<64x64xi64>
    %68:4 = scf.for %arg15 = %c0_i32 to %arg7 step %c64_i32 iter_args(%arg16 = %53, %arg17 = %67, %arg18 = %cst_1, %arg19 = %cst_1) -> (tensor<128x64x!tt.ptr<bf16>>, tensor<64x64x!tt.ptr<bf16>>, tensor<128x64xf32>, tensor<128x64xf32>)  : i32 {
      %93 = tt.expand_dims %28 {axis = 1 : i32} : tensor<128xi1> -> tensor<128x1xi1>
      %94 = tt.broadcast %93 : tensor<128x1xi1> -> tensor<128x64xi1>
      %95 = tt.load %arg16, %94, %cst_0 : tensor<128x64x!tt.ptr<bf16>>
      %96 = tt.load %arg17 : tensor<64x64x!tt.ptr<bf16>>
      %97 = tt.dot %95, %96, %arg18, inputPrecision = tf32 : tensor<128x64xbf16> * tensor<64x64xbf16> -> tensor<128x64xf32>
      %98 = arith.muli %arg13, %c2048_i32 : i32
      %99 = tt.splat %98 : i32 -> tensor<64x64xi32>
      %100 = tt.addptr %arg17, %99 : tensor<64x64x!tt.ptr<bf16>>, tensor<64x64xi32>
      %101 = tt.load %100 : tensor<64x64x!tt.ptr<bf16>>
      %102 = tt.dot %95, %101, %arg19, inputPrecision = tf32 : tensor<128x64xbf16> * tensor<64x64xbf16> -> tensor<128x64xf32>
      %103 = tt.addptr %arg16, %cst_3 : tensor<128x64x!tt.ptr<bf16>>, tensor<128x64xi32>
      %104 = tt.addptr %arg17, %cst_2 : tensor<64x64x!tt.ptr<bf16>>, tensor<64x64xi32>
      scf.yield %103, %104, %97, %102 : tensor<128x64x!tt.ptr<bf16>>, tensor<64x64x!tt.ptr<bf16>>, tensor<128x64xf32>, tensor<128x64xf32>
    }
    %69 = arith.subf %cst_1, %68#2 : tensor<128x64xf32>
    %70 = math.exp %69 : tensor<128x64xf32>
    %71 = arith.addf %70, %cst : tensor<128x64xf32>
    %72 = arith.divf %cst, %71 : tensor<128x64xf32>
    %73 = arith.mulf %68#2, %72 : tensor<128x64xf32>
    %74 = arith.mulf %73, %68#3 : tensor<128x64xf32>
    %75 = arith.truncf %74 : tensor<128x64xf32> to tensor<128x64xbf16>
    %76 = tt.splat %32 : i32 -> tensor<64xi32>
    %77 = arith.addi %76, %33 : tensor<64xi32>
    %78 = arith.extsi %arg14 : i32 to i64
    %79 = tt.splat %78 : i64 -> tensor<128x1xi64>
    %80 = arith.muli %79, %42 : tensor<128x1xi64>
    %81 = tt.splat %arg2 : !tt.ptr<bf16> -> tensor<128x1x!tt.ptr<bf16>>
    %82 = tt.addptr %81, %80 : tensor<128x1x!tt.ptr<bf16>>, tensor<128x1xi64>
    %83 = tt.expand_dims %77 {axis = 0 : i32} : tensor<64xi32> -> tensor<1x64xi32>
    %84 = tt.broadcast %82 : tensor<128x1x!tt.ptr<bf16>> -> tensor<128x64x!tt.ptr<bf16>>
    %85 = tt.broadcast %83 : tensor<1x64xi32> -> tensor<128x64xi32>
    %86 = tt.addptr %84, %85 : tensor<128x64x!tt.ptr<bf16>>, tensor<128x64xi32>
    %87 = tt.expand_dims %28 {axis = 1 : i32} : tensor<128xi1> -> tensor<128x1xi1>
    %88 = tt.splat %arg6 : i32 -> tensor<1x64xi32>
    %89 = arith.cmpi slt, %83, %88 : tensor<1x64xi32>
    %90 = tt.broadcast %87 : tensor<128x1xi1> -> tensor<128x64xi1>
    %91 = tt.broadcast %89 : tensor<1x64xi1> -> tensor<128x64xi1>
    %92 = arith.andi %90, %91 : tensor<128x64xi1>
    tt.store %86, %75, %92 : tensor<128x64x!tt.ptr<bf16>>
    tt.return
  }
}

{-#
  external_resources: {
    mlir_reproducer: {
      pipeline: "builtin.module(convert-triton-to-tritongpu{enable-source-remat=false num-ctas=1 num-warps=1 target=cuda:90 threads-per-warp=32}, tritongpu-coalesce, tritongpu-F32DotTC{emu-tf32=true}, triton-nvidia-gpu-plan-cta, tritongpu-remove-layout-conversions, tritongpu-optimize-thread-locality, tritongpu-accelerate-matmul, tritongpu-remove-layout-conversions, tritongpu-optimize-dot-operands{hoist-layout-conversion=true}, triton-nvidia-optimize-descriptor-encoding, triton-loop-aware-cse, tritongpu-fuse-nested-loops, canonicalize{  max-iterations=10 max-num-rewrites=-1 region-simplify=normal test-convergence=false top-down=true}, triton-licm, canonicalize{  max-iterations=10 max-num-rewrites=-1 region-simplify=normal test-convergence=false top-down=true}, tritongpu-combine-tensor-select-and-if, nvgpu-warp-specialization{dump-intermediate-steps=false num-stages=3}, tritongpu-assign-latencies{num-stages=3}, tritongpu-schedule-loops, tritongpu-pipeline{dump-intermediate-steps=false num-stages=3}, canonicalize{  max-iterations=10 max-num-rewrites=-1 region-simplify=normal test-convergence=false top-down=true}, triton-loop-aware-cse, tritongpu-prefetch, tritongpu-optimize-dot-operands{hoist-layout-conversion=true}, tritongpu-coalesce-async-copy, triton-nvidia-optimize-tmem-layouts, triton-nvidia-tma-lowering, tritongpu-remove-layout-conversions, triton-nvidia-interleave-tmem, tritongpu-reduce-data-duplication, tritongpu-reorder-instructions, triton-loop-aware-cse, symbol-dce, triton-nvidia-gpu-fence-insertion{compute-capability=90}, triton-nvidia-mma-lowering, sccp, cse, canonicalize{  max-iterations=10 max-num-rewrites=-1 region-simplify=normal test-convergence=false top-down=true})",
      disable_threading: true,
      verify_each: true
    }
  }
#-}
/home/guancheng/zsh/fusion/glm52_h200/kernels/moe_gateup.py:506:0: error: Failures have been detected while processing an MLIR pass pipeline
/home/guancheng/zsh/fusion/glm52_h200/kernels/moe_gateup.py:506:0: note: Pipeline failed while executing [`TritonGPURemoveLayoutConversions` on 'builtin.module' operation]: reproducer generated at `std::errs, please share the reproducer above with Triton project.`
/home/guancheng/zsh/fusion/glm52_h200/kernels/moe_gateup.py:641:24: error: operand #0 does not dominate this use
    c_mask = token_mask[:, None] & (offs_cn[None, :] < N)
                       ^
/home/guancheng/zsh/fusion/glm52_h200/kernels/moe_gateup.py:475:44: note: operand defined here (op in a child region)
        a = tl.load(a_ptrs, mask=token_mask[:, None], other=0.0)
                                           ^
module {
  tt.func public @moe_gateup_kernel(%arg0: !tt.ptr<bf16> {tt.divisibility = 16 : i32}, %arg1: !tt.ptr<bf16> {tt.divisibility = 16 : i32}, %arg2: !tt.ptr<bf16> {tt.divisibility = 16 : i32}, %arg3: !tt.ptr<i32> {tt.divisibility = 16 : i32}, %arg4: !tt.ptr<i32> {tt.divisibility = 16 : i32}, %arg5: !tt.ptr<i32> {tt.divisibility = 16 : i32}, %arg6: i32 {tt.divisibility = 16 : i32}, %arg7: i32 {tt.divisibility = 16 : i32}, %arg8: i32 {tt.divisibility = 16 : i32}, %arg9: i32 {tt.divisibility = 16 : i32}, %arg10: i32 {tt.divisibility = 16 : i32}, %arg11: i32 {tt.divisibility = 16 : i32}, %arg12: i32 {tt.divisibility = 16 : i32}, %arg13: i32 {tt.divisibility = 16 : i32}, %arg14: i32 {tt.divisibility = 16 : i32}) attributes {noinline = false} {
    %cst = arith.constant dense<1.000000e+00> : tensor<128x64xf32>
    %c2048_i32 = arith.constant 2048 : i32
    %cst_0 = arith.constant dense<0.000000e+00> : tensor<128x64xbf16>
    %cst_1 = arith.constant dense<0.000000e+00> : tensor<128x64xf32>
    %c63_i32 = arith.constant 63 : i32
    %c127_i32 = arith.constant 127 : i32
    %c0_i32 = arith.constant 0 : i32
    %cst_2 = arith.constant dense<64> : tensor<64x64xi32>
    %cst_3 = arith.constant dense<64> : tensor<128x64xi32>
    %cst_4 = arith.constant dense<8> : tensor<128x1xi64>
    %cst_5 = arith.constant dense<0> : tensor<128xi64>
    %c64_i32 = arith.constant 64 : i32
    %c128_i32 = arith.constant 128 : i32
    %c8_i32 = arith.constant 8 : i32
    %0 = tt.get_program_id x : i32
    %1 = arith.addi %arg8, %c127_i32 : i32
    %2 = arith.divsi %1, %c128_i32 : i32
    %3 = arith.addi %arg6, %c63_i32 : i32
    %4 = arith.divsi %3, %c64_i32 : i32
    %5 = arith.muli %4, %c8_i32 : i32
    %6 = arith.divsi %0, %5 : i32
    %7 = arith.muli %6, %c8_i32 : i32
    %8 = arith.subi %2, %7 : i32
    %9 = arith.minsi %8, %c8_i32 : i32
    %10 = arith.remsi %0, %5 : i32
    %11 = arith.remsi %10, %9 : i32
    %12 = arith.addi %7, %11 : i32
    %13 = arith.divsi %10, %9 : i32
    %14 = tt.load %arg5 : !tt.ptr<i32>
    %15 = arith.muli %12, %c128_i32 : i32
    %16 = arith.cmpi sge, %15, %14 : i32
    cf.cond_br %16, ^bb1, ^bb2
  ^bb1:  // pred: ^bb0
    tt.return
  ^bb2:  // pred: ^bb0
    %17 = tt.make_range {end = 128 : i32, start = 0 : i32} : tensor<128xi32>
    %18 = arith.extsi %17 : tensor<128xi32> to tensor<128xi64>
    %19 = arith.extsi %15 : i32 to i64
    %20 = tt.splat %19 : i64 -> tensor<128xi64>
    %21 = arith.addi %20, %18 : tensor<128xi64>
    %22 = tt.splat %arg3 : !tt.ptr<i32> -> tensor<128x!tt.ptr<i32>>
    %23 = tt.addptr %22, %21 : tensor<128x!tt.ptr<i32>>, tensor<128xi64>
    %24 = tt.load %23 : tensor<128x!tt.ptr<i32>>
    %25 = arith.extsi %24 : tensor<128xi32> to tensor<128xi64>
    %26 = arith.extsi %arg9 : i32 to i64
    %27 = tt.splat %26 : i64 -> tensor<128xi64>
    %28 = arith.cmpi slt, %25, %27 : tensor<128xi64>
    %29 = tt.addptr %arg4, %12 : !tt.ptr<i32>, i32
    %30 = tt.load %29 : !tt.ptr<i32>
    %31 = arith.extsi %30 : i32 to i64
    %32 = arith.muli %13, %c64_i32 : i32
    %33 = tt.make_range {end = 64 : i32, start = 0 : i32} : tensor<64xi32>
    %34 = arith.extsi %33 : tensor<64xi32> to tensor<64xi64>
    %35 = arith.extsi %32 : i32 to i64
    %36 = tt.splat %35 : i64 -> tensor<64xi64>
    %37 = arith.addi %36, %34 : tensor<64xi64>
    %38 = arith.extsi %arg6 : i32 to i64
    %39 = tt.splat %38 : i64 -> tensor<64xi64>
    %40 = arith.remsi %37, %39 : tensor<64xi64>
    %41 = arith.select %28, %25, %cst_5 : tensor<128xi1>, tensor<128xi64>
    %42 = tt.expand_dims %41 {axis = 1 : i32} : tensor<128xi64> -> tensor<128x1xi64>
    %43 = arith.divsi %42, %cst_4 : tensor<128x1xi64>
    %44 = arith.extsi %arg11 : i32 to i64
    %45 = tt.splat %44 : i64 -> tensor<128x1xi64>
    %46 = arith.muli %43, %45 : tensor<128x1xi64>
    %47 = tt.expand_dims %33 {axis = 0 : i32} : tensor<64xi32> -> tensor<1x64xi32>
    %48 = arith.extsi %47 : tensor<1x64xi32> to tensor<1x64xi64>
    %49 = tt.broadcast %46 : tensor<128x1xi64> -> tensor<128x64xi64>
    %50 = tt.broadcast %48 : tensor<1x64xi64> -> tensor<128x64xi64>
    %51 = arith.addi %49, %50 : tensor<128x64xi64>
    %52 = tt.splat %arg0 : !tt.ptr<bf16> -> tensor<128x64x!tt.ptr<bf16>>
    %53 = tt.addptr %52, %51 : tensor<128x64x!tt.ptr<bf16>>, tensor<128x64xi64>
    %54 = arith.extsi %arg12 : i32 to i64
    %55 = arith.muli %31, %54 : i64
    %56 = tt.addptr %arg1, %55 : !tt.ptr<bf16>, i64
    %57 = tt.expand_dims %33 {axis = 1 : i32} : tensor<64xi32> -> tensor<64x1xi32>
    %58 = tt.expand_dims %40 {axis = 0 : i32} : tensor<64xi64> -> tensor<1x64xi64>
    %59 = arith.extsi %arg13 : i32 to i64
    %60 = tt.splat %59 : i64 -> tensor<1x64xi64>
    %61 = arith.muli %58, %60 : tensor<1x64xi64>
    %62 = arith.extsi %57 : tensor<64x1xi32> to tensor<64x1xi64>
    %63 = tt.broadcast %62 : tensor<64x1xi64> -> tensor<64x64xi64>
    %64 = tt.broadcast %61 : tensor<1x64xi64> -> tensor<64x64xi64>
    %65 = arith.addi %63, %64 : tensor<64x64xi64>
    %66 = tt.splat %56 : !tt.ptr<bf16> -> tensor<64x64x!tt.ptr<bf16>>
    %67 = tt.addptr %66, %65 : tensor<64x64x!tt.ptr<bf16>>, tensor<64x64xi64>
    %68:4 = scf.for %arg15 = %c0_i32 to %arg7 step %c64_i32 iter_args(%arg16 = %53, %arg17 = %67, %arg18 = %cst_1, %arg19 = %cst_1) -> (tensor<128x64x!tt.ptr<bf16>>, tensor<64x64x!tt.ptr<bf16>>, tensor<128x64xf32>, tensor<128x64xf32>)  : i32 {
      %93 = tt.expand_dims %28 {axis = 1 : i32} : tensor<128xi1> -> tensor<128x1xi1>
      %94 = tt.broadcast %93 : tensor<128x1xi1> -> tensor<128x64xi1>
      %95 = tt.load %arg16, %94, %cst_0 : tensor<128x64x!tt.ptr<bf16>>
      %96 = tt.load %arg17 : tensor<64x64x!tt.ptr<bf16>>
      %97 = tt.dot %95, %96, %arg18, inputPrecision = tf32 : tensor<128x64xbf16> * tensor<64x64xbf16> -> tensor<128x64xf32>
      %98 = arith.muli %arg13, %c2048_i32 : i32
      %99 = tt.splat %98 : i32 -> tensor<64x64xi32>
      %100 = tt.addptr %arg17, %99 : tensor<64x64x!tt.ptr<bf16>>, tensor<64x64xi32>
      %101 = tt.load %100 : tensor<64x64x!tt.ptr<bf16>>
      %102 = tt.dot %95, %101, %arg19, inputPrecision = tf32 : tensor<128x64xbf16> * tensor<64x64xbf16> -> tensor<128x64xf32>
      %103 = tt.addptr %arg16, %cst_3 : tensor<128x64x!tt.ptr<bf16>>, tensor<128x64xi32>
      %104 = tt.addptr %arg17, %cst_2 : tensor<64x64x!tt.ptr<bf16>>, tensor<64x64xi32>
      scf.yield %103, %104, %97, %102 : tensor<128x64x!tt.ptr<bf16>>, tensor<64x64x!tt.ptr<bf16>>, tensor<128x64xf32>, tensor<128x64xf32>
    }
    %69 = arith.subf %cst_1, %68#2 : tensor<128x64xf32>
    %70 = math.exp %69 : tensor<128x64xf32>
    %71 = arith.addf %70, %cst : tensor<128x64xf32>
    %72 = arith.divf %cst, %71 : tensor<128x64xf32>
    %73 = arith.mulf %68#2, %72 : tensor<128x64xf32>
    %74 = arith.mulf %73, %68#3 : tensor<128x64xf32>
    %75 = arith.truncf %74 : tensor<128x64xf32> to tensor<128x64xbf16>
    %76 = tt.splat %32 : i32 -> tensor<64xi32>
    %77 = arith.addi %76, %33 : tensor<64xi32>
    %78 = arith.extsi %arg14 : i32 to i64
    %79 = tt.splat %78 : i64 -> tensor<128x1xi64>
    %80 = arith.muli %79, %42 : tensor<128x1xi64>
    %81 = tt.splat %arg2 : !tt.ptr<bf16> -> tensor<128x1x!tt.ptr<bf16>>
    %82 = tt.addptr %81, %80 : tensor<128x1x!tt.ptr<bf16>>, tensor<128x1xi64>
    %83 = tt.expand_dims %77 {axis = 0 : i32} : tensor<64xi32> -> tensor<1x64xi32>
    %84 = tt.broadcast %82 : tensor<128x1x!tt.ptr<bf16>> -> tensor<128x64x!tt.ptr<bf16>>
    %85 = tt.broadcast %83 : tensor<1x64xi32> -> tensor<128x64xi32>
    %86 = tt.addptr %84, %85 : tensor<128x64x!tt.ptr<bf16>>, tensor<128x64xi32>
    %87 = tt.expand_dims %28 {axis = 1 : i32} : tensor<128xi1> -> tensor<128x1xi1>
    %88 = tt.splat %arg6 : i32 -> tensor<1x64xi32>
    %89 = arith.cmpi slt, %83, %88 : tensor<1x64xi32>
    %90 = tt.broadcast %87 : tensor<128x1xi1> -> tensor<128x64xi1>
    %91 = tt.broadcast %89 : tensor<1x64xi1> -> tensor<128x64xi1>
    %92 = arith.andi %90, %91 : tensor<128x64xi1>
    tt.store %86, %75, %92 : tensor<128x64x!tt.ptr<bf16>>
    tt.return
  }
}

{-#
  external_resources: {
    mlir_reproducer: {
      pipeline: "builtin.module(convert-triton-to-tritongpu{enable-source-remat=false num-ctas=1 num-warps=2 target=cuda:90 threads-per-warp=32}, tritongpu-coalesce, tritongpu-F32DotTC{emu-tf32=true}, triton-nvidia-gpu-plan-cta, tritongpu-remove-layout-conversions, tritongpu-optimize-thread-locality, tritongpu-accelerate-matmul, tritongpu-remove-layout-conversions, tritongpu-optimize-dot-operands{hoist-layout-conversion=true}, triton-nvidia-optimize-descriptor-encoding, triton-loop-aware-cse, tritongpu-fuse-nested-loops, canonicalize{  max-iterations=10 max-num-rewrites=-1 region-simplify=normal test-convergence=false top-down=true}, triton-licm, canonicalize{  max-iterations=10 max-num-rewrites=-1 region-simplify=normal test-convergence=false top-down=true}, tritongpu-combine-tensor-select-and-if, nvgpu-warp-specialization{dump-intermediate-steps=false num-stages=3}, tritongpu-assign-latencies{num-stages=3}, tritongpu-schedule-loops, tritongpu-pipeline{dump-intermediate-steps=false num-stages=3}, canonicalize{  max-iterations=10 max-num-rewrites=-1 region-simplify=normal test-convergence=false top-down=true}, triton-loop-aware-cse, tritongpu-prefetch, tritongpu-optimize-dot-operands{hoist-layout-conversion=true}, tritongpu-coalesce-async-copy, triton-nvidia-optimize-tmem-layouts, triton-nvidia-tma-lowering, tritongpu-remove-layout-conversions, triton-nvidia-interleave-tmem, tritongpu-reduce-data-duplication, tritongpu-reorder-instructions, triton-loop-aware-cse, symbol-dce, triton-nvidia-gpu-fence-insertion{compute-capability=90}, triton-nvidia-mma-lowering, sccp, cse, canonicalize{  max-iterations=10 max-num-rewrites=-1 region-simplify=normal test-convergence=false top-down=true})",
      disable_threading: true,
      verify_each: true
    }
  }
#-}
/home/guancheng/zsh/fusion/glm52_h200/kernels/moe_gateup.py:506:0: error: Failures have been detected while processing an MLIR pass pipeline
/home/guancheng/zsh/fusion/glm52_h200/kernels/moe_gateup.py:506:0: note: Pipeline failed while executing [`TritonGPURemoveLayoutConversions` on 'builtin.module' operation]: reproducer generated at `std::errs, please share the reproducer above with Triton project.`
/home/guancheng/zsh/fusion/glm52_h200/kernels/moe_gateup.py:641:24: error: operand #0 does not dominate this use
    c_mask = token_mask[:, None] & (offs_cn[None, :] < N)
                       ^
/home/guancheng/zsh/fusion/glm52_h200/kernels/moe_gateup.py:475:44: note: operand defined here (op in a child region)
        a = tl.load(a_ptrs, mask=token_mask[:, None], other=0.0)
                                           ^
module {
  tt.func public @moe_gateup_kernel(%arg0: !tt.ptr<bf16> {tt.divisibility = 16 : i32}, %arg1: !tt.ptr<bf16> {tt.divisibility = 16 : i32}, %arg2: !tt.ptr<bf16> {tt.divisibility = 16 : i32}, %arg3: !tt.ptr<i32> {tt.divisibility = 16 : i32}, %arg4: !tt.ptr<i32> {tt.divisibility = 16 : i32}, %arg5: !tt.ptr<i32> {tt.divisibility = 16 : i32}, %arg6: i32 {tt.divisibility = 16 : i32}, %arg7: i32 {tt.divisibility = 16 : i32}, %arg8: i32 {tt.divisibility = 16 : i32}, %arg9: i32 {tt.divisibility = 16 : i32}, %arg10: i32 {tt.divisibility = 16 : i32}, %arg11: i32 {tt.divisibility = 16 : i32}, %arg12: i32 {tt.divisibility = 16 : i32}, %arg13: i32 {tt.divisibility = 16 : i32}, %arg14: i32 {tt.divisibility = 16 : i32}) attributes {noinline = false} {
    %cst = arith.constant dense<1.000000e+00> : tensor<128x64xf32>
    %c2048_i32 = arith.constant 2048 : i32
    %cst_0 = arith.constant dense<0.000000e+00> : tensor<128x64xbf16>
    %cst_1 = arith.constant dense<0.000000e+00> : tensor<128x64xf32>
    %c63_i32 = arith.constant 63 : i32
    %c127_i32 = arith.constant 127 : i32
    %c0_i32 = arith.constant 0 : i32
    %cst_2 = arith.constant dense<64> : tensor<64x64xi32>
    %cst_3 = arith.constant dense<64> : tensor<128x64xi32>
    %cst_4 = arith.constant dense<8> : tensor<128x1xi64>
    %cst_5 = arith.constant dense<0> : tensor<128xi64>
    %c64_i32 = arith.constant 64 : i32
    %c128_i32 = arith.constant 128 : i32
    %c8_i32 = arith.constant 8 : i32
    %0 = tt.get_program_id x : i32
    %1 = arith.addi %arg8, %c127_i32 : i32
    %2 = arith.divsi %1, %c128_i32 : i32
    %3 = arith.addi %arg6, %c63_i32 : i32
    %4 = arith.divsi %3, %c64_i32 : i32
    %5 = arith.muli %4, %c8_i32 : i32
    %6 = arith.divsi %0, %5 : i32
    %7 = arith.muli %6, %c8_i32 : i32
    %8 = arith.subi %2, %7 : i32
    %9 = arith.minsi %8, %c8_i32 : i32
    %10 = arith.remsi %0, %5 : i32
    %11 = arith.remsi %10, %9 : i32
    %12 = arith.addi %7, %11 : i32
    %13 = arith.divsi %10, %9 : i32
    %14 = tt.load %arg5 : !tt.ptr<i32>
    %15 = arith.muli %12, %c128_i32 : i32
    %16 = arith.cmpi sge, %15, %14 : i32
    cf.cond_br %16, ^bb1, ^bb2
  ^bb1:  // pred: ^bb0
    tt.return
  ^bb2:  // pred: ^bb0
    %17 = tt.make_range {end = 128 : i32, start = 0 : i32} : tensor<128xi32>
    %18 = arith.extsi %17 : tensor<128xi32> to tensor<128xi64>
    %19 = arith.extsi %15 : i32 to i64
    %20 = tt.splat %19 : i64 -> tensor<128xi64>
    %21 = arith.addi %20, %18 : tensor<128xi64>
    %22 = tt.splat %arg3 : !tt.ptr<i32> -> tensor<128x!tt.ptr<i32>>
    %23 = tt.addptr %22, %21 : tensor<128x!tt.ptr<i32>>, tensor<128xi64>
    %24 = tt.load %23 : tensor<128x!tt.ptr<i32>>
    %25 = arith.extsi %24 : tensor<128xi32> to tensor<128xi64>
    %26 = arith.extsi %arg9 : i32 to i64
    %27 = tt.splat %26 : i64 -> tensor<128xi64>
    %28 = arith.cmpi slt, %25, %27 : tensor<128xi64>
    %29 = tt.addptr %arg4, %12 : !tt.ptr<i32>, i32
    %30 = tt.load %29 : !tt.ptr<i32>
    %31 = arith.extsi %30 : i32 to i64
    %32 = arith.muli %13, %c64_i32 : i32
    %33 = tt.make_range {end = 64 : i32, start = 0 : i32} : tensor<64xi32>
    %34 = arith.extsi %33 : tensor<64xi32> to tensor<64xi64>
    %35 = arith.extsi %32 : i32 to i64
    %36 = tt.splat %35 : i64 -> tensor<64xi64>
    %37 = arith.addi %36, %34 : tensor<64xi64>
    %38 = arith.extsi %arg6 : i32 to i64
    %39 = tt.splat %38 : i64 -> tensor<64xi64>
    %40 = arith.remsi %37, %39 : tensor<64xi64>
    %41 = arith.select %28, %25, %cst_5 : tensor<128xi1>, tensor<128xi64>
    %42 = tt.expand_dims %41 {axis = 1 : i32} : tensor<128xi64> -> tensor<128x1xi64>
    %43 = arith.divsi %42, %cst_4 : tensor<128x1xi64>
    %44 = arith.extsi %arg11 : i32 to i64
    %45 = tt.splat %44 : i64 -> tensor<128x1xi64>
    %46 = arith.muli %43, %45 : tensor<128x1xi64>
    %47 = tt.expand_dims %33 {axis = 0 : i32} : tensor<64xi32> -> tensor<1x64xi32>
    %48 = arith.extsi %47 : tensor<1x64xi32> to tensor<1x64xi64>
    %49 = tt.broadcast %46 : tensor<128x1xi64> -> tensor<128x64xi64>
    %50 = tt.broadcast %48 : tensor<1x64xi64> -> tensor<128x64xi64>
    %51 = arith.addi %49, %50 : tensor<128x64xi64>
    %52 = tt.splat %arg0 : !tt.ptr<bf16> -> tensor<128x64x!tt.ptr<bf16>>
    %53 = tt.addptr %52, %51 : tensor<128x64x!tt.ptr<bf16>>, tensor<128x64xi64>
    %54 = arith.extsi %arg12 : i32 to i64
    %55 = arith.muli %31, %54 : i64
    %56 = tt.addptr %arg1, %55 : !tt.ptr<bf16>, i64
    %57 = tt.expand_dims %33 {axis = 1 : i32} : tensor<64xi32> -> tensor<64x1xi32>
    %58 = tt.expand_dims %40 {axis = 0 : i32} : tensor<64xi64> -> tensor<1x64xi64>
    %59 = arith.extsi %arg13 : i32 to i64
    %60 = tt.splat %59 : i64 -> tensor<1x64xi64>
    %61 = arith.muli %58, %60 : tensor<1x64xi64>
    %62 = arith.extsi %57 : tensor<64x1xi32> to tensor<64x1xi64>
    %63 = tt.broadcast %62 : tensor<64x1xi64> -> tensor<64x64xi64>
    %64 = tt.broadcast %61 : tensor<1x64xi64> -> tensor<64x64xi64>
    %65 = arith.addi %63, %64 : tensor<64x64xi64>
    %66 = tt.splat %56 : !tt.ptr<bf16> -> tensor<64x64x!tt.ptr<bf16>>
    %67 = tt.addptr %66, %65 : tensor<64x64x!tt.ptr<bf16>>, tensor<64x64xi64>
    %68:4 = scf.for %arg15 = %c0_i32 to %arg7 step %c64_i32 iter_args(%arg16 = %53, %arg17 = %67, %arg18 = %cst_1, %arg19 = %cst_1) -> (tensor<128x64x!tt.ptr<bf16>>, tensor<64x64x!tt.ptr<bf16>>, tensor<128x64xf32>, tensor<128x64xf32>)  : i32 {
      %93 = tt.expand_dims %28 {axis = 1 : i32} : tensor<128xi1> -> tensor<128x1xi1>
      %94 = tt.broadcast %93 : tensor<128x1xi1> -> tensor<128x64xi1>
      %95 = tt.load %arg16, %94, %cst_0 : tensor<128x64x!tt.ptr<bf16>>
      %96 = tt.load %arg17 : tensor<64x64x!tt.ptr<bf16>>
      %97 = tt.dot %95, %96, %arg18, inputPrecision = tf32 : tensor<128x64xbf16> * tensor<64x64xbf16> -> tensor<128x64xf32>
      %98 = arith.muli %arg13, %c2048_i32 : i32
      %99 = tt.splat %98 : i32 -> tensor<64x64xi32>
      %100 = tt.addptr %arg17, %99 : tensor<64x64x!tt.ptr<bf16>>, tensor<64x64xi32>
      %101 = tt.load %100 : tensor<64x64x!tt.ptr<bf16>>
      %102 = tt.dot %95, %101, %arg19, inputPrecision = tf32 : tensor<128x64xbf16> * tensor<64x64xbf16> -> tensor<128x64xf32>
      %103 = tt.addptr %arg16, %cst_3 : tensor<128x64x!tt.ptr<bf16>>, tensor<128x64xi32>
      %104 = tt.addptr %arg17, %cst_2 : tensor<64x64x!tt.ptr<bf16>>, tensor<64x64xi32>
      scf.yield %103, %104, %97, %102 : tensor<128x64x!tt.ptr<bf16>>, tensor<64x64x!tt.ptr<bf16>>, tensor<128x64xf32>, tensor<128x64xf32>
    }
    %69 = arith.subf %cst_1, %68#2 : tensor<128x64xf32>
    %70 = math.exp %69 : tensor<128x64xf32>
    %71 = arith.addf %70, %cst : tensor<128x64xf32>
    %72 = arith.divf %cst, %71 : tensor<128x64xf32>
    %73 = arith.mulf %68#2, %72 : tensor<128x64xf32>
    %74 = arith.mulf %73, %68#3 : tensor<128x64xf32>
    %75 = arith.truncf %74 : tensor<128x64xf32> to tensor<128x64xbf16>
    %76 = tt.splat %32 : i32 -> tensor<64xi32>
    %77 = arith.addi %76, %33 : tensor<64xi32>
    %78 = arith.extsi %arg14 : i32 to i64
    %79 = tt.splat %78 : i64 -> tensor<128x1xi64>
    %80 = arith.muli %79, %42 : tensor<128x1xi64>
    %81 = tt.splat %arg2 : !tt.ptr<bf16> -> tensor<128x1x!tt.ptr<bf16>>
    %82 = tt.addptr %81, %80 : tensor<128x1x!tt.ptr<bf16>>, tensor<128x1xi64>
    %83 = tt.expand_dims %77 {axis = 0 : i32} : tensor<64xi32> -> tensor<1x64xi32>
    %84 = tt.broadcast %82 : tensor<128x1x!tt.ptr<bf16>> -> tensor<128x64x!tt.ptr<bf16>>
    %85 = tt.broadcast %83 : tensor<1x64xi32> -> tensor<128x64xi32>
    %86 = tt.addptr %84, %85 : tensor<128x64x!tt.ptr<bf16>>, tensor<128x64xi32>
    %87 = tt.expand_dims %28 {axis = 1 : i32} : tensor<128xi1> -> tensor<128x1xi1>
    %88 = tt.splat %arg6 : i32 -> tensor<1x64xi32>
    %89 = arith.cmpi slt, %83, %88 : tensor<1x64xi32>
    %90 = tt.broadcast %87 : tensor<128x1xi1> -> tensor<128x64xi1>
    %91 = tt.broadcast %89 : tensor<1x64xi1> -> tensor<128x64xi1>
    %92 = arith.andi %90, %91 : tensor<128x64xi1>
    tt.store %86, %75, %92 : tensor<128x64x!tt.ptr<bf16>>
    tt.return
  }
}

{-#
  external_resources: {
    mlir_reproducer: {
      pipeline: "builtin.module(convert-triton-to-tritongpu{enable-source-remat=false num-ctas=1 num-warps=1 target=cuda:90 threads-per-warp=32}, tritongpu-coalesce, tritongpu-F32DotTC{emu-tf32=true}, triton-nvidia-gpu-plan-cta, tritongpu-remove-layout-conversions, tritongpu-optimize-thread-locality, tritongpu-accelerate-matmul, tritongpu-remove-layout-conversions, tritongpu-optimize-dot-operands{hoist-layout-conversion=true}, triton-nvidia-optimize-descriptor-encoding, triton-loop-aware-cse, tritongpu-fuse-nested-loops, canonicalize{  max-iterations=10 max-num-rewrites=-1 region-simplify=normal test-convergence=false top-down=true}, triton-licm, canonicalize{  max-iterations=10 max-num-rewrites=-1 region-simplify=normal test-convergence=false top-down=true}, tritongpu-combine-tensor-select-and-if, nvgpu-warp-specialization{dump-intermediate-steps=false num-stages=3}, tritongpu-assign-latencies{num-stages=3}, tritongpu-schedule-loops, tritongpu-pipeline{dump-intermediate-steps=false num-stages=3}, canonicalize{  max-iterations=10 max-num-rewrites=-1 region-simplify=normal test-convergence=false top-down=true}, triton-loop-aware-cse, tritongpu-prefetch, tritongpu-optimize-dot-operands{hoist-layout-conversion=true}, tritongpu-coalesce-async-copy, triton-nvidia-optimize-tmem-layouts, triton-nvidia-tma-lowering, tritongpu-remove-layout-conversions, triton-nvidia-interleave-tmem, tritongpu-reduce-data-duplication, tritongpu-reorder-instructions, triton-loop-aware-cse, symbol-dce, triton-nvidia-gpu-fence-insertion{compute-capability=90}, triton-nvidia-mma-lowering, sccp, cse, canonicalize{  max-iterations=10 max-num-rewrites=-1 region-simplify=normal test-convergence=false top-down=true})",
      disable_threading: true,
      verify_each: true
    }
  }
#-}
/home/guancheng/zsh/fusion/glm52_h200/kernels/moe_gateup.py:506:0: error: Failures have been detected while processing an MLIR pass pipeline
/home/guancheng/zsh/fusion/glm52_h200/kernels/moe_gateup.py:506:0: note: Pipeline failed while executing [`TritonGPURemoveLayoutConversions` on 'builtin.module' operation]: reproducer generated at `std::errs, please share the reproducer above with Triton project.`
/home/guancheng/zsh/fusion/glm52_h200/kernels/moe_gateup.py:641:24: error: operand #0 does not dominate this use
    c_mask = token_mask[:, None] & (offs_cn[None, :] < N)
                       ^
/home/guancheng/zsh/fusion/glm52_h200/kernels/moe_gateup.py:475:44: note: operand defined here (op in a child region)
        a = tl.load(a_ptrs, mask=token_mask[:, None], other=0.0)
                                           ^
module {
  tt.func public @moe_gateup_kernel(%arg0: !tt.ptr<bf16> {tt.divisibility = 16 : i32}, %arg1: !tt.ptr<bf16> {tt.divisibility = 16 : i32}, %arg2: !tt.ptr<bf16> {tt.divisibility = 16 : i32}, %arg3: !tt.ptr<i32> {tt.divisibility = 16 : i32}, %arg4: !tt.ptr<i32> {tt.divisibility = 16 : i32}, %arg5: !tt.ptr<i32> {tt.divisibility = 16 : i32}, %arg6: i32 {tt.divisibility = 16 : i32}, %arg7: i32 {tt.divisibility = 16 : i32}, %arg8: i32 {tt.divisibility = 16 : i32}, %arg9: i32 {tt.divisibility = 16 : i32}, %arg10: i32 {tt.divisibility = 16 : i32}, %arg11: i32 {tt.divisibility = 16 : i32}, %arg12: i32 {tt.divisibility = 16 : i32}, %arg13: i32 {tt.divisibility = 16 : i32}, %arg14: i32 {tt.divisibility = 16 : i32}) attributes {noinline = false} {
    %cst = arith.constant dense<1.000000e+00> : tensor<128x64xf32>
    %c2048_i32 = arith.constant 2048 : i32
    %cst_0 = arith.constant dense<0.000000e+00> : tensor<128x64xbf16>
    %cst_1 = arith.constant dense<0.000000e+00> : tensor<128x64xf32>
    %c63_i32 = arith.constant 63 : i32
    %c127_i32 = arith.constant 127 : i32
    %c0_i32 = arith.constant 0 : i32
    %cst_2 = arith.constant dense<64> : tensor<64x64xi32>
    %cst_3 = arith.constant dense<64> : tensor<128x64xi32>
    %cst_4 = arith.constant dense<8> : tensor<128x1xi64>
    %cst_5 = arith.constant dense<0> : tensor<128xi64>
    %c64_i32 = arith.constant 64 : i32
    %c128_i32 = arith.constant 128 : i32
    %c8_i32 = arith.constant 8 : i32
    %0 = tt.get_program_id x : i32
    %1 = arith.addi %arg8, %c127_i32 : i32
    %2 = arith.divsi %1, %c128_i32 : i32
    %3 = arith.addi %arg6, %c63_i32 : i32
    %4 = arith.divsi %3, %c64_i32 : i32
    %5 = arith.muli %4, %c8_i32 : i32
    %6 = arith.divsi %0, %5 : i32
    %7 = arith.muli %6, %c8_i32 : i32
    %8 = arith.subi %2, %7 : i32
    %9 = arith.minsi %8, %c8_i32 : i32
    %10 = arith.remsi %0, %5 : i32
    %11 = arith.remsi %10, %9 : i32
    %12 = arith.addi %7, %11 : i32
    %13 = arith.divsi %10, %9 : i32
    %14 = tt.load %arg5 : !tt.ptr<i32>
    %15 = arith.muli %12, %c128_i32 : i32
    %16 = arith.cmpi sge, %15, %14 : i32
    cf.cond_br %16, ^bb1, ^bb2
  ^bb1:  // pred: ^bb0
    tt.return
  ^bb2:  // pred: ^bb0
    %17 = tt.make_range {end = 128 : i32, start = 0 : i32} : tensor<128xi32>
    %18 = arith.extsi %17 : tensor<128xi32> to tensor<128xi64>
    %19 = arith.extsi %15 : i32 to i64
    %20 = tt.splat %19 : i64 -> tensor<128xi64>
    %21 = arith.addi %20, %18 : tensor<128xi64>
    %22 = tt.splat %arg3 : !tt.ptr<i32> -> tensor<128x!tt.ptr<i32>>
    %23 = tt.addptr %22, %21 : tensor<128x!tt.ptr<i32>>, tensor<128xi64>
    %24 = tt.load %23 : tensor<128x!tt.ptr<i32>>
    %25 = arith.extsi %24 : tensor<128xi32> to tensor<128xi64>
    %26 = arith.extsi %arg9 : i32 to i64
    %27 = tt.splat %26 : i64 -> tensor<128xi64>
    %28 = arith.cmpi slt, %25, %27 : tensor<128xi64>
    %29 = tt.addptr %arg4, %12 : !tt.ptr<i32>, i32
    %30 = tt.load %29 : !tt.ptr<i32>
    %31 = arith.extsi %30 : i32 to i64
    %32 = arith.muli %13, %c64_i32 : i32
    %33 = tt.make_range {end = 64 : i32, start = 0 : i32} : tensor<64xi32>
    %34 = arith.extsi %33 : tensor<64xi32> to tensor<64xi64>
    %35 = arith.extsi %32 : i32 to i64
    %36 = tt.splat %35 : i64 -> tensor<64xi64>
    %37 = arith.addi %36, %34 : tensor<64xi64>
    %38 = arith.extsi %arg6 : i32 to i64
    %39 = tt.splat %38 : i64 -> tensor<64xi64>
    %40 = arith.remsi %37, %39 : tensor<64xi64>
    %41 = arith.select %28, %25, %cst_5 : tensor<128xi1>, tensor<128xi64>
    %42 = tt.expand_dims %41 {axis = 1 : i32} : tensor<128xi64> -> tensor<128x1xi64>
    %43 = arith.divsi %42, %cst_4 : tensor<128x1xi64>
    %44 = arith.extsi %arg11 : i32 to i64
    %45 = tt.splat %44 : i64 -> tensor<128x1xi64>
    %46 = arith.muli %43, %45 : tensor<128x1xi64>
    %47 = tt.expand_dims %33 {axis = 0 : i32} : tensor<64xi32> -> tensor<1x64xi32>
    %48 = arith.extsi %47 : tensor<1x64xi32> to tensor<1x64xi64>
    %49 = tt.broadcast %46 : tensor<128x1xi64> -> tensor<128x64xi64>
    %50 = tt.broadcast %48 : tensor<1x64xi64> -> tensor<128x64xi64>
    %51 = arith.addi %49, %50 : tensor<128x64xi64>
    %52 = tt.splat %arg0 : !tt.ptr<bf16> -> tensor<128x64x!tt.ptr<bf16>>
    %53 = tt.addptr %52, %51 : tensor<128x64x!tt.ptr<bf16>>, tensor<128x64xi64>
    %54 = arith.extsi %arg12 : i32 to i64
    %55 = arith.muli %31, %54 : i64
    %56 = tt.addptr %arg1, %55 : !tt.ptr<bf16>, i64
    %57 = tt.expand_dims %33 {axis = 1 : i32} : tensor<64xi32> -> tensor<64x1xi32>
    %58 = tt.expand_dims %40 {axis = 0 : i32} : tensor<64xi64> -> tensor<1x64xi64>
    %59 = arith.extsi %arg13 : i32 to i64
    %60 = tt.splat %59 : i64 -> tensor<1x64xi64>
    %61 = arith.muli %58, %60 : tensor<1x64xi64>
    %62 = arith.extsi %57 : tensor<64x1xi32> to tensor<64x1xi64>
    %63 = tt.broadcast %62 : tensor<64x1xi64> -> tensor<64x64xi64>
    %64 = tt.broadcast %61 : tensor<1x64xi64> -> tensor<64x64xi64>
    %65 = arith.addi %63, %64 : tensor<64x64xi64>
    %66 = tt.splat %56 : !tt.ptr<bf16> -> tensor<64x64x!tt.ptr<bf16>>
    %67 = tt.addptr %66, %65 : tensor<64x64x!tt.ptr<bf16>>, tensor<64x64xi64>
    %68:4 = scf.for %arg15 = %c0_i32 to %arg7 step %c64_i32 iter_args(%arg16 = %53, %arg17 = %67, %arg18 = %cst_1, %arg19 = %cst_1) -> (tensor<128x64x!tt.ptr<bf16>>, tensor<64x64x!tt.ptr<bf16>>, tensor<128x64xf32>, tensor<128x64xf32>)  : i32 {
      %93 = tt.expand_dims %28 {axis = 1 : i32} : tensor<128xi1> -> tensor<128x1xi1>
      %94 = tt.broadcast %93 : tensor<128x1xi1> -> tensor<128x64xi1>
      %95 = tt.load %arg16, %94, %cst_0 : tensor<128x64x!tt.ptr<bf16>>
      %96 = tt.load %arg17 : tensor<64x64x!tt.ptr<bf16>>
      %97 = tt.dot %95, %96, %arg18, inputPrecision = tf32 : tensor<128x64xbf16> * tensor<64x64xbf16> -> tensor<128x64xf32>
      %98 = arith.muli %arg13, %c2048_i32 : i32
      %99 = tt.splat %98 : i32 -> tensor<64x64xi32>
      %100 = tt.addptr %arg17, %99 : tensor<64x64x!tt.ptr<bf16>>, tensor<64x64xi32>
      %101 = tt.load %100 : tensor<64x64x!tt.ptr<bf16>>
      %102 = tt.dot %95, %101, %arg19, inputPrecision = tf32 : tensor<128x64xbf16> * tensor<64x64xbf16> -> tensor<128x64xf32>
      %103 = tt.addptr %arg16, %cst_3 : tensor<128x64x!tt.ptr<bf16>>, tensor<128x64xi32>
      %104 = tt.addptr %arg17, %cst_2 : tensor<64x64x!tt.ptr<bf16>>, tensor<64x64xi32>
      scf.yield %103, %104, %97, %102 : tensor<128x64x!tt.ptr<bf16>>, tensor<64x64x!tt.ptr<bf16>>, tensor<128x64xf32>, tensor<128x64xf32>
    }
    %69 = arith.subf %cst_1, %68#2 : tensor<128x64xf32>
    %70 = math.exp %69 : tensor<128x64xf32>
    %71 = arith.addf %70, %cst : tensor<128x64xf32>
    %72 = arith.divf %cst, %71 : tensor<128x64xf32>
    %73 = arith.mulf %68#2, %72 : tensor<128x64xf32>
    %74 = arith.mulf %73, %68#3 : tensor<128x64xf32>
    %75 = arith.truncf %74 : tensor<128x64xf32> to tensor<128x64xbf16>
    %76 = tt.splat %32 : i32 -> tensor<64xi32>
    %77 = arith.addi %76, %33 : tensor<64xi32>
    %78 = arith.extsi %arg14 : i32 to i64
    %79 = tt.splat %78 : i64 -> tensor<128x1xi64>
    %80 = arith.muli %79, %42 : tensor<128x1xi64>
    %81 = tt.splat %arg2 : !tt.ptr<bf16> -> tensor<128x1x!tt.ptr<bf16>>
    %82 = tt.addptr %81, %80 : tensor<128x1x!tt.ptr<bf16>>, tensor<128x1xi64>
    %83 = tt.expand_dims %77 {axis = 0 : i32} : tensor<64xi32> -> tensor<1x64xi32>
    %84 = tt.broadcast %82 : tensor<128x1x!tt.ptr<bf16>> -> tensor<128x64x!tt.ptr<bf16>>
    %85 = tt.broadcast %83 : tensor<1x64xi32> -> tensor<128x64xi32>
    %86 = tt.addptr %84, %85 : tensor<128x64x!tt.ptr<bf16>>, tensor<128x64xi32>
    %87 = tt.expand_dims %28 {axis = 1 : i32} : tensor<128xi1> -> tensor<128x1xi1>
    %88 = tt.splat %arg6 : i32 -> tensor<1x64xi32>
    %89 = arith.cmpi slt, %83, %88 : tensor<1x64xi32>
    %90 = tt.broadcast %87 : tensor<128x1xi1> -> tensor<128x64xi1>
    %91 = tt.broadcast %89 : tensor<1x64xi1> -> tensor<128x64xi1>
    %92 = arith.andi %90, %91 : tensor<128x64xi1>
    tt.store %86, %75, %92 : tensor<128x64x!tt.ptr<bf16>>
    tt.return
  }
}

{-#
  external_resources: {
    mlir_reproducer: {
      pipeline: "builtin.module(convert-triton-to-tritongpu{enable-source-remat=false num-ctas=1 num-warps=2 target=cuda:90 threads-per-warp=32}, tritongpu-coalesce, tritongpu-F32DotTC{emu-tf32=true}, triton-nvidia-gpu-plan-cta, tritongpu-remove-layout-conversions, tritongpu-optimize-thread-locality, tritongpu-accelerate-matmul, tritongpu-remove-layout-conversions, tritongpu-optimize-dot-operands{hoist-layout-conversion=true}, triton-nvidia-optimize-descriptor-encoding, triton-loop-aware-cse, tritongpu-fuse-nested-loops, canonicalize{  max-iterations=10 max-num-rewrites=-1 region-simplify=normal test-convergence=false top-down=true}, triton-licm, canonicalize{  max-iterations=10 max-num-rewrites=-1 region-simplify=normal test-convergence=false top-down=true}, tritongpu-combine-tensor-select-and-if, nvgpu-warp-specialization{dump-intermediate-steps=false num-stages=3}, tritongpu-assign-latencies{num-stages=3}, tritongpu-schedule-loops, tritongpu-pipeline{dump-intermediate-steps=false num-stages=3}, canonicalize{  max-iterations=10 max-num-rewrites=-1 region-simplify=normal test-convergence=false top-down=true}, triton-loop-aware-cse, tritongpu-prefetch, tritongpu-optimize-dot-operands{hoist-layout-conversion=true}, tritongpu-coalesce-async-copy, triton-nvidia-optimize-tmem-layouts, triton-nvidia-tma-lowering, tritongpu-remove-layout-conversions, triton-nvidia-interleave-tmem, tritongpu-reduce-data-duplication, tritongpu-reorder-instructions, triton-loop-aware-cse, symbol-dce, triton-nvidia-gpu-fence-insertion{compute-capability=90}, triton-nvidia-mma-lowering, sccp, cse, canonicalize{  max-iterations=10 max-num-rewrites=-1 region-simplify=normal test-convergence=false top-down=true})",
      disable_threading: true,
      verify_each: true
    }
  }
#-}
/home/guancheng/zsh/fusion/glm52_h200/kernels/moe_gateup.py:506:0: error: Failures have been detected while processing an MLIR pass pipeline
/home/guancheng/zsh/fusion/glm52_h200/kernels/moe_gateup.py:506:0: note: Pipeline failed while executing [`TritonGPURemoveLayoutConversions` on 'builtin.module' operation]: reproducer generated at `std::errs, please share the reproducer above with Triton project.`
  [cfgs] w13+swiglu            3.3847 ms  (37 cfgs tried)  {'BLOCK_M': 128, 'BLOCK_N': 64, 'BLOCK_K': 64, 'GROUP_M': 8, 'num_warps': 8, 'num_stages': 3}
  [cfgs] silu_and_mul          0.0545 ms  (17 cfgs tried)  {'BLOCK_M': 4, 'BLOCK_N': 1024, 'num_warps': 8, 'num_stages': 2}
  [cfgs] w2 gemm            tile sweep    1.7529 ms (47 cfgs, 1 fail)
  [cfgs] w2 gemm               1.7134 ms  (39 cfgs tried)  {'BLOCK_M': 128, 'BLOCK_N': 128, 'BLOCK_K': 64, 'GROUP_M': 8, 'num_warps': 8, 'num_stages': 3}
  [cfgs] w2+merge(atomic)   tile sweep    1.8860 ms (47 cfgs, 1 fail)
/home/guancheng/zsh/fusion/glm52_h200/kernels/moe_down_merge.py:566:50: error: operand #0 does not dominate this use
    safe_token = tl.where(token_mask, offs_token, 0)
                                                 ^
/home/guancheng/zsh/fusion/glm52_h200/kernels/moe_down_merge.py:631:36: note: operand defined here (op in the same block)
    c_mask = token_mask[:, None] & (offs_cn[None, :] < N)
                                   ^
module {
  tt.func public @moe_down_kernel(%arg0: !tt.ptr<bf16> {tt.divisibility = 16 : i32}, %arg1: !tt.ptr<bf16> {tt.divisibility = 16 : i32}, %arg2: !tt.ptr<bf16> {tt.divisibility = 16 : i32}, %arg3: !tt.ptr<f32> {tt.divisibility = 16 : i32}, %arg4: !tt.ptr<i32> {tt.divisibility = 16 : i32}, %arg5: !tt.ptr<i32> {tt.divisibility = 16 : i32}, %arg6: !tt.ptr<i32> {tt.divisibility = 16 : i32}, %arg7: i32 {tt.divisibility = 16 : i32}, %arg8: i32 {tt.divisibility = 16 : i32}, %arg9: i32, %arg10: i32, %arg11: i32 {tt.divisibility = 16 : i32}, %arg12: i32 {tt.divisibility = 16 : i32}, %arg13: i32 {tt.divisibility = 16 : i32}, %arg14: i32 {tt.divisibility = 16 : i32}, %arg15: i32 {tt.divisibility = 16 : i32}) attributes {noinline = false} {
    %cst = arith.constant dense<0.000000e+00> : tensor<128x64xbf16>
    %cst_0 = arith.constant dense<0.000000e+00> : tensor<128x128xf32>
    %c127_i32 = arith.constant 127 : i32
    %c64_i32 = arith.constant 64 : i32
    %c0_i32 = arith.constant 0 : i32
    %cst_1 = arith.constant dense<8> : tensor<128xi64>
    %cst_2 = arith.constant dense<0.000000e+00> : tensor<128xf32>
    %cst_3 = arith.constant dense<64> : tensor<64x128xi32>
    %cst_4 = arith.constant dense<64> : tensor<128x64xi32>
    %cst_5 = arith.constant dense<0> : tensor<128xi64>
    %c128_i32 = arith.constant 128 : i32
    %c1_i32 = arith.constant 1 : i32
    %0 = tt.get_program_id x : i32
    %1 = arith.addi %arg9, %c127_i32 : i32
    %2 = arith.divsi %1, %c128_i32 : i32
    %3 = arith.addi %arg7, %c127_i32 : i32
    %4 = arith.divsi %3, %c128_i32 : i32
    %5 = arith.divsi %0, %4 : i32
    %6 = arith.subi %2, %5 : i32
    %7 = arith.minsi %6, %c1_i32 : i32
    %8 = arith.remsi %0, %4 : i32
    %9 = arith.remsi %8, %7 : i32
    %10 = arith.addi %5, %9 : i32
    %11 = arith.divsi %8, %7 : i32
    %12 = tt.load %arg6 : !tt.ptr<i32>
    %13 = arith.muli %10, %c128_i32 : i32
    %14 = arith.cmpi sge, %13, %12 : i32
    cf.cond_br %14, ^bb1, ^bb2
  ^bb1:  // pred: ^bb0
    tt.return
  ^bb2:  // pred: ^bb0
    %15 = tt.make_range {end = 128 : i32, start = 0 : i32} : tensor<128xi32>
    %16 = arith.extsi %15 : tensor<128xi32> to tensor<128xi64>
    %17 = arith.extsi %13 : i32 to i64
    %18 = tt.splat %17 : i64 -> tensor<128xi64>
    %19 = arith.addi %18, %16 : tensor<128xi64>
    %20 = tt.splat %arg4 : !tt.ptr<i32> -> tensor<128x!tt.ptr<i32>>
    %21 = tt.addptr %20, %19 : tensor<128x!tt.ptr<i32>>, tensor<128xi64>
    %22 = tt.load %21 : tensor<128x!tt.ptr<i32>>
    %23 = arith.extsi %22 : tensor<128xi32> to tensor<128xi64>
    %24 = arith.extsi %arg10 : i32 to i64
    %25 = tt.splat %24 : i64 -> tensor<128xi64>
    %26 = arith.cmpi slt, %23, %25 : tensor<128xi64>
    %27 = arith.select %26, %23, %cst_5 : tensor<128xi1>, tensor<128xi64>
    %28 = tt.addptr %arg5, %10 : !tt.ptr<i32>, i32
    %29 = tt.load %28 : !tt.ptr<i32>
    %30 = arith.extsi %29 : i32 to i64
    %31 = arith.muli %11, %c128_i32 : i32
    %32 = arith.extsi %31 : i32 to i64
    %33 = tt.splat %32 : i64 -> tensor<128xi64>
    %34 = arith.addi %33, %16 : tensor<128xi64>
    %35 = arith.extsi %arg7 : i32 to i64
    %36 = tt.splat %35 : i64 -> tensor<128xi64>
    %37 = arith.remsi %34, %36 : tensor<128xi64>
    %38 = tt.make_range {end = 64 : i32, start = 0 : i32} : tensor<64xi32>
    %39 = tt.expand_dims %27 {axis = 1 : i32} : tensor<128xi64> -> tensor<128x1xi64>
    %40 = arith.extsi %arg12 : i32 to i64
    %41 = tt.splat %40 : i64 -> tensor<128x1xi64>
    %42 = arith.muli %39, %41 : tensor<128x1xi64>
    %43 = tt.expand_dims %38 {axis = 0 : i32} : tensor<64xi32> -> tensor<1x64xi32>
    %44 = arith.extsi %43 : tensor<1x64xi32> to tensor<1x64xi64>
    %45 = tt.broadcast %42 : tensor<128x1xi64> -> tensor<128x64xi64>
    %46 = tt.broadcast %44 : tensor<1x64xi64> -> tensor<128x64xi64>
    %47 = arith.addi %45, %46 : tensor<128x64xi64>
    %48 = tt.splat %arg0 : !tt.ptr<bf16> -> tensor<128x64x!tt.ptr<bf16>>
    %49 = tt.addptr %48, %47 : tensor<128x64x!tt.ptr<bf16>>, tensor<128x64xi64>
    %50 = arith.extsi %arg13 : i32 to i64
    %51 = arith.muli %30, %50 : i64
    %52 = tt.addptr %arg1, %51 : !tt.ptr<bf16>, i64
    %53 = tt.expand_dims %38 {axis = 1 : i32} : tensor<64xi32> -> tensor<64x1xi32>
    %54 = tt.expand_dims %37 {axis = 0 : i32} : tensor<128xi64> -> tensor<1x128xi64>
    %55 = arith.extsi %arg14 : i32 to i64
    %56 = tt.splat %55 : i64 -> tensor<1x128xi64>
    %57 = arith.muli %54, %56 : tensor<1x128xi64>
    %58 = arith.extsi %53 : tensor<64x1xi32> to tensor<64x1xi64>
    %59 = tt.broadcast %58 : tensor<64x1xi64> -> tensor<64x128xi64>
    %60 = tt.broadcast %57 : tensor<1x128xi64> -> tensor<64x128xi64>
    %61 = arith.addi %59, %60 : tensor<64x128xi64>
    %62 = tt.splat %52 : !tt.ptr<bf16> -> tensor<64x128x!tt.ptr<bf16>>
    %63 = tt.addptr %62, %61 : tensor<64x128x!tt.ptr<bf16>>, tensor<64x128xi64>
    %64:3 = scf.for %arg16 = %c0_i32 to %arg8 step %c64_i32 iter_args(%arg17 = %49, %arg18 = %63, %arg19 = %cst_0) -> (tensor<128x64x!tt.ptr<bf16>>, tensor<64x128x!tt.ptr<bf16>>, tensor<128x128xf32>)  : i32 {
      %92 = tt.expand_dims %26 {axis = 1 : i32} : tensor<128xi1> -> tensor<128x1xi1>
      %93 = tt.broadcast %92 : tensor<128x1xi1> -> tensor<128x64xi1>
      %94 = tt.load %arg17, %93, %cst : tensor<128x64x!tt.ptr<bf16>>
      %95 = tt.load %arg18 : tensor<64x128x!tt.ptr<bf16>>
      %96 = tt.dot %94, %95, %arg19, inputPrecision = tf32 : tensor<128x64xbf16> * tensor<64x128xbf16> -> tensor<128x128xf32>
      %97 = tt.addptr %arg17, %cst_4 : tensor<128x64x!tt.ptr<bf16>>, tensor<128x64xi32>
      %98 = tt.addptr %arg18, %cst_3 : tensor<64x128x!tt.ptr<bf16>>, tensor<64x128xi32>
      scf.yield %97, %98, %96 : tensor<128x64x!tt.ptr<bf16>>, tensor<64x128x!tt.ptr<bf16>>, tensor<128x128xf32>
    }
    %65 = tt.splat %arg3 : !tt.ptr<f32> -> tensor<128x!tt.ptr<f32>>
    %66 = tt.addptr %65, %27 : tensor<128x!tt.ptr<f32>>, tensor<128xi64>
    %67 = tt.load %66, %26, %cst_2 : tensor<128x!tt.ptr<f32>>
    %68 = tt.expand_dims %67 {axis = 1 : i32} : tensor<128xf32> -> tensor<128x1xf32>
    %69 = tt.broadcast %68 : tensor<128x1xf32> -> tensor<128x128xf32>
    %70 = arith.mulf %64#2, %69 : tensor<128x128xf32>
    %71 = arith.truncf %70 : tensor<128x128xf32> to tensor<128x128xbf16>
    %72 = tt.splat %31 : i32 -> tensor<128xi32>
    %73 = arith.addi %72, %15 : tensor<128xi32>
    %74 = tt.expand_dims %26 {axis = 1 : i32} : tensor<128xi1> -> tensor<128x1xi1>
    %75 = tt.expand_dims %73 {axis = 0 : i32} : tensor<128xi32> -> tensor<1x128xi32>
    %76 = tt.splat %arg7 : i32 -> tensor<1x128xi32>
    %77 = arith.cmpi slt, %75, %76 : tensor<1x128xi32>
    %78 = tt.broadcast %74 : tensor<128x1xi1> -> tensor<128x128xi1>
    %79 = tt.broadcast %77 : tensor<1x128xi1> -> tensor<128x128xi1>
    %80 = arith.andi %78, %79 : tensor<128x128xi1>
    %81 = arith.divsi %27, %cst_1 : tensor<128xi64>
    %82 = tt.expand_dims %81 {axis = 1 : i32} : tensor<128xi64> -> tensor<128x1xi64>
    %83 = arith.extsi %arg15 : i32 to i64
    %84 = tt.splat %83 : i64 -> tensor<128x1xi64>
    %85 = arith.muli %84, %82 : tensor<128x1xi64>
    %86 = tt.splat %arg2 : !tt.ptr<bf16> -> tensor<128x1x!tt.ptr<bf16>>
    %87 = tt.addptr %86, %85 : tensor<128x1x!tt.ptr<bf16>>, tensor<128x1xi64>
    %88 = tt.broadcast %87 : tensor<128x1x!tt.ptr<bf16>> -> tensor<128x128x!tt.ptr<bf16>>
    %89 = tt.broadcast %75 : tensor<1x128xi32> -> tensor<128x128xi32>
    %90 = tt.addptr %88, %89 : tensor<128x128x!tt.ptr<bf16>>, tensor<128x128xi32>
    %91 = tt.atomic_rmw fadd, acq_rel, gpu, %90, %71, %80 : (tensor<128x128x!tt.ptr<bf16>>, tensor<128x128xbf16>, tensor<128x128xi1>) -> tensor<128x128xbf16>
    tt.return
  }
}

{-#
  external_resources: {
    mlir_reproducer: {
      pipeline: "builtin.module(convert-triton-to-tritongpu{enable-source-remat=false num-ctas=1 num-warps=4 target=cuda:90 threads-per-warp=32}, tritongpu-coalesce, tritongpu-F32DotTC{emu-tf32=true}, triton-nvidia-gpu-plan-cta, tritongpu-remove-layout-conversions, tritongpu-optimize-thread-locality, tritongpu-accelerate-matmul, tritongpu-remove-layout-conversions, tritongpu-optimize-dot-operands{hoist-layout-conversion=true}, triton-nvidia-optimize-descriptor-encoding, triton-loop-aware-cse, tritongpu-fuse-nested-loops, canonicalize{  max-iterations=10 max-num-rewrites=-1 region-simplify=normal test-convergence=false top-down=true}, triton-licm, canonicalize{  max-iterations=10 max-num-rewrites=-1 region-simplify=normal test-convergence=false top-down=true}, tritongpu-combine-tensor-select-and-if, nvgpu-warp-specialization{dump-intermediate-steps=false num-stages=3}, tritongpu-assign-latencies{num-stages=3}, tritongpu-schedule-loops, tritongpu-pipeline{dump-intermediate-steps=false num-stages=3}, canonicalize{  max-iterations=10 max-num-rewrites=-1 region-simplify=normal test-convergence=false top-down=true}, triton-loop-aware-cse, tritongpu-prefetch, tritongpu-optimize-dot-operands{hoist-layout-conversion=true}, tritongpu-coalesce-async-copy, triton-nvidia-optimize-tmem-layouts, triton-nvidia-tma-lowering, tritongpu-remove-layout-conversions, triton-nvidia-interleave-tmem, tritongpu-reduce-data-duplication, tritongpu-reorder-instructions, triton-loop-aware-cse, symbol-dce, triton-nvidia-gpu-fence-insertion{compute-capability=90}, triton-nvidia-mma-lowering, sccp, cse, canonicalize{  max-iterations=10 max-num-rewrites=-1 region-simplify=normal test-convergence=false top-down=true})",
      disable_threading: true,
      verify_each: true
    }
  }
#-}
/home/guancheng/zsh/fusion/glm52_h200/kernels/moe_down_merge.py:506:0: error: Failures have been detected while processing an MLIR pass pipeline
/home/guancheng/zsh/fusion/glm52_h200/kernels/moe_down_merge.py:506:0: note: Pipeline failed while executing [`TritonGPURemoveLayoutConversions` on 'builtin.module' operation]: reproducer generated at `std::errs, please share the reproducer above with Triton project.`
/home/guancheng/zsh/fusion/glm52_h200/kernels/moe_down_merge.py:566:50: error: operand #0 does not dominate this use
    safe_token = tl.where(token_mask, offs_token, 0)
                                                 ^
/home/guancheng/zsh/fusion/glm52_h200/kernels/moe_down_merge.py:631:36: note: operand defined here (op in the same block)
    c_mask = token_mask[:, None] & (offs_cn[None, :] < N)
                                   ^
module {
  tt.func public @moe_down_kernel(%arg0: !tt.ptr<bf16> {tt.divisibility = 16 : i32}, %arg1: !tt.ptr<bf16> {tt.divisibility = 16 : i32}, %arg2: !tt.ptr<bf16> {tt.divisibility = 16 : i32}, %arg3: !tt.ptr<f32> {tt.divisibility = 16 : i32}, %arg4: !tt.ptr<i32> {tt.divisibility = 16 : i32}, %arg5: !tt.ptr<i32> {tt.divisibility = 16 : i32}, %arg6: !tt.ptr<i32> {tt.divisibility = 16 : i32}, %arg7: i32 {tt.divisibility = 16 : i32}, %arg8: i32 {tt.divisibility = 16 : i32}, %arg9: i32, %arg10: i32, %arg11: i32 {tt.divisibility = 16 : i32}, %arg12: i32 {tt.divisibility = 16 : i32}, %arg13: i32 {tt.divisibility = 16 : i32}, %arg14: i32 {tt.divisibility = 16 : i32}, %arg15: i32 {tt.divisibility = 16 : i32}) attributes {noinline = false} {
    %cst = arith.constant dense<0.000000e+00> : tensor<128x64xbf16>
    %cst_0 = arith.constant dense<0.000000e+00> : tensor<128x128xf32>
    %c127_i32 = arith.constant 127 : i32
    %c64_i32 = arith.constant 64 : i32
    %c0_i32 = arith.constant 0 : i32
    %cst_1 = arith.constant dense<8> : tensor<128xi64>
    %cst_2 = arith.constant dense<0.000000e+00> : tensor<128xf32>
    %cst_3 = arith.constant dense<64> : tensor<64x128xi32>
    %cst_4 = arith.constant dense<64> : tensor<128x64xi32>
    %cst_5 = arith.constant dense<0> : tensor<128xi64>
    %c128_i32 = arith.constant 128 : i32
    %c1_i32 = arith.constant 1 : i32
    %0 = tt.get_program_id x : i32
    %1 = arith.addi %arg9, %c127_i32 : i32
    %2 = arith.divsi %1, %c128_i32 : i32
    %3 = arith.addi %arg7, %c127_i32 : i32
    %4 = arith.divsi %3, %c128_i32 : i32
    %5 = arith.divsi %0, %4 : i32
    %6 = arith.subi %2, %5 : i32
    %7 = arith.minsi %6, %c1_i32 : i32
    %8 = arith.remsi %0, %4 : i32
    %9 = arith.remsi %8, %7 : i32
    %10 = arith.addi %5, %9 : i32
    %11 = arith.divsi %8, %7 : i32
    %12 = tt.load %arg6 : !tt.ptr<i32>
    %13 = arith.muli %10, %c128_i32 : i32
    %14 = arith.cmpi sge, %13, %12 : i32
    cf.cond_br %14, ^bb1, ^bb2
  ^bb1:  // pred: ^bb0
    tt.return
  ^bb2:  // pred: ^bb0
    %15 = tt.make_range {end = 128 : i32, start = 0 : i32} : tensor<128xi32>
    %16 = arith.extsi %15 : tensor<128xi32> to tensor<128xi64>
    %17 = arith.extsi %13 : i32 to i64
    %18 = tt.splat %17 : i64 -> tensor<128xi64>
    %19 = arith.addi %18, %16 : tensor<128xi64>
    %20 = tt.splat %arg4 : !tt.ptr<i32> -> tensor<128x!tt.ptr<i32>>
    %21 = tt.addptr %20, %19 : tensor<128x!tt.ptr<i32>>, tensor<128xi64>
    %22 = tt.load %21 : tensor<128x!tt.ptr<i32>>
    %23 = arith.extsi %22 : tensor<128xi32> to tensor<128xi64>
    %24 = arith.extsi %arg10 : i32 to i64
    %25 = tt.splat %24 : i64 -> tensor<128xi64>
    %26 = arith.cmpi slt, %23, %25 : tensor<128xi64>
    %27 = arith.select %26, %23, %cst_5 : tensor<128xi1>, tensor<128xi64>
    %28 = tt.addptr %arg5, %10 : !tt.ptr<i32>, i32
    %29 = tt.load %28 : !tt.ptr<i32>
    %30 = arith.extsi %29 : i32 to i64
    %31 = arith.muli %11, %c128_i32 : i32
    %32 = arith.extsi %31 : i32 to i64
    %33 = tt.splat %32 : i64 -> tensor<128xi64>
    %34 = arith.addi %33, %16 : tensor<128xi64>
    %35 = arith.extsi %arg7 : i32 to i64
    %36 = tt.splat %35 : i64 -> tensor<128xi64>
    %37 = arith.remsi %34, %36 : tensor<128xi64>
    %38 = tt.make_range {end = 64 : i32, start = 0 : i32} : tensor<64xi32>
    %39 = tt.expand_dims %27 {axis = 1 : i32} : tensor<128xi64> -> tensor<128x1xi64>
    %40 = arith.extsi %arg12 : i32 to i64
    %41 = tt.splat %40 : i64 -> tensor<128x1xi64>
    %42 = arith.muli %39, %41 : tensor<128x1xi64>
    %43 = tt.expand_dims %38 {axis = 0 : i32} : tensor<64xi32> -> tensor<1x64xi32>
    %44 = arith.extsi %43 : tensor<1x64xi32> to tensor<1x64xi64>
    %45 = tt.broadcast %42 : tensor<128x1xi64> -> tensor<128x64xi64>
    %46 = tt.broadcast %44 : tensor<1x64xi64> -> tensor<128x64xi64>
    %47 = arith.addi %45, %46 : tensor<128x64xi64>
    %48 = tt.splat %arg0 : !tt.ptr<bf16> -> tensor<128x64x!tt.ptr<bf16>>
    %49 = tt.addptr %48, %47 : tensor<128x64x!tt.ptr<bf16>>, tensor<128x64xi64>
    %50 = arith.extsi %arg13 : i32 to i64
    %51 = arith.muli %30, %50 : i64
    %52 = tt.addptr %arg1, %51 : !tt.ptr<bf16>, i64
    %53 = tt.expand_dims %38 {axis = 1 : i32} : tensor<64xi32> -> tensor<64x1xi32>
    %54 = tt.expand_dims %37 {axis = 0 : i32} : tensor<128xi64> -> tensor<1x128xi64>
    %55 = arith.extsi %arg14 : i32 to i64
    %56 = tt.splat %55 : i64 -> tensor<1x128xi64>
    %57 = arith.muli %54, %56 : tensor<1x128xi64>
    %58 = arith.extsi %53 : tensor<64x1xi32> to tensor<64x1xi64>
    %59 = tt.broadcast %58 : tensor<64x1xi64> -> tensor<64x128xi64>
    %60 = tt.broadcast %57 : tensor<1x128xi64> -> tensor<64x128xi64>
    %61 = arith.addi %59, %60 : tensor<64x128xi64>
    %62 = tt.splat %52 : !tt.ptr<bf16> -> tensor<64x128x!tt.ptr<bf16>>
    %63 = tt.addptr %62, %61 : tensor<64x128x!tt.ptr<bf16>>, tensor<64x128xi64>
    %64:3 = scf.for %arg16 = %c0_i32 to %arg8 step %c64_i32 iter_args(%arg17 = %49, %arg18 = %63, %arg19 = %cst_0) -> (tensor<128x64x!tt.ptr<bf16>>, tensor<64x128x!tt.ptr<bf16>>, tensor<128x128xf32>)  : i32 {
      %92 = tt.expand_dims %26 {axis = 1 : i32} : tensor<128xi1> -> tensor<128x1xi1>
      %93 = tt.broadcast %92 : tensor<128x1xi1> -> tensor<128x64xi1>
      %94 = tt.load %arg17, %93, %cst : tensor<128x64x!tt.ptr<bf16>>
      %95 = tt.load %arg18 : tensor<64x128x!tt.ptr<bf16>>
      %96 = tt.dot %94, %95, %arg19, inputPrecision = tf32 : tensor<128x64xbf16> * tensor<64x128xbf16> -> tensor<128x128xf32>
      %97 = tt.addptr %arg17, %cst_4 : tensor<128x64x!tt.ptr<bf16>>, tensor<128x64xi32>
      %98 = tt.addptr %arg18, %cst_3 : tensor<64x128x!tt.ptr<bf16>>, tensor<64x128xi32>
      scf.yield %97, %98, %96 : tensor<128x64x!tt.ptr<bf16>>, tensor<64x128x!tt.ptr<bf16>>, tensor<128x128xf32>
    }
    %65 = tt.splat %arg3 : !tt.ptr<f32> -> tensor<128x!tt.ptr<f32>>
    %66 = tt.addptr %65, %27 : tensor<128x!tt.ptr<f32>>, tensor<128xi64>
    %67 = tt.load %66, %26, %cst_2 : tensor<128x!tt.ptr<f32>>
    %68 = tt.expand_dims %67 {axis = 1 : i32} : tensor<128xf32> -> tensor<128x1xf32>
    %69 = tt.broadcast %68 : tensor<128x1xf32> -> tensor<128x128xf32>
    %70 = arith.mulf %64#2, %69 : tensor<128x128xf32>
    %71 = arith.truncf %70 : tensor<128x128xf32> to tensor<128x128xbf16>
    %72 = tt.splat %31 : i32 -> tensor<128xi32>
    %73 = arith.addi %72, %15 : tensor<128xi32>
    %74 = tt.expand_dims %26 {axis = 1 : i32} : tensor<128xi1> -> tensor<128x1xi1>
    %75 = tt.expand_dims %73 {axis = 0 : i32} : tensor<128xi32> -> tensor<1x128xi32>
    %76 = tt.splat %arg7 : i32 -> tensor<1x128xi32>
    %77 = arith.cmpi slt, %75, %76 : tensor<1x128xi32>
    %78 = tt.broadcast %74 : tensor<128x1xi1> -> tensor<128x128xi1>
    %79 = tt.broadcast %77 : tensor<1x128xi1> -> tensor<128x128xi1>
    %80 = arith.andi %78, %79 : tensor<128x128xi1>
    %81 = arith.divsi %27, %cst_1 : tensor<128xi64>
    %82 = tt.expand_dims %81 {axis = 1 : i32} : tensor<128xi64> -> tensor<128x1xi64>
    %83 = arith.extsi %arg15 : i32 to i64
    %84 = tt.splat %83 : i64 -> tensor<128x1xi64>
    %85 = arith.muli %84, %82 : tensor<128x1xi64>
    %86 = tt.splat %arg2 : !tt.ptr<bf16> -> tensor<128x1x!tt.ptr<bf16>>
    %87 = tt.addptr %86, %85 : tensor<128x1x!tt.ptr<bf16>>, tensor<128x1xi64>
    %88 = tt.broadcast %87 : tensor<128x1x!tt.ptr<bf16>> -> tensor<128x128x!tt.ptr<bf16>>
    %89 = tt.broadcast %75 : tensor<1x128xi32> -> tensor<128x128xi32>
    %90 = tt.addptr %88, %89 : tensor<128x128x!tt.ptr<bf16>>, tensor<128x128xi32>
    %91 = tt.atomic_rmw fadd, acq_rel, gpu, %90, %71, %80 : (tensor<128x128x!tt.ptr<bf16>>, tensor<128x128xbf16>, tensor<128x128xi1>) -> tensor<128x128xbf16>
    tt.return
  }
}

{-#
  external_resources: {
    mlir_reproducer: {
      pipeline: "builtin.module(convert-triton-to-tritongpu{enable-source-remat=false num-ctas=1 num-warps=4 target=cuda:90 threads-per-warp=32}, tritongpu-coalesce, tritongpu-F32DotTC{emu-tf32=true}, triton-nvidia-gpu-plan-cta, tritongpu-remove-layout-conversions, tritongpu-optimize-thread-locality, tritongpu-accelerate-matmul, tritongpu-remove-layout-conversions, tritongpu-optimize-dot-operands{hoist-layout-conversion=true}, triton-nvidia-optimize-descriptor-encoding, triton-loop-aware-cse, tritongpu-fuse-nested-loops, canonicalize{  max-iterations=10 max-num-rewrites=-1 region-simplify=normal test-convergence=false top-down=true}, triton-licm, canonicalize{  max-iterations=10 max-num-rewrites=-1 region-simplify=normal test-convergence=false top-down=true}, tritongpu-combine-tensor-select-and-if, nvgpu-warp-specialization{dump-intermediate-steps=false num-stages=3}, tritongpu-assign-latencies{num-stages=3}, tritongpu-schedule-loops, tritongpu-pipeline{dump-intermediate-steps=false num-stages=3}, canonicalize{  max-iterations=10 max-num-rewrites=-1 region-simplify=normal test-convergence=false top-down=true}, triton-loop-aware-cse, tritongpu-prefetch, tritongpu-optimize-dot-operands{hoist-layout-conversion=true}, tritongpu-coalesce-async-copy, triton-nvidia-optimize-tmem-layouts, triton-nvidia-tma-lowering, tritongpu-remove-layout-conversions, triton-nvidia-interleave-tmem, tritongpu-reduce-data-duplication, tritongpu-reorder-instructions, triton-loop-aware-cse, symbol-dce, triton-nvidia-gpu-fence-insertion{compute-capability=90}, triton-nvidia-mma-lowering, sccp, cse, canonicalize{  max-iterations=10 max-num-rewrites=-1 region-simplify=normal test-convergence=false top-down=true})",
      disable_threading: true,
      verify_each: true
    }
  }
#-}
/home/guancheng/zsh/fusion/glm52_h200/kernels/moe_down_merge.py:506:0: error: Failures have been detected while processing an MLIR pass pipeline
/home/guancheng/zsh/fusion/glm52_h200/kernels/moe_down_merge.py:506:0: note: Pipeline failed while executing [`TritonGPURemoveLayoutConversions` on 'builtin.module' operation]: reproducer generated at `std::errs, please share the reproducer above with Triton project.`
  [cfgs] w2+merge(atomic)      1.8565 ms  (39 cfgs tried)  {'BLOCK_M': 128, 'BLOCK_N': 128, 'BLOCK_K': 64, 'GROUP_M': 1, 'num_warps': 8, 'num_stages': 3}
  [cfgs] moe_sum               0.0730 ms  (15 cfgs tried)  {'BLOCK_M': 4, 'BLOCK_DIM': 256, 'num_warps': 8, 'num_stages': 3}
  [cfgs] resadd                0.0320 ms  (17 cfgs tried)  {'BLOCK_M': 4, 'BLOCK_N': 256, 'num_warps': 8, 'num_stages': 3}
  [cfgs] router prenorm     tile sweep    0.0411 ms (46 cfgs, 0 fail)
  [cfgs] router prenorm        0.0395 ms  (37 cfgs tried)  {'BLOCK_M': 64, 'BLOCK_N': 64, 'BLOCK_K': 128, 'GROUP_M': 1, 'num_warps': 8, 'num_stages': 3}
  [cfgs] w13 prenorm        tile sweep    3.6065 ms (48 cfgs, 1 fail)
  [cfgs] w13 prenorm           3.3118 ms  (37 cfgs tried)  {'BLOCK_M': 128, 'BLOCK_N': 256, 'BLOCK_K': 64, 'GROUP_M': 8, 'num_warps': 8, 'num_stages': 4}
  [shared] tuning w13 (32), act (18), w2 (32)
  [shared] w13 0.1805 {'BLOCK_M': 128, 'BLOCK_N': 128, 'BLOCK_K': 64, 'GROUP_M': 8, 'num_warps': 4, 'num_stages': 3} | act 0.0127 | w2 0.0956 {'BLOCK_M': 128, 'BLOCK_N': 128, 'BLOCK_K': 64, 'GROUP_M': 8, 'num_warps': 4, 'num_stages': 3}
  A_all_unfused      ok  (14 kernels)  relerr 8.72e-03
  B_f3               ok  (13 kernels)  relerr 8.72e-03
  C_f1               ok  (13 kernels)  relerr 5.81e-03
  D_f6               ok  (13 kernels)  relerr 8.72e-03
  E_f10              ok  (13 kernels)  relerr 7.27e-03
  F_f8               ok  (14 kernels)  relerr 8.72e-03
  G_f9               ok  (13 kernels)  relerr 8.72e-03
  H_f3_f10           ok  (12 kernels)  relerr 7.27e-03
  I_f3_f9            ok  (12 kernels)  relerr 8.72e-03
  J_greedy_all       ok  (11 kernels)  relerr 8.72e-03
  K_f3_f8            ok  (13 kernels)  relerr 8.72e-03
  L_f5               ok  (13 kernels)  relerr 8.72e-03
  M_f4               ok  (12 kernels)  relerr 8.72e-03
  N_f11b             ok  (14 kernels)  relerr 8.72e-03
  O_f11ab            !! FAILS CORRECTNESS relerr=5.203e-01 -- excluded
  P_f10_f11ab        !! FAILS CORRECTNESS relerr=5.422e-01 -- excluded
  Q_f8_f11ab         !! FAILS CORRECTNESS relerr=5.698e-01 -- excluded
  R_f1_f10_f11ab     !! FAILS CORRECTNESS relerr=5.436e-01 -- excluded
    pass1 round 0: A_all_unfused=6.1492  B_f3=6.2318  C_f1=6.3509  D_f6=7.0603  E_f10=6.1866  F_f8=6.2658  G_f9=6.3715  H_f3_f10=6.5639  I_f3_f9=6.3722  J_greedy_all=6.6230  K_f3_f8=6.3365  L_f5=6.5261  M_f4=6.5197  N_f11b=6.2529
    pass1 round 1: A_all_unfused=6.2731  B_f3=6.2851  C_f1=6.4524  D_f6=6.7413  E_f10=6.2630  F_f8=6.3543  G_f9=6.4508  H_f3_f10=6.4464  I_f3_f9=6.3728  J_greedy_all=6.6745  K_f3_f8=6.4600  L_f5=6.5539  M_f4=6.4036  N_f11b=6.2629
    pass1 round 2: A_all_unfused=6.2873  B_f3=6.4152  C_f1=6.3241  D_f6=6.6419  E_f10=6.2783  F_f8=6.4795  G_f9=6.4450  H_f3_f10=6.2970  I_f3_f9=6.3862  J_greedy_all=6.7383  K_f3_f8=6.5716  L_f5=6.3616  M_f4=6.3240  N_f11b=6.3678
    pass1 round 3: A_all_unfused=6.2868  B_f3=6.3464  C_f1=6.3441  D_f6=6.7304  E_f10=6.3173  F_f8=6.4786  G_f9=6.3411  H_f3_f10=6.3055  I_f3_f9=6.4423  J_greedy_all=6.7261  K_f3_f8=6.3792  L_f5=6.3192  M_f4=6.4018  N_f11b=6.3640
    pass1 round 4: A_all_unfused=6.3390  B_f3=6.3252  C_f1=6.3348  D_f6=6.7369  E_f10=6.3412  F_f8=6.3937  G_f9=6.3834  H_f3_f10=6.2983  I_f3_f9=6.3795  J_greedy_all=6.8008  K_f3_f8=6.4655  L_f5=6.3872  M_f4=6.3857  N_f11b=6.3406
    pass1 round 5: A_all_unfused=6.3357  B_f3=6.3117  C_f1=6.3213  D_f6=6.7401  E_f10=6.3179  F_f8=6.4564  G_f9=6.4409  H_f3_f10=6.3020  I_f3_f9=6.3605  J_greedy_all=6.7494  K_f3_f8=6.4356  L_f5=6.3907  M_f4=6.3814  N_f11b=6.3527
    pass1 round 6: A_all_unfused=6.3362  B_f3=6.3253  C_f1=6.3160  D_f6=6.7296  E_f10=6.3219  F_f8=6.4457  G_f9=6.3593  H_f3_f10=6.3177  I_f3_f9=6.4357  J_greedy_all=6.7821  K_f3_f8=6.3896  L_f5=6.3901  M_f4=6.4038  N_f11b=6.3898
    pass1 round 7: A_all_unfused=6.3383  B_f3=6.3373  C_f1=6.3341  D_f6=6.7368  E_f10=6.3255  F_f8=6.4800  G_f9=6.4551  H_f3_f10=6.3535  I_f3_f9=6.4323  J_greedy_all=6.7766  K_f3_f8=6.4471  L_f5=6.3857  M_f4=6.3942  N_f11b=6.3565
    pass2 round 0: A_all_unfused=6.3446  B_f3=6.3369  C_f1=6.3297  D_f6=6.7319  E_f10=6.3299  F_f8=6.4732  G_f9=6.4473  H_f3_f10=6.3519  I_f3_f9=6.4356  J_greedy_all=6.8128  K_f3_f8=6.4936  L_f5=6.3947  M_f4=6.3918  N_f11b=6.3685
    pass2 round 1: A_all_unfused=6.3407  B_f3=6.3514  C_f1=6.3317  D_f6=6.7203  E_f10=6.3232  F_f8=6.5040  G_f9=6.3672  H_f3_f10=6.3297  I_f3_f9=6.4434  J_greedy_all=6.8021  K_f3_f8=6.4352  L_f5=6.3876  M_f4=6.3856  N_f11b=6.4503
    pass2 round 2: A_all_unfused=6.3265  B_f3=6.3268  C_f1=6.3224  D_f6=6.6980  E_f10=6.3294  F_f8=6.4863  G_f9=6.4778  H_f3_f10=6.3062  I_f3_f9=6.4382  J_greedy_all=6.8252  K_f3_f8=6.4468  L_f5=6.3366  M_f4=6.4019  N_f11b=6.3622
    pass2 round 3: A_all_unfused=6.2873  B_f3=6.3045  C_f1=6.3477  D_f6=6.7565  E_f10=6.3317  F_f8=6.3890  G_f9=6.4611  H_f3_f10=6.2776  I_f3_f9=6.4971  J_greedy_all=6.7573  K_f3_f8=6.4113  L_f5=6.3889  M_f4=6.3885  N_f11b=6.3517
    pass2 round 4: A_all_unfused=6.3357  B_f3=6.3426  C_f1=6.3606  D_f6=6.6552  E_f10=6.3613  F_f8=6.4055  G_f9=6.4935  H_f3_f10=6.2579  I_f3_f9=6.3723  J_greedy_all=6.7443  K_f3_f8=6.5110  L_f5=6.3384  M_f4=6.3583  N_f11b=6.3995
    pass2 round 5: A_all_unfused=6.3650  B_f3=6.3540  C_f1=6.3766  D_f6=6.6610  E_f10=6.3437  F_f8=6.4854  G_f9=6.3857  H_f3_f10=6.3215  I_f3_f9=6.4006  J_greedy_all=6.7363  K_f3_f8=6.4769  L_f5=6.3561  M_f4=6.4494  N_f11b=6.3013
    pass2 round 6: A_all_unfused=6.3545  B_f3=6.3324  C_f1=6.3392  D_f6=6.7501  E_f10=6.3339  F_f8=6.3921  G_f9=6.3891  H_f3_f10=6.3526  I_f3_f9=6.4821  J_greedy_all=6.7456  K_f3_f8=6.4746  L_f5=6.3347  M_f4=6.3375  N_f11b=6.3679
    pass2 round 7: A_all_unfused=6.3528  B_f3=6.2727  C_f1=6.3452  D_f6=6.6580  E_f10=6.3383  F_f8=6.3986  G_f9=6.3865  H_f3_f10=6.3548  I_f3_f9=6.3803  J_greedy_all=6.7346  K_f3_f8=6.5044  L_f5=6.3412  M_f4=6.3286  N_f11b=6.3048
  --> TIED: A_all_unfused, B_f3, C_f1, E_f10, F_f8, G_f9, H_f3_f10, I_f3_f9, K_f3_f8, L_f5, M_f4, N_f11b
      pass1: best A_all_unfused gap 0.00008 ms vs round noise 0.26691 ms -> tied with A_all_unfused, H_f3_f10, E_f10, B_f3, C_f1, N_f11b, I_f3_f9, L_f5, M_f4, G_f9, K_f3_f8, F_f8
      pass2: best H_f3_f10 gap 0.00720 ms vs round noise 0.09693 ms -> tied with H_f3_f10, E_f10, B_f3, C_f1, A_all_unfused, L_f5, N_f11b, M_f4, G_f9
      best/all-unfused = 1.0000x

===== prefill_t8192 =====
  [cfgs] oproj gemm         tile sweep    2.5313 ms (48 cfgs, 2 fail)
  [cfgs] oproj gemm            2.2583 ms  (37 cfgs tried)  {'BLOCK_M': 128, 'BLOCK_N': 256, 'BLOCK_K': 64, 'GROUP_M': 1, 'num_warps': 8, 'num_stages': 4}
  [cfgs] oproj gemm+res     tile sweep    2.5777 ms (48 cfgs, 2 fail)
  [cfgs] oproj gemm+res        2.3027 ms  (37 cfgs tried)  {'BLOCK_M': 128, 'BLOCK_N': 256, 'BLOCK_K': 64, 'GROUP_M': 1, 'num_warps': 8, 'num_stages': 4}
  [cfgs] oproj epi             0.0770 ms  (12 cfgs tried)  {'BLOCK': 1024, 'num_warps': 4, 'num_stages': 1}
  [cfgs] add                   0.0778 ms  (16 cfgs tried)  {'ROWS': 1, 'BLOCK_N': 2048, 'num_warps': 8, 'num_stages': 2, 'grid_cap': None, 'eps': 1e-05}
  [cfgs] rmsnorm               0.0575 ms  (16 cfgs tried)  {'ROWS': 1, 'BLOCK_N': 2048, 'num_warps': 8, 'num_stages': 3, 'grid_cap': None, 'eps': 1e-05}
  [cfgs] add+rmsnorm           0.1034 ms  (16 cfgs tried)  {'ROWS': 1, 'BLOCK_N': 2048, 'num_warps': 8, 'num_stages': 1, 'grid_cap': None, 'eps': 1e-05}
  [cfgs] router gemm           0.0574 ms  (30 cfgs tried)  {'BLOCK_M': 64, 'BLOCK_K': 64, 'BLOCK_E': 128, 'num_warps': 8, 'num_stages': 4}
  [cfgs] topk                  0.0285 ms  (17 cfgs tried)  {'BLOCK_M': 8, 'BLOCK_K': 32, 'BLOCK_E': 256, 'num_warps': 8, 'num_stages': 2}
  [cfgs] f5 norm+router        0.1644 ms  (29 cfgs tried)  {'BLOCK_M': 32, 'BLOCK_K': 128, 'BLOCK_E': 256, 'num_warps': 8, 'num_stages': 2}
  [cfgs] f4 add+norm+rt        0.2058 ms  (29 cfgs tried)  {'BLOCK_M': 32, 'BLOCK_K': 128, 'BLOCK_E': 256, 'num_warps': 8, 'num_stages': 2}
  [cfgs] w13 gemm           tile sweep    7.6153 ms (48 cfgs, 2 fail)
  [cfgs] w13 gemm              6.9482 ms  (37 cfgs tried)  {'BLOCK_M': 128, 'BLOCK_N': 256, 'BLOCK_K': 64, 'GROUP_M': 8, 'num_warps': 8, 'num_stages': 4}
  [cfgs] w13+swiglu         tile sweep    8.4781 ms (45 cfgs, 4 fail)
  [cfgs] w13+swiglu            6.8852 ms  (35 cfgs tried)  {'BLOCK_M': 128, 'BLOCK_N': 128, 'BLOCK_K': 64, 'GROUP_M': 4, 'num_warps': 8, 'num_stages': 4}
  [cfgs] silu_and_mul          0.1908 ms  (17 cfgs tried)  {'BLOCK_M': 4, 'BLOCK_N': 1024, 'num_warps': 16, 'num_stages': 3}
  [cfgs] w2 gemm            tile sweep    3.8572 ms (48 cfgs, 2 fail)
  [cfgs] w2 gemm               3.5948 ms  (37 cfgs tried)  {'BLOCK_M': 128, 'BLOCK_N': 256, 'BLOCK_K': 64, 'GROUP_M': 4, 'num_warps': 16, 'num_stages': 4}
  [cfgs] w2+merge(atomic)   tile sweep    4.6612 ms (47 cfgs, 1 fail)
/home/guancheng/zsh/fusion/glm52_h200/kernels/moe_down_merge.py:566:50: error: operand #0 does not dominate this use
    safe_token = tl.where(token_mask, offs_token, 0)
                                                 ^
/home/guancheng/zsh/fusion/glm52_h200/kernels/moe_down_merge.py:631:36: note: operand defined here (op in the same block)
    c_mask = token_mask[:, None] & (offs_cn[None, :] < N)
                                   ^
module {
  tt.func public @moe_down_kernel(%arg0: !tt.ptr<bf16> {tt.divisibility = 16 : i32}, %arg1: !tt.ptr<bf16> {tt.divisibility = 16 : i32}, %arg2: !tt.ptr<bf16> {tt.divisibility = 16 : i32}, %arg3: !tt.ptr<f32> {tt.divisibility = 16 : i32}, %arg4: !tt.ptr<i32> {tt.divisibility = 16 : i32}, %arg5: !tt.ptr<i32> {tt.divisibility = 16 : i32}, %arg6: !tt.ptr<i32> {tt.divisibility = 16 : i32}, %arg7: i32 {tt.divisibility = 16 : i32}, %arg8: i32 {tt.divisibility = 16 : i32}, %arg9: i32, %arg10: i32, %arg11: i32 {tt.divisibility = 16 : i32}, %arg12: i32 {tt.divisibility = 16 : i32}, %arg13: i32 {tt.divisibility = 16 : i32}, %arg14: i32 {tt.divisibility = 16 : i32}, %arg15: i32 {tt.divisibility = 16 : i32}) attributes {noinline = false} {
    %cst = arith.constant dense<0.000000e+00> : tensor<128x64xbf16>
    %cst_0 = arith.constant dense<0.000000e+00> : tensor<128x128xf32>
    %c127_i32 = arith.constant 127 : i32
    %c64_i32 = arith.constant 64 : i32
    %c0_i32 = arith.constant 0 : i32
    %cst_1 = arith.constant dense<8> : tensor<128xi64>
    %cst_2 = arith.constant dense<0.000000e+00> : tensor<128xf32>
    %cst_3 = arith.constant dense<64> : tensor<64x128xi32>
    %cst_4 = arith.constant dense<64> : tensor<128x64xi32>
    %cst_5 = arith.constant dense<0> : tensor<128xi64>
    %c128_i32 = arith.constant 128 : i32
    %c16_i32 = arith.constant 16 : i32
    %0 = tt.get_program_id x : i32
    %1 = arith.addi %arg9, %c127_i32 : i32
    %2 = arith.divsi %1, %c128_i32 : i32
    %3 = arith.addi %arg7, %c127_i32 : i32
    %4 = arith.divsi %3, %c128_i32 : i32
    %5 = arith.muli %4, %c16_i32 : i32
    %6 = arith.divsi %0, %5 : i32
    %7 = arith.muli %6, %c16_i32 : i32
    %8 = arith.subi %2, %7 : i32
    %9 = arith.minsi %8, %c16_i32 : i32
    %10 = arith.remsi %0, %5 : i32
    %11 = arith.remsi %10, %9 : i32
    %12 = arith.addi %7, %11 : i32
    %13 = arith.divsi %10, %9 : i32
    %14 = tt.load %arg6 : !tt.ptr<i32>
    %15 = arith.muli %12, %c128_i32 : i32
    %16 = arith.cmpi sge, %15, %14 : i32
    cf.cond_br %16, ^bb1, ^bb2
  ^bb1:  // pred: ^bb0
    tt.return
  ^bb2:  // pred: ^bb0
    %17 = tt.make_range {end = 128 : i32, start = 0 : i32} : tensor<128xi32>
    %18 = arith.extsi %17 : tensor<128xi32> to tensor<128xi64>
    %19 = arith.extsi %15 : i32 to i64
    %20 = tt.splat %19 : i64 -> tensor<128xi64>
    %21 = arith.addi %20, %18 : tensor<128xi64>
    %22 = tt.splat %arg4 : !tt.ptr<i32> -> tensor<128x!tt.ptr<i32>>
    %23 = tt.addptr %22, %21 : tensor<128x!tt.ptr<i32>>, tensor<128xi64>
    %24 = tt.load %23 : tensor<128x!tt.ptr<i32>>
    %25 = arith.extsi %24 : tensor<128xi32> to tensor<128xi64>
    %26 = arith.extsi %arg10 : i32 to i64
    %27 = tt.splat %26 : i64 -> tensor<128xi64>
    %28 = arith.cmpi slt, %25, %27 : tensor<128xi64>
    %29 = arith.select %28, %25, %cst_5 : tensor<128xi1>, tensor<128xi64>
    %30 = tt.addptr %arg5, %12 : !tt.ptr<i32>, i32
    %31 = tt.load %30 : !tt.ptr<i32>
    %32 = arith.extsi %31 : i32 to i64
    %33 = arith.muli %13, %c128_i32 : i32
    %34 = arith.extsi %33 : i32 to i64
    %35 = tt.splat %34 : i64 -> tensor<128xi64>
    %36 = arith.addi %35, %18 : tensor<128xi64>
    %37 = arith.extsi %arg7 : i32 to i64
    %38 = tt.splat %37 : i64 -> tensor<128xi64>
    %39 = arith.remsi %36, %38 : tensor<128xi64>
    %40 = tt.make_range {end = 64 : i32, start = 0 : i32} : tensor<64xi32>
    %41 = tt.expand_dims %29 {axis = 1 : i32} : tensor<128xi64> -> tensor<128x1xi64>
    %42 = arith.extsi %arg12 : i32 to i64
    %43 = tt.splat %42 : i64 -> tensor<128x1xi64>
    %44 = arith.muli %41, %43 : tensor<128x1xi64>
    %45 = tt.expand_dims %40 {axis = 0 : i32} : tensor<64xi32> -> tensor<1x64xi32>
    %46 = arith.extsi %45 : tensor<1x64xi32> to tensor<1x64xi64>
    %47 = tt.broadcast %44 : tensor<128x1xi64> -> tensor<128x64xi64>
    %48 = tt.broadcast %46 : tensor<1x64xi64> -> tensor<128x64xi64>
    %49 = arith.addi %47, %48 : tensor<128x64xi64>
    %50 = tt.splat %arg0 : !tt.ptr<bf16> -> tensor<128x64x!tt.ptr<bf16>>
    %51 = tt.addptr %50, %49 : tensor<128x64x!tt.ptr<bf16>>, tensor<128x64xi64>
    %52 = arith.extsi %arg13 : i32 to i64
    %53 = arith.muli %32, %52 : i64
    %54 = tt.addptr %arg1, %53 : !tt.ptr<bf16>, i64
    %55 = tt.expand_dims %40 {axis = 1 : i32} : tensor<64xi32> -> tensor<64x1xi32>
    %56 = tt.expand_dims %39 {axis = 0 : i32} : tensor<128xi64> -> tensor<1x128xi64>
    %57 = arith.extsi %arg14 : i32 to i64
    %58 = tt.splat %57 : i64 -> tensor<1x128xi64>
    %59 = arith.muli %56, %58 : tensor<1x128xi64>
    %60 = arith.extsi %55 : tensor<64x1xi32> to tensor<64x1xi64>
    %61 = tt.broadcast %60 : tensor<64x1xi64> -> tensor<64x128xi64>
    %62 = tt.broadcast %59 : tensor<1x128xi64> -> tensor<64x128xi64>
    %63 = arith.addi %61, %62 : tensor<64x128xi64>
    %64 = tt.splat %54 : !tt.ptr<bf16> -> tensor<64x128x!tt.ptr<bf16>>
    %65 = tt.addptr %64, %63 : tensor<64x128x!tt.ptr<bf16>>, tensor<64x128xi64>
    %66:3 = scf.for %arg16 = %c0_i32 to %arg8 step %c64_i32 iter_args(%arg17 = %51, %arg18 = %65, %arg19 = %cst_0) -> (tensor<128x64x!tt.ptr<bf16>>, tensor<64x128x!tt.ptr<bf16>>, tensor<128x128xf32>)  : i32 {
      %94 = tt.expand_dims %28 {axis = 1 : i32} : tensor<128xi1> -> tensor<128x1xi1>
      %95 = tt.broadcast %94 : tensor<128x1xi1> -> tensor<128x64xi1>
      %96 = tt.load %arg17, %95, %cst : tensor<128x64x!tt.ptr<bf16>>
      %97 = tt.load %arg18 : tensor<64x128x!tt.ptr<bf16>>
      %98 = tt.dot %96, %97, %arg19, inputPrecision = tf32 : tensor<128x64xbf16> * tensor<64x128xbf16> -> tensor<128x128xf32>
      %99 = tt.addptr %arg17, %cst_4 : tensor<128x64x!tt.ptr<bf16>>, tensor<128x64xi32>
      %100 = tt.addptr %arg18, %cst_3 : tensor<64x128x!tt.ptr<bf16>>, tensor<64x128xi32>
      scf.yield %99, %100, %98 : tensor<128x64x!tt.ptr<bf16>>, tensor<64x128x!tt.ptr<bf16>>, tensor<128x128xf32>
    }
    %67 = tt.splat %arg3 : !tt.ptr<f32> -> tensor<128x!tt.ptr<f32>>
    %68 = tt.addptr %67, %29 : tensor<128x!tt.ptr<f32>>, tensor<128xi64>
    %69 = tt.load %68, %28, %cst_2 : tensor<128x!tt.ptr<f32>>
    %70 = tt.expand_dims %69 {axis = 1 : i32} : tensor<128xf32> -> tensor<128x1xf32>
    %71 = tt.broadcast %70 : tensor<128x1xf32> -> tensor<128x128xf32>
    %72 = arith.mulf %66#2, %71 : tensor<128x128xf32>
    %73 = arith.truncf %72 : tensor<128x128xf32> to tensor<128x128xbf16>
    %74 = tt.splat %33 : i32 -> tensor<128xi32>
    %75 = arith.addi %74, %17 : tensor<128xi32>
    %76 = tt.expand_dims %28 {axis = 1 : i32} : tensor<128xi1> -> tensor<128x1xi1>
    %77 = tt.expand_dims %75 {axis = 0 : i32} : tensor<128xi32> -> tensor<1x128xi32>
    %78 = tt.splat %arg7 : i32 -> tensor<1x128xi32>
    %79 = arith.cmpi slt, %77, %78 : tensor<1x128xi32>
    %80 = tt.broadcast %76 : tensor<128x1xi1> -> tensor<128x128xi1>
    %81 = tt.broadcast %79 : tensor<1x128xi1> -> tensor<128x128xi1>
    %82 = arith.andi %80, %81 : tensor<128x128xi1>
    %83 = arith.divsi %29, %cst_1 : tensor<128xi64>
    %84 = tt.expand_dims %83 {axis = 1 : i32} : tensor<128xi64> -> tensor<128x1xi64>
    %85 = arith.extsi %arg15 : i32 to i64
    %86 = tt.splat %85 : i64 -> tensor<128x1xi64>
    %87 = arith.muli %86, %84 : tensor<128x1xi64>
    %88 = tt.splat %arg2 : !tt.ptr<bf16> -> tensor<128x1x!tt.ptr<bf16>>
    %89 = tt.addptr %88, %87 : tensor<128x1x!tt.ptr<bf16>>, tensor<128x1xi64>
    %90 = tt.broadcast %89 : tensor<128x1x!tt.ptr<bf16>> -> tensor<128x128x!tt.ptr<bf16>>
    %91 = tt.broadcast %77 : tensor<1x128xi32> -> tensor<128x128xi32>
    %92 = tt.addptr %90, %91 : tensor<128x128x!tt.ptr<bf16>>, tensor<128x128xi32>
    %93 = tt.atomic_rmw fadd, acq_rel, gpu, %92, %73, %82 : (tensor<128x128x!tt.ptr<bf16>>, tensor<128x128xbf16>, tensor<128x128xi1>) -> tensor<128x128xbf16>
    tt.return
  }
}

{-#
  external_resources: {
    mlir_reproducer: {
      pipeline: "builtin.module(convert-triton-to-tritongpu{enable-source-remat=false num-ctas=1 num-warps=4 target=cuda:90 threads-per-warp=32}, tritongpu-coalesce, tritongpu-F32DotTC{emu-tf32=true}, triton-nvidia-gpu-plan-cta, tritongpu-remove-layout-conversions, tritongpu-optimize-thread-locality, tritongpu-accelerate-matmul, tritongpu-remove-layout-conversions, tritongpu-optimize-dot-operands{hoist-layout-conversion=true}, triton-nvidia-optimize-descriptor-encoding, triton-loop-aware-cse, tritongpu-fuse-nested-loops, canonicalize{  max-iterations=10 max-num-rewrites=-1 region-simplify=normal test-convergence=false top-down=true}, triton-licm, canonicalize{  max-iterations=10 max-num-rewrites=-1 region-simplify=normal test-convergence=false top-down=true}, tritongpu-combine-tensor-select-and-if, nvgpu-warp-specialization{dump-intermediate-steps=false num-stages=3}, tritongpu-assign-latencies{num-stages=3}, tritongpu-schedule-loops, tritongpu-pipeline{dump-intermediate-steps=false num-stages=3}, canonicalize{  max-iterations=10 max-num-rewrites=-1 region-simplify=normal test-convergence=false top-down=true}, triton-loop-aware-cse, tritongpu-prefetch, tritongpu-optimize-dot-operands{hoist-layout-conversion=true}, tritongpu-coalesce-async-copy, triton-nvidia-optimize-tmem-layouts, triton-nvidia-tma-lowering, tritongpu-remove-layout-conversions, triton-nvidia-interleave-tmem, tritongpu-reduce-data-duplication, tritongpu-reorder-instructions, triton-loop-aware-cse, symbol-dce, triton-nvidia-gpu-fence-insertion{compute-capability=90}, triton-nvidia-mma-lowering, sccp, cse, canonicalize{  max-iterations=10 max-num-rewrites=-1 region-simplify=normal test-convergence=false top-down=true})",
      disable_threading: true,
      verify_each: true
    }
  }
#-}
/home/guancheng/zsh/fusion/glm52_h200/kernels/moe_down_merge.py:506:0: error: Failures have been detected while processing an MLIR pass pipeline
/home/guancheng/zsh/fusion/glm52_h200/kernels/moe_down_merge.py:506:0: note: Pipeline failed while executing [`TritonGPURemoveLayoutConversions` on 'builtin.module' operation]: reproducer generated at `std::errs, please share the reproducer above with Triton project.`
/home/guancheng/zsh/fusion/glm52_h200/kernels/moe_down_merge.py:566:50: error: operand #0 does not dominate this use
    safe_token = tl.where(token_mask, offs_token, 0)
                                                 ^
/home/guancheng/zsh/fusion/glm52_h200/kernels/moe_down_merge.py:631:36: note: operand defined here (op in the same block)
    c_mask = token_mask[:, None] & (offs_cn[None, :] < N)
                                   ^
module {
  tt.func public @moe_down_kernel(%arg0: !tt.ptr<bf16> {tt.divisibility = 16 : i32}, %arg1: !tt.ptr<bf16> {tt.divisibility = 16 : i32}, %arg2: !tt.ptr<bf16> {tt.divisibility = 16 : i32}, %arg3: !tt.ptr<f32> {tt.divisibility = 16 : i32}, %arg4: !tt.ptr<i32> {tt.divisibility = 16 : i32}, %arg5: !tt.ptr<i32> {tt.divisibility = 16 : i32}, %arg6: !tt.ptr<i32> {tt.divisibility = 16 : i32}, %arg7: i32 {tt.divisibility = 16 : i32}, %arg8: i32 {tt.divisibility = 16 : i32}, %arg9: i32, %arg10: i32, %arg11: i32 {tt.divisibility = 16 : i32}, %arg12: i32 {tt.divisibility = 16 : i32}, %arg13: i32 {tt.divisibility = 16 : i32}, %arg14: i32 {tt.divisibility = 16 : i32}, %arg15: i32 {tt.divisibility = 16 : i32}) attributes {noinline = false} {
    %cst = arith.constant dense<0.000000e+00> : tensor<128x64xbf16>
    %cst_0 = arith.constant dense<0.000000e+00> : tensor<128x256xf32>
    %c255_i32 = arith.constant 255 : i32
    %c127_i32 = arith.constant 127 : i32
    %c64_i32 = arith.constant 64 : i32
    %c0_i32 = arith.constant 0 : i32
    %cst_1 = arith.constant dense<8> : tensor<128xi64>
    %cst_2 = arith.constant dense<0.000000e+00> : tensor<128xf32>
    %cst_3 = arith.constant dense<64> : tensor<64x256xi32>
    %cst_4 = arith.constant dense<64> : tensor<128x64xi32>
    %c256_i32 = arith.constant 256 : i32
    %cst_5 = arith.constant dense<0> : tensor<128xi64>
    %c128_i32 = arith.constant 128 : i32
    %c1_i32 = arith.constant 1 : i32
    %0 = tt.get_program_id x : i32
    %1 = arith.addi %arg9, %c127_i32 : i32
    %2 = arith.divsi %1, %c128_i32 : i32
    %3 = arith.addi %arg7, %c255_i32 : i32
    %4 = arith.divsi %3, %c256_i32 : i32
    %5 = arith.divsi %0, %4 : i32
    %6 = arith.subi %2, %5 : i32
    %7 = arith.minsi %6, %c1_i32 : i32
    %8 = arith.remsi %0, %4 : i32
    %9 = arith.remsi %8, %7 : i32
    %10 = arith.addi %5, %9 : i32
    %11 = arith.divsi %8, %7 : i32
    %12 = tt.load %arg6 : !tt.ptr<i32>
    %13 = arith.muli %10, %c128_i32 : i32
    %14 = arith.cmpi sge, %13, %12 : i32
    cf.cond_br %14, ^bb1, ^bb2
  ^bb1:  // pred: ^bb0
    tt.return
  ^bb2:  // pred: ^bb0
    %15 = tt.make_range {end = 128 : i32, start = 0 : i32} : tensor<128xi32>
    %16 = arith.extsi %15 : tensor<128xi32> to tensor<128xi64>
    %17 = arith.extsi %13 : i32 to i64
    %18 = tt.splat %17 : i64 -> tensor<128xi64>
    %19 = arith.addi %18, %16 : tensor<128xi64>
    %20 = tt.splat %arg4 : !tt.ptr<i32> -> tensor<128x!tt.ptr<i32>>
    %21 = tt.addptr %20, %19 : tensor<128x!tt.ptr<i32>>, tensor<128xi64>
    %22 = tt.load %21 : tensor<128x!tt.ptr<i32>>
    %23 = arith.extsi %22 : tensor<128xi32> to tensor<128xi64>
    %24 = arith.extsi %arg10 : i32 to i64
    %25 = tt.splat %24 : i64 -> tensor<128xi64>
    %26 = arith.cmpi slt, %23, %25 : tensor<128xi64>
    %27 = arith.select %26, %23, %cst_5 : tensor<128xi1>, tensor<128xi64>
    %28 = tt.addptr %arg5, %10 : !tt.ptr<i32>, i32
    %29 = tt.load %28 : !tt.ptr<i32>
    %30 = arith.extsi %29 : i32 to i64
    %31 = arith.muli %11, %c256_i32 : i32
    %32 = tt.make_range {end = 256 : i32, start = 0 : i32} : tensor<256xi32>
    %33 = arith.extsi %32 : tensor<256xi32> to tensor<256xi64>
    %34 = arith.extsi %31 : i32 to i64
    %35 = tt.splat %34 : i64 -> tensor<256xi64>
    %36 = arith.addi %35, %33 : tensor<256xi64>
    %37 = arith.extsi %arg7 : i32 to i64
    %38 = tt.splat %37 : i64 -> tensor<256xi64>
    %39 = arith.remsi %36, %38 : tensor<256xi64>
    %40 = tt.make_range {end = 64 : i32, start = 0 : i32} : tensor<64xi32>
    %41 = tt.expand_dims %27 {axis = 1 : i32} : tensor<128xi64> -> tensor<128x1xi64>
    %42 = arith.extsi %arg12 : i32 to i64
    %43 = tt.splat %42 : i64 -> tensor<128x1xi64>
    %44 = arith.muli %41, %43 : tensor<128x1xi64>
    %45 = tt.expand_dims %40 {axis = 0 : i32} : tensor<64xi32> -> tensor<1x64xi32>
    %46 = arith.extsi %45 : tensor<1x64xi32> to tensor<1x64xi64>
    %47 = tt.broadcast %44 : tensor<128x1xi64> -> tensor<128x64xi64>
    %48 = tt.broadcast %46 : tensor<1x64xi64> -> tensor<128x64xi64>
    %49 = arith.addi %47, %48 : tensor<128x64xi64>
    %50 = tt.splat %arg0 : !tt.ptr<bf16> -> tensor<128x64x!tt.ptr<bf16>>
    %51 = tt.addptr %50, %49 : tensor<128x64x!tt.ptr<bf16>>, tensor<128x64xi64>
    %52 = arith.extsi %arg13 : i32 to i64
    %53 = arith.muli %30, %52 : i64
    %54 = tt.addptr %arg1, %53 : !tt.ptr<bf16>, i64
    %55 = tt.expand_dims %40 {axis = 1 : i32} : tensor<64xi32> -> tensor<64x1xi32>
    %56 = tt.expand_dims %39 {axis = 0 : i32} : tensor<256xi64> -> tensor<1x256xi64>
    %57 = arith.extsi %arg14 : i32 to i64
    %58 = tt.splat %57 : i64 -> tensor<1x256xi64>
    %59 = arith.muli %56, %58 : tensor<1x256xi64>
    %60 = arith.extsi %55 : tensor<64x1xi32> to tensor<64x1xi64>
    %61 = tt.broadcast %60 : tensor<64x1xi64> -> tensor<64x256xi64>
    %62 = tt.broadcast %59 : tensor<1x256xi64> -> tensor<64x256xi64>
    %63 = arith.addi %61, %62 : tensor<64x256xi64>
    %64 = tt.splat %54 : !tt.ptr<bf16> -> tensor<64x256x!tt.ptr<bf16>>
    %65 = tt.addptr %64, %63 : tensor<64x256x!tt.ptr<bf16>>, tensor<64x256xi64>
    %66:3 = scf.for %arg16 = %c0_i32 to %arg8 step %c64_i32 iter_args(%arg17 = %51, %arg18 = %65, %arg19 = %cst_0) -> (tensor<128x64x!tt.ptr<bf16>>, tensor<64x256x!tt.ptr<bf16>>, tensor<128x256xf32>)  : i32 {
      %94 = tt.expand_dims %26 {axis = 1 : i32} : tensor<128xi1> -> tensor<128x1xi1>
      %95 = tt.broadcast %94 : tensor<128x1xi1> -> tensor<128x64xi1>
      %96 = tt.load %arg17, %95, %cst : tensor<128x64x!tt.ptr<bf16>>
      %97 = tt.load %arg18 : tensor<64x256x!tt.ptr<bf16>>
      %98 = tt.dot %96, %97, %arg19, inputPrecision = tf32 : tensor<128x64xbf16> * tensor<64x256xbf16> -> tensor<128x256xf32>
      %99 = tt.addptr %arg17, %cst_4 : tensor<128x64x!tt.ptr<bf16>>, tensor<128x64xi32>
      %100 = tt.addptr %arg18, %cst_3 : tensor<64x256x!tt.ptr<bf16>>, tensor<64x256xi32>
      scf.yield %99, %100, %98 : tensor<128x64x!tt.ptr<bf16>>, tensor<64x256x!tt.ptr<bf16>>, tensor<128x256xf32>
    }
    %67 = tt.splat %arg3 : !tt.ptr<f32> -> tensor<128x!tt.ptr<f32>>
    %68 = tt.addptr %67, %27 : tensor<128x!tt.ptr<f32>>, tensor<128xi64>
    %69 = tt.load %68, %26, %cst_2 : tensor<128x!tt.ptr<f32>>
    %70 = tt.expand_dims %69 {axis = 1 : i32} : tensor<128xf32> -> tensor<128x1xf32>
    %71 = tt.broadcast %70 : tensor<128x1xf32> -> tensor<128x256xf32>
    %72 = arith.mulf %66#2, %71 : tensor<128x256xf32>
    %73 = arith.truncf %72 : tensor<128x256xf32> to tensor<128x256xbf16>
    %74 = tt.splat %31 : i32 -> tensor<256xi32>
    %75 = arith.addi %74, %32 : tensor<256xi32>
    %76 = tt.expand_dims %26 {axis = 1 : i32} : tensor<128xi1> -> tensor<128x1xi1>
    %77 = tt.expand_dims %75 {axis = 0 : i32} : tensor<256xi32> -> tensor<1x256xi32>
    %78 = tt.splat %arg7 : i32 -> tensor<1x256xi32>
    %79 = arith.cmpi slt, %77, %78 : tensor<1x256xi32>
    %80 = tt.broadcast %76 : tensor<128x1xi1> -> tensor<128x256xi1>
    %81 = tt.broadcast %79 : tensor<1x256xi1> -> tensor<128x256xi1>
    %82 = arith.andi %80, %81 : tensor<128x256xi1>
    %83 = arith.divsi %27, %cst_1 : tensor<128xi64>
    %84 = tt.expand_dims %83 {axis = 1 : i32} : tensor<128xi64> -> tensor<128x1xi64>
    %85 = arith.extsi %arg15 : i32 to i64
    %86 = tt.splat %85 : i64 -> tensor<128x1xi64>
    %87 = arith.muli %86, %84 : tensor<128x1xi64>
    %88 = tt.splat %arg2 : !tt.ptr<bf16> -> tensor<128x1x!tt.ptr<bf16>>
    %89 = tt.addptr %88, %87 : tensor<128x1x!tt.ptr<bf16>>, tensor<128x1xi64>
    %90 = tt.broadcast %89 : tensor<128x1x!tt.ptr<bf16>> -> tensor<128x256x!tt.ptr<bf16>>
    %91 = tt.broadcast %77 : tensor<1x256xi32> -> tensor<128x256xi32>
    %92 = tt.addptr %90, %91 : tensor<128x256x!tt.ptr<bf16>>, tensor<128x256xi32>
    %93 = tt.atomic_rmw fadd, acq_rel, gpu, %92, %73, %82 : (tensor<128x256x!tt.ptr<bf16>>, tensor<128x256xbf16>, tensor<128x256xi1>) -> tensor<128x256xbf16>
    tt.return
  }
}

{-#
  external_resources: {
    mlir_reproducer: {
      pipeline: "builtin.module(convert-triton-to-tritongpu{enable-source-remat=false num-ctas=1 num-warps=4 target=cuda:90 threads-per-warp=32}, tritongpu-coalesce, tritongpu-F32DotTC{emu-tf32=true}, triton-nvidia-gpu-plan-cta, tritongpu-remove-layout-conversions, tritongpu-optimize-thread-locality, tritongpu-accelerate-matmul, tritongpu-remove-layout-conversions, tritongpu-optimize-dot-operands{hoist-layout-conversion=true}, triton-nvidia-optimize-descriptor-encoding, triton-loop-aware-cse, tritongpu-fuse-nested-loops, canonicalize{  max-iterations=10 max-num-rewrites=-1 region-simplify=normal test-convergence=false top-down=true}, triton-licm, canonicalize{  max-iterations=10 max-num-rewrites=-1 region-simplify=normal test-convergence=false top-down=true}, tritongpu-combine-tensor-select-and-if, nvgpu-warp-specialization{dump-intermediate-steps=false num-stages=3}, tritongpu-assign-latencies{num-stages=3}, tritongpu-schedule-loops, tritongpu-pipeline{dump-intermediate-steps=false num-stages=3}, canonicalize{  max-iterations=10 max-num-rewrites=-1 region-simplify=normal test-convergence=false top-down=true}, triton-loop-aware-cse, tritongpu-prefetch, tritongpu-optimize-dot-operands{hoist-layout-conversion=true}, tritongpu-coalesce-async-copy, triton-nvidia-optimize-tmem-layouts, triton-nvidia-tma-lowering, tritongpu-remove-layout-conversions, triton-nvidia-interleave-tmem, tritongpu-reduce-data-duplication, tritongpu-reorder-instructions, triton-loop-aware-cse, symbol-dce, triton-nvidia-gpu-fence-insertion{compute-capability=90}, triton-nvidia-mma-lowering, sccp, cse, canonicalize{  max-iterations=10 max-num-rewrites=-1 region-simplify=normal test-convergence=false top-down=true})",
      disable_threading: true,
      verify_each: true
    }
  }
#-}
/home/guancheng/zsh/fusion/glm52_h200/kernels/moe_down_merge.py:506:0: error: Failures have been detected while processing an MLIR pass pipeline
/home/guancheng/zsh/fusion/glm52_h200/kernels/moe_down_merge.py:506:0: note: Pipeline failed while executing [`TritonGPURemoveLayoutConversions` on 'builtin.module' operation]: reproducer generated at `std::errs, please share the reproducer above with Triton project.`
  [cfgs] w2+merge(atomic)      4.4774 ms  (38 cfgs tried)  {'BLOCK_M': 128, 'BLOCK_N': 256, 'BLOCK_K': 64, 'GROUP_M': 1, 'num_warps': 32, 'num_stages': 4}
  [cfgs] moe_sum               0.2572 ms  (15 cfgs tried)  {'BLOCK_M': 4, 'BLOCK_DIM': 256, 'num_warps': 8, 'num_stages': 3}
  [cfgs] resadd                0.1077 ms  (17 cfgs tried)  {'BLOCK_M': 4, 'BLOCK_N': 256, 'num_warps': 8, 'num_stages': 4}
  [cfgs] router prenorm     tile sweep    0.0750 ms (48 cfgs, 1 fail)
  [cfgs] router prenorm        0.0974 ms  (38 cfgs tried)  {'BLOCK_M': 64, 'BLOCK_N': 128, 'BLOCK_K': 128, 'GROUP_M': 16, 'num_warps': 8, 'num_stages': 3}
  [cfgs] w13 prenorm        tile sweep    8.9342 ms (48 cfgs, 1 fail)
  [cfgs] w13 prenorm           8.8249 ms  (37 cfgs tried)  {'BLOCK_M': 64, 'BLOCK_N': 256, 'BLOCK_K': 64, 'GROUP_M': 16, 'num_warps': 4, 'num_stages': 3}
  [shared] tuning w13 (32), act (18), w2 (32)
  [shared] w13 0.7428 {'BLOCK_M': 128, 'BLOCK_N': 128, 'BLOCK_K': 64, 'GROUP_M': 8, 'num_warps': 4, 'num_stages': 3} | act 0.0311 | w2 0.3657 {'BLOCK_M': 128, 'BLOCK_N': 128, 'BLOCK_K': 64, 'GROUP_M': 8, 'num_warps': 4, 'num_stages': 3}
  A_all_unfused      ok  (14 kernels)  relerr 7.61e-03
  B_f3               ok  (13 kernels)  relerr 7.61e-03
  C_f1               ok  (13 kernels)  relerr 5.08e-03
  D_f6               ok  (13 kernels)  relerr 7.61e-03
  E_f10              ok  (13 kernels)  relerr 7.61e-03
  F_f8               ok  (14 kernels)  relerr 7.61e-03
  G_f9               ok  (13 kernels)  relerr 7.61e-03
  H_f3_f10           ok  (12 kernels)  relerr 7.61e-03
  I_f3_f9            ok  (12 kernels)  relerr 7.61e-03
  J_greedy_all       ok  (11 kernels)  relerr 7.61e-03
  K_f3_f8            ok  (13 kernels)  relerr 7.61e-03
  L_f5               ok  (13 kernels)  relerr 7.61e-03
  M_f4               ok  (12 kernels)  relerr 7.61e-03
  N_f11b             ok  (14 kernels)  relerr 7.61e-03
  O_f11ab            !! FAILS CORRECTNESS relerr=7.107e-02 -- excluded
  P_f10_f11ab        !! FAILS CORRECTNESS relerr=7.717e-02 -- excluded
  Q_f8_f11ab         !! FAILS CORRECTNESS relerr=6.599e-02 -- excluded
  R_f1_f10_f11ab     !! FAILS CORRECTNESS relerr=6.853e-02 -- excluded
    pass1 round 0: A_all_unfused=16.3370  B_f3=16.3310  C_f1=16.3002  D_f6=17.1510  E_f10=16.5757  F_f8=16.7780  G_f9=16.8720  H_f3_f10=16.6109  I_f3_f9=16.6848  J_greedy_all=17.2905  K_f3_f8=16.7437  L_f5=16.4843  M_f4=16.3463  N_f11b=16.3389
