c500_chain_ms,c500_fused_ms,c500_gain,c500_pub_gain,c500_pub_is_fused_winner,c500_pub_is_unfused_winner,c500_resadd_epi_ms,chain_note,family,fused_mapping,h200_chain_ms,h200_fused_ms,h200_gain,h200_pub_gain,h200_pub_is_fused_winner,h200_pub_is_unfused_winner,h200_resadd_epi_ms,pathological,regime,unfused_mapping
1.1176960486918688,1.094912052154541,1.0208089741020696,0.996326877539102,False,False,0.015359999611973763,,f01,BLOCK_M16_BLOCK_N64_BLOCK_K128_GROUP_M8_SPLIT_K1_num_warps2_num_stages2,0.27676801197230816,0.2688640058040619,1.0293977847447768,0.9936876597906598,False,False,0.005152000114321709,1,decode_bs1,BLOCK_M16_BLOCK_N64_BLOCK_K128_GROUP_M8_SPLIT_K1_num_warps2_num_stages2
0.37017598934471607,1.094912052154541,0.3380874186344856,0.996326877539102,False,False,0.015359999611973763,,f01,BLOCK_M16_BLOCK_N64_BLOCK_K128_GROUP_M8_SPLIT_K1_num_warps2_num_stages2,0.28345601074397564,0.2688640058040619,1.0542728093940097,0.9936876597906598,False,False,0.005152000114321709,1,decode_bs1,BLOCK_M16_BLOCK_N64_BLOCK_K128_GROUP_M8_SPLIT_K1_num_warps8_num_stages2
0.9863680023699999,1.094912052154541,0.9008650516076147,0.996326877539102,False,False,0.015359999611973763,,f01,BLOCK_M16_BLOCK_N64_BLOCK_K128_GROUP_M8_SPLIT_K1_num_warps2_num_stages2,0.12102400325238705,0.2688640058040619,0.4501309235888751,0.9936876597906598,False,False,0.005152000114321709,1,decode_bs1,BLOCK_M16_BLOCK_N64_BLOCK_K128_GROUP_M8_SPLIT_K16_num_warps2_num_stages2
0.4175359923392534,1.094912052154541,0.3813420370317747,0.996326877539102,False,False,0.015359999611973763,,f01,BLOCK_M16_BLOCK_N64_BLOCK_K128_GROUP_M8_SPLIT_K1_num_warps2_num_stages2,0.16582399420440197,0.2688640058040619,0.6167578799121528,0.9936876597906598,False,False,0.005152000114321709,1,decode_bs1,BLOCK_M16_BLOCK_N64_BLOCK_K128_GROUP_M8_SPLIT_K2_num_warps4_num_stages2
0.7170559782534838,1.094912052154541,0.6548982421396117,0.996326877539102,False,False,0.015359999611973763,,f01,BLOCK_M16_BLOCK_N64_BLOCK_K128_GROUP_M8_SPLIT_K1_num_warps2_num_stages2,0.7514240276068449,0.2688640058040619,2.7948108016900366,0.9936876597906598,False,False,0.005152000114321709,1,decode_bs1,BLOCK_M16_BLOCK_N128_BLOCK_K32_GROUP_M8_SPLIT_K1_num_warps8_num_stages2
0.29824000783264637,1.094912052154541,0.2723871814597136,0.996326877539102,False,False,0.015359999611973763,,f01,BLOCK_M16_BLOCK_N64_BLOCK_K128_GROUP_M8_SPLIT_K1_num_warps2_num_stages2,0.22179199568927288,0.2688640058040619,0.824922603626261,0.9936876597906598,False,False,0.005152000114321709,1,decode_bs1,BLOCK_M16_BLOCK_N128_BLOCK_K32_GROUP_M8_SPLIT_K4_num_warps8_num_stages2
0.42009601183235645,1.094912052154541,0.38368014216822427,0.996326877539102,False,False,0.015359999611973763,,f01,BLOCK_M16_BLOCK_N64_BLOCK_K128_GROUP_M8_SPLIT_K1_num_warps2_num_stages2,0.1456000041216612,0.2688640058040619,0.5415377327516613,0.9936876597906598,False,False,0.005152000114321709,1,decode_bs1,BLOCK_M16_BLOCK_N64_BLOCK_K32_GROUP_M8_SPLIT_K8_num_warps8_num_stages2
1.826815964654088,1.094912052154541,1.6684590886175055,0.996326877539102,False,False,0.015359999611973763,,f01,BLOCK_M16_BLOCK_N64_BLOCK_K128_GROUP_M8_SPLIT_K1_num_warps2_num_stages2,0.4964479934424162,0.2688640058040619,1.846465063100373,0.9936876597906598,False,False,0.005152000114321709,1,decode_bs1,BLOCK_M16_BLOCK_N128_BLOCK_K64_GROUP_M8_SPLIT_K1_num_warps2_num_stages2
2.1895679254084826,1.094912052154541,1.999766027874024,0.996326877539102,False,False,0.015359999611973763,,f01,BLOCK_M16_BLOCK_N64_BLOCK_K128_GROUP_M8_SPLIT_K1_num_warps2_num_stages2,0.26035199873149395,0.2688640058040619,0.9683408455992016,0.9936876597906598,False,False,0.005152000114321709,1,decode_bs1,BLOCK_M16_BLOCK_N128_BLOCK_K64_GROUP_M8_SPLIT_K1_num_warps2_num_stages3
0.3450880069285631,1.094912052154541,0.31517417882971277,0.996326877539102,False,False,0.015359999611973763,,f01,BLOCK_M16_BLOCK_N64_BLOCK_K128_GROUP_M8_SPLIT_K1_num_warps2_num_stages2,0.11193600110709667,0.2688640058040619,0.41632944050038245,0.9936876597906598,False,False,0.005152000114321709,1,decode_bs1,BLOCK_M16_BLOCK_N128_BLOCK_K64_GROUP_M8_SPLIT_K16_num_warps4_num_stages2
0.32409599609673023,1.094912052154541,0.2960018528054213,0.996326877539102,False,False,0.015359999611973763,,f01,BLOCK_M16_BLOCK_N64_BLOCK_K128_GROUP_M8_SPLIT_K1_num_warps2_num_stages2,0.1349440049380064,0.2688640058040619,0.501904316029378,0.9936876597906598,False,False,0.005152000114321709,1,decode_bs1,BLOCK_M16_BLOCK_N128_BLOCK_K64_GROUP_M8_SPLIT_K16_num_warps8_num_stages2
0.3299840111285448,1.094912052154541,0.3013794674003363,0.996326877539102,False,False,0.015359999611973763,,f01,BLOCK_M16_BLOCK_N64_BLOCK_K128_GROUP_M8_SPLIT_K1_num_warps2_num_stages2,0.11280000023543835,0.2688640058040619,0.4195429577793422,0.9936876597906598,False,False,0.005152000114321709,1,decode_bs1,BLOCK_M16_BLOCK_N128_BLOCK_K64_GROUP_M8_SPLIT_K16_num_warps4_num_stages3
0.30259201116859913,1.094912052154541,0.27636193297275885,0.996326877539102,False,False,0.015359999611973763,,f01,BLOCK_M16_BLOCK_N64_BLOCK_K128_GROUP_M8_SPLIT_K1_num_warps2_num_stages2,0.2543359976261854,0.2688640058040619,0.9459652171199743,0.9936876597906598,False,False,0.005152000114321709,1,decode_bs1,BLOCK_M16_BLOCK_N128_BLOCK_K64_GROUP_M8_SPLIT_K2_num_warps8_num_stages2
0.29644799418747425,1.094912052154541,0.2707505078641989,0.996326877539102,False,False,0.015359999611973763,,f01,BLOCK_M16_BLOCK_N64_BLOCK_K128_GROUP_M8_SPLIT_K1_num_warps2_num_stages2,0.15129600279033184,0.2688640058040619,0.5627231593826314,0.9936876597906598,False,False,0.005152000114321709,1,decode_bs1,BLOCK_M16_BLOCK_N128_BLOCK_K64_GROUP_M8_SPLIT_K2_num_warps4_num_stages3
0.33919999189674854,1.094912052154541,0.3097965642347978,0.996326877539102,False,False,0.015359999611973763,,f01,BLOCK_M16_BLOCK_N64_BLOCK_K128_GROUP_M8_SPLIT_K1_num_warps2_num_stages2,0.15516799502074718,0.2688640058040619,0.5771244631898695,0.9936876597906598,False,False,0.005152000114321709,1,decode_bs1,BLOCK_M16_BLOCK_N128_BLOCK_K64_GROUP_M8_SPLIT_K4_num_warps4_num_stages2
0.3363840002566576,1.094912052154541,0.3072246758036222,0.996326877539102,False,False,0.015359999611973763,,f01,BLOCK_M16_BLOCK_N64_BLOCK_K128_GROUP_M8_SPLIT_K1_num_warps2_num_stages2,0.11462399922311306,0.2688640058040619,0.4263270528917388,0.9936876597906598,False,False,0.005152000114321709,1,decode_bs1,BLOCK_M16_BLOCK_N128_BLOCK_K64_GROUP_M8_SPLIT_K8_num_warps4_num_stages2
0.3164159972220659,1.094912052154541,0.2889875918339106,0.996326877539102,False,False,0.015359999611973763,,f01,BLOCK_M16_BLOCK_N64_BLOCK_K128_GROUP_M8_SPLIT_K1_num_warps2_num_stages2,0.11251199804246426,0.2688640058040619,0.4184717761159105,0.9936876597906598,False,False,0.005152000114321709,1,decode_bs1,BLOCK_M16_BLOCK_N128_BLOCK_K64_GROUP_M8_SPLIT_K8_num_warps4_num_stages3
0.3143680114299059,1.094912052154541,0.2871171349436699,0.996326877539102,False,False,0.015359999611973763,,f01,BLOCK_M16_BLOCK_N64_BLOCK_K128_GROUP_M8_SPLIT_K1_num_warps2_num_stages2,0.11283200047910213,0.2688640058040619,0.41966197796416793,0.9936876597906598,False,False,0.005152000114321709,1,decode_bs1,BLOCK_M16_BLOCK_N128_BLOCK_K64_GROUP_M8_SPLIT_K8_num_warps8_num_stages3
0.36044800467789173,1.094912052154541,0.3292027007727342,0.996326877539102,False,False,0.015359999611973763,,f01,BLOCK_M16_BLOCK_N64_BLOCK_K128_GROUP_M8_SPLIT_K1_num_warps2_num_stages2,0.13529600016772747,0.2688640058040619,0.5032135103511259,0.9936876597906598,False,False,0.005152000114321709,1,decode_bs1,BLOCK_M16_BLOCK_N64_BLOCK_K64_GROUP_M8_SPLIT_K16_num_warps8_num_stages2
0.3287040013819933,1.094912052154541,0.3002104148321115,0.996326877539102,False,False,0.015359999611973763,,f01,BLOCK_M16_BLOCK_N64_BLOCK_K128_GROUP_M8_SPLIT_K1_num_warps2_num_stages2,0.13081599585711956,0.2688640058040619,0.4865507953208634,0.9936876597906598,False,False,0.005152000114321709,1,decode_bs1,BLOCK_M16_BLOCK_N64_BLOCK_K64_GROUP_M8_SPLIT_K16_num_warps4_num_stages3
0.3804160077124834,1.094912052154541,0.34743978474244586,0.996326877539102,False,False,0.015359999611973763,,f01,BLOCK_M16_BLOCK_N64_BLOCK_K128_GROUP_M8_SPLIT_K1_num_warps2_num_stages2,0.11462399922311306,0.2688640058040619,0.4263270528917388,0.9936876597906598,False,False,0.005152000114321709,1,decode_bs1,BLOCK_M16_BLOCK_N64_BLOCK_K64_GROUP_M8_SPLIT_K16_num_warps8_num_stages3
0.4464640039950609,1.094912052154541,0.40776243454122185,0.996326877539102,False,False,0.015359999611973763,,f01,BLOCK_M16_BLOCK_N64_BLOCK_K128_GROUP_M8_SPLIT_K1_num_warps2_num_stages2,0.11392000131309032,0.2688640058040619,0.42370863653690777,0.9936876597906598,False,False,0.005152000114321709,1,decode_bs1,BLOCK_M16_BLOCK_N64_BLOCK_K64_GROUP_M8_SPLIT_K4_num_warps2_num_stages3
1.1176960486918688,0.35174399614334106,3.177583870504475,0.996326877539102,False,False,0.015359999611973763,,f01,BLOCK_M16_BLOCK_N64_BLOCK_K128_GROUP_M8_SPLIT_K1_num_warps8_num_stages2,0.27676801197230816,0.275519996881485,1.00452967154816,0.9936876597906598,False,False,0.005152000114321709,1,decode_bs1,BLOCK_M16_BLOCK_N64_BLOCK_K128_GROUP_M8_SPLIT_K1_num_warps2_num_stages2
0.37017598934471607,0.35174399614334106,1.0524017279711113,0.996326877539102,False,False,0.015359999611973763,,f01,BLOCK_M16_BLOCK_N64_BLOCK_K128_GROUP_M8_SPLIT_K1_num_warps8_num_stages2,0.28345601074397564,0.275519996881485,1.0288037672485324,0.9936876597906598,False,False,0.005152000114321709,1,decode_bs1,BLOCK_M16_BLOCK_N64_BLOCK_K128_GROUP_M8_SPLIT_K1_num_warps8_num_stages2
0.9863680023699999,0.35174399614334106,2.8042212893039395,0.996326877539102,False,False,0.015359999611973763,,f01,BLOCK_M16_BLOCK_N64_BLOCK_K128_GROUP_M8_SPLIT_K1_num_warps8_num_stages2,0.12102400325238705,0.275519996881485,0.4392566950574029,0.9936876597906598,False,False,0.005152000114321709,1,decode_bs1,BLOCK_M16_BLOCK_N64_BLOCK_K128_GROUP_M8_SPLIT_K16_num_warps2_num_stages2
0.4175359923392534,0.35174399614334106,1.1870451149622498,0.996326877539102,False,False,0.015359999611973763,,f01,BLOCK_M16_BLOCK_N64_BLOCK_K128_GROUP_M8_SPLIT_K1_num_warps8_num_stages2,0.16582399420440197,0.275519996881485,0.6018582900744268,0.9936876597906598,False,False,0.005152000114321709,1,decode_bs1,BLOCK_M16_BLOCK_N64_BLOCK_K128_GROUP_M8_SPLIT_K2_num_warps4_num_stages2
0.7170559782534838,0.35174399614334106,2.038573468532701,0.996326877539102,False,False,0.015359999611973763,,f01,BLOCK_M16_BLOCK_N64_BLOCK_K128_GROUP_M8_SPLIT_K1_num_warps8_num_stages2,0.7514240276068449,0.275519996881485,2.7272939754353662,0.9936876597906598,False,False,0.005152000114321709,1,decode_bs1,BLOCK_M16_BLOCK_N128_BLOCK_K32_GROUP_M8_SPLIT_K1_num_warps8_num_stages2
0.29824000783264637,0.35174399614334106,0.84788940565487,0.996326877539102,False,False,0.015359999611973763,,f01,BLOCK_M16_BLOCK_N64_BLOCK_K128_GROUP_M8_SPLIT_K1_num_warps8_num_stages2,0.22179199568927288,0.275519996881485,0.8049941862647334,0.9936876597906598,False,False,0.005152000114321709,1,decode_bs1,BLOCK_M16_BLOCK_N128_BLOCK_K32_GROUP_M8_SPLIT_K4_num_warps8_num_stages2
0.42009601183235645,0.35174399614334106,1.1943231908389444,0.996326877539102,False,False,0.015359999611973763,,f01,BLOCK_M16_BLOCK_N64_BLOCK_K128_GROUP_M8_SPLIT_K1_num_warps8_num_stages2,0.1456000041216612,0.275519996881485,0.5284553054938189,0.9936876597906598,False,False,0.005152000114321709,1,decode_bs1,BLOCK_M16_BLOCK_N64_BLOCK_K32_GROUP_M8_SPLIT_K8_num_warps8_num_stages2
1.826815964654088,0.35174399614334106,5.193595298523966,0.996326877539102,False,False,0.015359999611973763,,f01,BLOCK_M16_BLOCK_N64_BLOCK_K128_GROUP_M8_SPLIT_K1_num_warps8_num_stages2,0.4964479934424162,0.275519996881485,1.8018583008911817,0.9936876597906598,False,False,0.005152000114321709,1,decode_bs1,BLOCK_M16_BLOCK_N128_BLOCK_K64_GROUP_M8_SPLIT_K1_num_warps2_num_stages2
2.1895679254084826,0.35174399614334106,6.224890685884515,0.996326877539102,False,False,0.015359999611973763,,f01,BLOCK_M16_BLOCK_N64_BLOCK_K128_GROUP_M8_SPLIT_K1_num_warps8_num_stages2,0.26035199873149395,0.275519996881485,0.9449477412831289,0.9936876597906598,False,False,0.005152000114321709,1,decode_bs1,BLOCK_M16_BLOCK_N128_BLOCK_K64_GROUP_M8_SPLIT_K1_num_warps2_num_stages3
0.3450880069285631,0.35174399614334106,0.9810771774706695,0.996326877539102,False,False,0.015359999611973763,,f01,BLOCK_M16_BLOCK_N64_BLOCK_K128_GROUP_M8_SPLIT_K1_num_warps8_num_stages2,0.11193600110709667,0.275519996881485,0.4062717856201413,0.9936876597906598,False,False,0.005152000114321709,1,decode_bs1,BLOCK_M16_BLOCK_N128_BLOCK_K64_GROUP_M8_SPLIT_K16_num_warps4_num_stages2
0.32409599609673023,0.35174399614334106,0.9213973789183203,0.996326877539102,False,False,0.015359999611973763,,f01,BLOCK_M16_BLOCK_N64_BLOCK_K128_GROUP_M8_SPLIT_K1_num_warps8_num_stages2,0.1349440049380064,0.275519996881485,0.4897793498308314,0.9936876597906598,False,False,0.005152000114321709,1,decode_bs1,BLOCK_M16_BLOCK_N128_BLOCK_K64_GROUP_M8_SPLIT_K16_num_warps8_num_stages2
0.3299840111285448,0.35174399614334106,0.9381368687074086,0.996326877539102,False,False,0.015359999611973763,,f01,BLOCK_M16_BLOCK_N64_BLOCK_K128_GROUP_M8_SPLIT_K1_num_warps8_num_stages2,0.11280000023543835,0.275519996881485,0.4094076709936931,0.9936876597906598,False,False,0.005152000114321709,1,decode_bs1,BLOCK_M16_BLOCK_N128_BLOCK_K64_GROUP_M8_SPLIT_K16_num_warps4_num_stages3
0.30259201116859913,0.35174399614334106,0.8602620499179416,0.996326877539102,False,False,0.015359999611973763,,f01,BLOCK_M16_BLOCK_N64_BLOCK_K128_GROUP_M8_SPLIT_K1_num_warps8_num_stages2,0.2543359976261854,0.275519996881485,0.9231126615306552,0.9936876597906598,False,False,0.005152000114321709,1,decode_bs1,BLOCK_M16_BLOCK_N128_BLOCK_K64_GROUP_M8_SPLIT_K2_num_warps8_num_stages2
0.29644799418747425,0.35174399614334106,0.8427947525411839,0.996326877539102,False,False,0.015359999611973763,,f01,BLOCK_M16_BLOCK_N64_BLOCK_K128_GROUP_M8_SPLIT_K1_num_warps8_num_stages2,0.15129600279033184,0.275519996881485,0.5491289362035375,0.9936876597906598,False,False,0.005152000114321709,1,decode_bs1,BLOCK_M16_BLOCK_N128_BLOCK_K64_GROUP_M8_SPLIT_K2_num_warps4_num_stages3
0.33919999189674854,0.35174399614334106,0.9643376876815812,0.996326877539102,False,False,0.015359999611973763,,f01,BLOCK_M16_BLOCK_N64_BLOCK_K128_GROUP_M8_SPLIT_K1_num_warps8_num_stages2,0.15516799502074718,0.275519996881485,0.5631823344114393,0.9936876597906598,False,False,0.005152000114321709,1,decode_bs1,BLOCK_M16_BLOCK_N128_BLOCK_K64_GROUP_M8_SPLIT_K4_num_warps4_num_stages2
0.3363840002566576,0.35174399614334106,0.9563318889445265,0.996326877539102,False,False,0.015359999611973763,,f01,BLOCK_M16_BLOCK_N64_BLOCK_K128_GROUP_M8_SPLIT_K1_num_warps8_num_stages2,0.11462399922311306,0.275519996881485,0.4160278764536231,0.9936876597906598,False,False,0.005152000114321709,1,decode_bs1,BLOCK_M16_BLOCK_N128_BLOCK_K64_GROUP_M8_SPLIT_K8_num_warps4_num_stages2
0.3164159972220659,0.35174399614334106,0.8995633207428552,0.996326877539102,False,False,0.015359999611973763,,f01,BLOCK_M16_BLOCK_N64_BLOCK_K128_GROUP_M8_SPLIT_K1_num_warps8_num_stages2,0.11251199804246426,0.275519996881485,0.40836236685521354,0.9936876597906598,False,False,0.005152000114321709,1,decode_bs1,BLOCK_M16_BLOCK_N128_BLOCK_K64_GROUP_M8_SPLIT_K8_num_warps4_num_stages3
0.3143680114299059,0.35174399614334106,0.8937409447688088,0.996326877539102,False,False,0.015359999611973763,,f01,BLOCK_M16_BLOCK_N64_BLOCK_K128_GROUP_M8_SPLIT_K1_num_warps8_num_stages2,0.11283200047910213,0.275519996881485,0.4095238158979686,0.9936876597906598,False,False,0.005152000114321709,1,decode_bs1,BLOCK_M16_BLOCK_N128_BLOCK_K64_GROUP_M8_SPLIT_K8_num_warps8_num_stages3
0.36044800467789173,0.35174399614334106,1.0247452938216,0.996326877539102,False,False,0.015359999611973763,,f01,BLOCK_M16_BLOCK_N64_BLOCK_K128_GROUP_M8_SPLIT_K1_num_warps8_num_stages2,0.13529600016772747,0.275519996881485,0.491056916735975,0.9936876597906598,False,False,0.005152000114321709,1,decode_bs1,BLOCK_M16_BLOCK_N64_BLOCK_K64_GROUP_M8_SPLIT_K16_num_warps8_num_stages2
0.3287040013819933,0.35174399614334106,0.9344978307690613,0.996326877539102,False,False,0.015359999611973763,,f01,BLOCK_M16_BLOCK_N64_BLOCK_K128_GROUP_M8_SPLIT_K1_num_warps8_num_stages2,0.13081599585711956,0.275519996881485,0.4747967383049518,0.9936876597906598,False,False,0.005152000114321709,1,decode_bs1,BLOCK_M16_BLOCK_N64_BLOCK_K64_GROUP_M8_SPLIT_K16_num_warps4_num_stages3
0.3804160077124834,0.35174399614334106,1.0815138620232712,0.996326877539102,False,False,0.015359999611973763,,f01,BLOCK_M16_BLOCK_N64_BLOCK_K128_GROUP_M8_SPLIT_K1_num_warps8_num_stages2,0.11462399922311306,0.275519996881485,0.4160278764536231,0.9936876597906598,False,False,0.005152000114321709,1,decode_bs1,BLOCK_M16_BLOCK_N64_BLOCK_K64_GROUP_M8_SPLIT_K16_num_warps8_num_stages3
0.4464640039950609,0.35174399614334106,1.2692867792777336,0.996326877539102,False,False,0.015359999611973763,,f01,BLOCK_M16_BLOCK_N64_BLOCK_K128_GROUP_M8_SPLIT_K1_num_warps8_num_stages2,0.11392000131309032,0.275519996881485,0.4134727156014489,0.9936876597906598,False,False,0.005152000114321709,1,decode_bs1,BLOCK_M16_BLOCK_N64_BLOCK_K64_GROUP_M8_SPLIT_K4_num_warps2_num_stages3
1.1176960486918688,1.0060800313949585,1.110941489557398,0.996326877539102,False,False,0.015359999611973763,cast_not_priced,f01,BLOCK_M16_BLOCK_N64_BLOCK_K128_GROUP_M8_SPLIT_K16_num_warps2_num_stages2,0.27676801197230816,0.11903999745845795,2.3250001502133215,0.9936876597906598,False,False,0.005152000114321709,1,decode_bs1,BLOCK_M16_BLOCK_N64_BLOCK_K128_GROUP_M8_SPLIT_K1_num_warps2_num_stages2
0.37017598934471607,1.0060800313949585,0.36793890922520006,0.996326877539102,False,False,0.015359999611973763,cast_not_priced,f01,BLOCK_M16_BLOCK_N64_BLOCK_K128_GROUP_M8_SPLIT_K16_num_warps2_num_stages2,0.28345601074397564,0.11903999745845795,2.381182936793113,0.9936876597906598,False,False,0.005152000114321709,1,decode_bs1,BLOCK_M16_BLOCK_N64_BLOCK_K128_GROUP_M8_SPLIT_K1_num_warps8_num_stages2
0.9863680023699999,1.0060800313949585,0.9804070964437815,0.996326877539102,False,False,0.015359999611973763,cast_not_priced,f01,BLOCK_M16_BLOCK_N64_BLOCK_K128_GROUP_M8_SPLIT_K16_num_warps2_num_stages2,0.12102400325238705,0.11903999745845795,1.0166667156946259,0.9936876597906598,False,False,0.005152000114321709,1,decode_bs1,BLOCK_M16_BLOCK_N64_BLOCK_K128_GROUP_M8_SPLIT_K16_num_warps2_num_stages2
0.4175359923392534,1.0060800313949585,0.4150127020812926,0.996326877539102,False,False,0.015359999611973763,cast_not_priced,f01,BLOCK_M16_BLOCK_N64_BLOCK_K128_GROUP_M8_SPLIT_K16_num_warps2_num_stages2,0.16582399420440197,0.11903999745845795,1.3930107337432571,0.9936876597906598,False,False,0.005152000114321709,1,decode_bs1,BLOCK_M16_BLOCK_N64_BLOCK_K128_GROUP_M8_SPLIT_K2_num_warps4_num_stages2
0.7170559782534838,1.0060800313949585,0.7127226024546629,0.996326877539102,False,False,0.015359999611973763,cast_not_priced,f01,BLOCK_M16_BLOCK_N64_BLOCK_K128_GROUP_M8_SPLIT_K16_num_warps2_num_stages2,0.7514240276068449,0.11903999745845795,6.31236595808122,0.9936876597906598,False,False,0.005152000114321709,1,decode_bs1,BLOCK_M16_BLOCK_N128_BLOCK_K32_GROUP_M8_SPLIT_K1_num_warps8_num_stages2
0.29824000783264637,1.0060800313949585,0.29643765756798507,0.996326877539102,False,False,0.015359999611973763,cast_not_priced,f01,BLOCK_M16_BLOCK_N64_BLOCK_K128_GROUP_M8_SPLIT_K16_num_warps2_num_stages2,0.22179199568927288,0.11903999745845795,1.863172046577646,0.9936876597906598,False,False,0.005152000114321709,1,decode_bs1,BLOCK_M16_BLOCK_N128_BLOCK_K32_GROUP_M8_SPLIT_K4_num_warps8_num_stages2
0.42009601183235645,1.0060800313949585,0.4175572506392771,0.996326877539102,False,False,0.015359999611973763,cast_not_priced,f01,BLOCK_M16_BLOCK_N64_BLOCK_K128_GROUP_M8_SPLIT_K16_num_warps2_num_stages2,0.1456000041216612,0.11903999745845795,1.22311834030803,0.9936876597906598,False,False,0.005152000114321709,1,decode_bs1,BLOCK_M16_BLOCK_N64_BLOCK_K32_GROUP_M8_SPLIT_K8_num_warps8_num_stages2
1.826815964654088,1.0060800313949585,1.8157759896309202,0.996326877539102,False,False,0.015359999611973763,cast_not_priced,f01,BLOCK_M16_BLOCK_N64_BLOCK_K128_GROUP_M8_SPLIT_K16_num_warps2_num_stages2,0.4964479934424162,0.11903999745845795,4.1704301414796685,0.9936876597906598,False,False,0.005152000114321709,1,decode_bs1,BLOCK_M16_BLOCK_N128_BLOCK_K64_GROUP_M8_SPLIT_K1_num_warps2_num_stages2
2.1895679254084826,1.0060800313949585,2.176335735808795,0.996326877539102,False,False,0.015359999611973763,cast_not_priced,f01,BLOCK_M16_BLOCK_N64_BLOCK_K128_GROUP_M8_SPLIT_K16_num_warps2_num_stages2,0.26035199873149395,0.11903999745845795,2.1870968102326316,0.9936876597906598,False,False,0.005152000114321709,1,decode_bs1,BLOCK_M16_BLOCK_N128_BLOCK_K64_GROUP_M8_SPLIT_K1_num_warps2_num_stages3
0.3450880069285631,1.0060800313949585,0.3430025407124807,0.996326877539102,False,False,0.015359999611973763,cast_not_priced,f01,BLOCK_M16_BLOCK_N64_BLOCK_K128_GROUP_M8_SPLIT_K16_num_warps2_num_stages2,0.11193600110709667,0.11903999745845795,0.9403226100215568,0.9936876597906598,False,False,0.005152000114321709,1,decode_bs1,BLOCK_M16_BLOCK_N128_BLOCK_K64_GROUP_M8_SPLIT_K16_num_warps4_num_stages2
0.32409599609673023,1.0060800313949585,0.32213739064809976,0.996326877539102,False,False,0.015359999611973763,cast_not_priced,f01,BLOCK_M16_BLOCK_N64_BLOCK_K128_GROUP_M8_SPLIT_K16_num_warps2_num_stages2,0.1349440049380064,0.11903999745845795,1.1336022162223127,0.9936876597906598,False,False,0.005152000114321709,1,decode_bs1,BLOCK_M16_BLOCK_N128_BLOCK_K64_GROUP_M8_SPLIT_K16_num_warps8_num_stages2
0.3299840111285448,1.0060800313949585,0.3279898227092457,0.996326877539102,False,False,0.015359999611973763,cast_not_priced,f01,BLOCK_M16_BLOCK_N64_BLOCK_K128_GROUP_M8_SPLIT_K16_num_warps2_num_stages2,0.11280000023543835,0.11903999745845795,0.9475806673702492,0.9936876597906598,False,False,0.005152000114321709,1,decode_bs1,BLOCK_M16_BLOCK_N128_BLOCK_K64_GROUP_M8_SPLIT_K16_num_warps4_num_stages3
0.30259201116859913,1.0060800313949585,0.3007633604943403,0.996326877539102,False,False,0.015359999611973763,cast_not_priced,f01,BLOCK_M16_BLOCK_N64_BLOCK_K128_GROUP_M8_SPLIT_K16_num_warps2_num_stages2,0.2543359976261854,0.11903999745845795,2.1365591654598486,0.9936876597906598,False,False,0.005152000114321709,1,decode_bs1,BLOCK_M16_BLOCK_N128_BLOCK_K64_GROUP_M8_SPLIT_K2_num_warps8_num_stages2
0.29644799418747425,1.0060800313949585,0.29465647357739594,0.996326877539102,False,False,0.015359999611973763,cast_not_priced,f01,BLOCK_M16_BLOCK_N64_BLOCK_K128_GROUP_M8_SPLIT_K16_num_warps2_num_stages2,0.15129600279033184,0.11903999745845795,1.27096779251134,0.9936876597906598,False,False,0.005152000114321709,1,decode_bs1,BLOCK_M16_BLOCK_N128_BLOCK_K64_GROUP_M8_SPLIT_K2_num_warps4_num_stages3
0.33919999189674854,1.0060800313949585,0.33715010865133477,0.996326877539102,False,False,0.015359999611973763,cast_not_priced,f01,BLOCK_M16_BLOCK_N64_BLOCK_K128_GROUP_M8_SPLIT_K16_num_warps2_num_stages2,0.15516799502074718,0.11903999745845795,1.30349460965754,0.9936876597906598,False,False,0.005152000114321709,1,decode_bs1,BLOCK_M16_BLOCK_N128_BLOCK_K64_GROUP_M8_SPLIT_K4_num_warps4_num_stages2
0.3363840002566576,1.0060800313949585,0.3343511348597702,0.996326877539102,False,False,0.015359999611973763,cast_not_priced,f01,BLOCK_M16_BLOCK_N64_BLOCK_K128_GROUP_M8_SPLIT_K16_num_warps2_num_stages2,0.11462399922311306,0.11903999745845795,0.9629032398384756,0.9936876597906598,False,False,0.005152000114321709,1,decode_bs1,BLOCK_M16_BLOCK_N128_BLOCK_K64_GROUP_M8_SPLIT_K8_num_warps4_num_stages2
0.3164159972220659,1.0060800313949585,0.31450380421858304,0.996326877539102,False,False,0.015359999611973763,cast_not_priced,f01,BLOCK_M16_BLOCK_N64_BLOCK_K128_GROUP_M8_SPLIT_K16_num_warps2_num_stages2,0.11251199804246426,0.11903999745845795,0.9451612940577238,0.9936876597906598,False,False,0.005152000114321709,1,decode_bs1,BLOCK_M16_BLOCK_N128_BLOCK_K64_GROUP_M8_SPLIT_K8_num_warps4_num_stages3
0.3143680114299059,1.0060800313949585,0.31246819499441386,0.996326877539102,False,False,0.015359999611973763,cast_not_priced,f01,BLOCK_M16_BLOCK_N64_BLOCK_K128_GROUP_M8_SPLIT_K16_num_warps2_num_stages2,0.11283200047910213,0.11903999745845795,0.9478494866271965,0.9936876597906598,False,False,0.005152000114321709,1,decode_bs1,BLOCK_M16_BLOCK_N128_BLOCK_K64_GROUP_M8_SPLIT_K8_num_warps8_num_stages3
0.36044800467789173,1.0060800313949585,0.35826971357151416,0.996326877539102,False,False,0.015359999611973763,cast_not_priced,f01,BLOCK_M16_BLOCK_N64_BLOCK_K128_GROUP_M8_SPLIT_K16_num_warps2_num_stages2,0.13529600016772747,0.11903999745845795,1.1365591654598486,0.9936876597906598,False,False,0.005152000114321709,1,decode_bs1,BLOCK_M16_BLOCK_N64_BLOCK_K64_GROUP_M8_SPLIT_K16_num_warps8_num_stages2
0.3287040013819933,1.0060800313949585,0.32671754843025347,0.996326877539102,False,False,0.015359999611973763,cast_not_priced,f01,BLOCK_M16_BLOCK_N64_BLOCK_K128_GROUP_M8_SPLIT_K16_num_warps2_num_stages2,0.13081599585711956,0.11903999745845795,1.0989247198427667,0.9936876597906598,False,False,0.005152000114321709,1,decode_bs1,BLOCK_M16_BLOCK_N64_BLOCK_K64_GROUP_M8_SPLIT_K16_num_warps4_num_stages3
0.3804160077124834,1.0060800313949585,0.37811704421270126,0.996326877539102,False,False,0.015359999611973763,cast_not_priced,f01,BLOCK_M16_BLOCK_N64_BLOCK_K128_GROUP_M8_SPLIT_K16_num_warps2_num_stages2,0.11462399922311306,0.11903999745845795,0.9629032398384756,0.9936876597906598,False,False,0.005152000114321709,1,decode_bs1,BLOCK_M16_BLOCK_N64_BLOCK_K64_GROUP_M8_SPLIT_K16_num_warps8_num_stages3
0.4464640039950609,1.0060800313949585,0.4437658934309887,0.996326877539102,False,False,0.015359999611973763,cast_not_priced,f01,BLOCK_M16_BLOCK_N64_BLOCK_K128_GROUP_M8_SPLIT_K16_num_warps2_num_stages2,0.11392000131309032,0.11903999745845795,0.9569892787745197,0.9936876597906598,False,False,0.005152000114321709,1,decode_bs1,BLOCK_M16_BLOCK_N64_BLOCK_K64_GROUP_M8_SPLIT_K4_num_warps2_num_stages3
1.1176960486918688,0.3980799913406372,2.8077172251932043,0.996326877539102,False,False,0.015359999611973763,cast_not_priced,f01,BLOCK_M16_BLOCK_N64_BLOCK_K128_GROUP_M8_SPLIT_K2_num_warps4_num_stages2,0.27676801197230816,0.16035200655460358,1.7260027979635055,0.9936876597906598,False,False,0.005152000114321709,1,decode_bs1,BLOCK_M16_BLOCK_N64_BLOCK_K128_GROUP_M8_SPLIT_K1_num_warps2_num_stages2
0.37017598934471607,0.3980799913406372,0.9299035304388267,0.996326877539102,False,False,0.015359999611973763,cast_not_priced,f01,BLOCK_M16_BLOCK_N64_BLOCK_K128_GROUP_M8_SPLIT_K2_num_warps4_num_stages2,0.28345601074397564,0.16035200655460358,1.7677110304662904,0.9936876597906598,False,False,0.005152000114321709,1,decode_bs1,BLOCK_M16_BLOCK_N64_BLOCK_K128_GROUP_M8_SPLIT_K1_num_warps8_num_stages2
0.9863680023699999,0.3980799913406372,2.4778135646761617,0.996326877539102,False,False,0.015359999611973763,cast_not_priced,f01,BLOCK_M16_BLOCK_N64_BLOCK_K128_GROUP_M8_SPLIT_K2_num_warps4_num_stages2,0.12102400325238705,0.16035200655460358,0.7547395623713357,0.9936876597906598,False,False,0.005152000114321709,1,decode_bs1,BLOCK_M16_BLOCK_N64_BLOCK_K128_GROUP_M8_SPLIT_K16_num_warps2_num_stages2
0.4175359923392534,0.3980799913406372,1.0488746016424817,0.996326877539102,False,False,0.015359999611973763,cast_not_priced,f01,BLOCK_M16_BLOCK_N64_BLOCK_K128_GROUP_M8_SPLIT_K2_num_warps4_num_stages2,0.16582399420440197,0.16035200655460358,1.0341248467504212,0.9936876597906598,False,False,0.005152000114321709,1,decode_bs1,BLOCK_M16_BLOCK_N64_BLOCK_K128_GROUP_M8_SPLIT_K2_num_warps4_num_stages2
0.7170559782534838,0.3980799913406372,1.8012861581879875,0.996326877539102,False,False,0.015359999611973763,cast_not_priced,f01,BLOCK_M16_BLOCK_N64_BLOCK_K128_GROUP_M8_SPLIT_K2_num_warps4_num_stages2,0.7514240276068449,0.16035200655460358,4.686090581292275,0.9936876597906598,False,False,0.005152000114321709,1,decode_bs1,BLOCK_M16_BLOCK_N128_BLOCK_K32_GROUP_M8_SPLIT_K1_num_warps8_num_stages2
0.29824000783264637,0.3980799913406372,0.7491961774522907,0.996326877539102,False,False,0.015359999611973763,cast_not_priced,f01,BLOCK_M16_BLOCK_N64_BLOCK_K128_GROUP_M8_SPLIT_K2_num_warps4_num_stages2,0.22179199568927288,0.16035200655460358,1.383156971058841,0.9936876597906598,False,False,0.005152000114321709,1,decode_bs1,BLOCK_M16_BLOCK_N128_BLOCK_K32_GROUP_M8_SPLIT_K4_num_warps8_num_stages2
0.42009601183235645,0.3980799913406372,1.055305518917378,0.996326877539102,False,False,0.015359999611973763,cast_not_priced,f01,BLOCK_M16_BLOCK_N64_BLOCK_K128_GROUP_M8_SPLIT_K2_num_warps4_num_stages2,0.1456000041216612,0.16035200655460358,0.9080023833196064,0.9936876597906598,False,False,0.005152000114321709,1,decode_bs1,BLOCK_M16_BLOCK_N64_BLOCK_K32_GROUP_M8_SPLIT_K8_num_warps8_num_stages2
1.826815964654088,0.3980799913406372,4.589067535149941,0.996326877539102,False,False,0.015359999611973763,cast_not_priced,f01,BLOCK_M16_BLOCK_N64_BLOCK_K128_GROUP_M8_SPLIT_K2_num_warps4_num_stages2,0.4964479934424162,0.16035200655460358,3.0959886571382826,0.9936876597906598,False,False,0.005152000114321709,1,decode_bs1,BLOCK_M16_BLOCK_N128_BLOCK_K64_GROUP_M8_SPLIT_K1_num_warps2_num_stages2
2.1895679254084826,0.3980799913406372,5.500321475677657,0.996326877539102,False,False,0.015359999611973763,cast_not_priced,f01,BLOCK_M16_BLOCK_N64_BLOCK_K128_GROUP_M8_SPLIT_K2_num_warps4_num_stages2,0.26035199873149395,0.16035200655460358,1.6236279440808747,0.9936876597906598,False,False,0.005152000114321709,1,decode_bs1,BLOCK_M16_BLOCK_N128_BLOCK_K64_GROUP_M8_SPLIT_K1_num_warps2_num_stages3
0.3450880069285631,0.3980799913406372,0.8668810652009665,0.996326877539102,False,False,0.015359999611973763,cast_not_priced,f01,BLOCK_M16_BLOCK_N64_BLOCK_K128_GROUP_M8_SPLIT_K2_num_warps4_num_stages2,0.11193600110709667,0.16035200655460358,0.6980642370008626,0.9936876597906598,False,False,0.005152000114321709,1,decode_bs1,BLOCK_M16_BLOCK_N128_BLOCK_K64_GROUP_M8_SPLIT_K16_num_warps4_num_stages2
0.32409599609673023,0.3980799913406372,0.8141479178726196,0.996326877539102,False,False,0.015359999611973763,cast_not_priced,f01,BLOCK_M16_BLOCK_N64_BLOCK_K128_GROUP_M8_SPLIT_K2_num_warps4_num_stages2,0.1349440049380064,0.16035200655460358,0.8415485894905521,0.9936876597906598,False,False,0.005152000114321709,1,decode_bs1,BLOCK_M16_BLOCK_N128_BLOCK_K64_GROUP_M8_SPLIT_K16_num_warps8_num_stages2
0.3299840111285448,0.3980799913406372,0.8289389527397205,0.996326877539102,False,False,0.015359999611973763,cast_not_priced,f01,BLOCK_M16_BLOCK_N64_BLOCK_K128_GROUP_M8_SPLIT_K2_num_warps4_num_stages2,0.11280000023543835,0.16035200655460358,0.7034523774233367,0.9936876597906598,False,False,0.005152000114321709,1,decode_bs1,BLOCK_M16_BLOCK_N128_BLOCK_K64_GROUP_M8_SPLIT_K16_num_warps4_num_stages3
0.30259201116859913,0.3980799913406372,0.7601286619544538,0.996326877539102,False,False,0.015359999611973763,cast_not_priced,f01,BLOCK_M16_BLOCK_N64_BLOCK_K128_GROUP_M8_SPLIT_K2_num_warps4_num_stages2,0.2543359976261854,0.16035200655460358,1.5861104771369239,0.9936876597906598,False,False,0.005152000114321709,1,decode_bs1,BLOCK_M16_BLOCK_N128_BLOCK_K64_GROUP_M8_SPLIT_K2_num_warps8_num_stages2
0.29644799418747425,0.3980799913406372,0.7446945353598633,0.996326877539102,False,False,0.015359999611973763,cast_not_priced,f01,BLOCK_M16_BLOCK_N64_BLOCK_K128_GROUP_M8_SPLIT_K2_num_warps4_num_stages2,0.15129600279033184,0.16035200655460358,0.9435242254908238,0.9936876597906598,False,False,0.005152000114321709,1,decode_bs1,BLOCK_M16_BLOCK_N128_BLOCK_K64_GROUP_M8_SPLIT_K2_num_warps4_num_stages3
0.33919999189674854,0.3980799913406372,0.8520900303338657,0.996326877539102,False,False,0.015359999611973763,cast_not_priced,f01,BLOCK_M16_BLOCK_N64_BLOCK_K128_GROUP_M8_SPLIT_K2_num_warps4_num_stages2,0.15516799502074718,0.16035200655460358,0.967671052921367,0.9936876597906598,False,False,0.005152000114321709,1,decode_bs1,BLOCK_M16_BLOCK_N128_BLOCK_K64_GROUP_M8_SPLIT_K4_num_warps4_num_stages2
0.3363840002566576,0.3980799913406372,0.8450160961966402,0.996326877539102,False,False,0.015359999611973763,cast_not_priced,f01,BLOCK_M16_BLOCK_N64_BLOCK_K128_GROUP_M8_SPLIT_K2_num_warps4_num_stages2,0.11462399922311306,0.16035200655460358,0.7148273457001046,0.9936876597906598,False,False,0.005152000114321709,1,decode_bs1,BLOCK_M16_BLOCK_N128_BLOCK_K64_GROUP_M8_SPLIT_K8_num_warps4_num_stages2
0.3164159972220659,0.3980799913406372,0.7948553157782517,0.996326877539102,False,False,0.015359999611973763,cast_not_priced,f01,BLOCK_M16_BLOCK_N64_BLOCK_K128_GROUP_M8_SPLIT_K2_num_warps4_num_stages2,0.11251199804246426,0.16035200655460358,0.7016563151278765,0.9936876597906598,False,False,0.005152000114321709,1,decode_bs1,BLOCK_M16_BLOCK_N128_BLOCK_K64_GROUP_M8_SPLIT_K8_num_warps4_num_stages3
0.3143680114299059,0.3980799913406372,0.7897106568234952,0.996326877539102,False,False,0.015359999611973763,cast_not_priced,f01,BLOCK_M16_BLOCK_N64_BLOCK_K128_GROUP_M8_SPLIT_K2_num_warps4_num_stages2,0.11283200047910213,0.16035200655460358,0.70365193990061,0.9936876597906598,False,False,0.005152000114321709,1,decode_bs1,BLOCK_M16_BLOCK_N128_BLOCK_K64_GROUP_M8_SPLIT_K8_num_warps8_num_stages3
0.36044800467789173,0.3980799913406372,0.9054662693897022,0.996326877539102,False,False,0.015359999611973763,cast_not_priced,f01,BLOCK_M16_BLOCK_N64_BLOCK_K128_GROUP_M8_SPLIT_K2_num_warps4_num_stages2,0.13529600016772747,0.16035200655460358,0.8437437302766526,0.9936876597906598,False,False,0.005152000114321709,1,decode_bs1,BLOCK_M16_BLOCK_N64_BLOCK_K64_GROUP_M8_SPLIT_K16_num_warps8_num_stages2
0.3287040013819933,0.3980799913406372,0.8257234941022724,0.996326877539102,False,False,0.015359999611973763,cast_not_priced,f01,BLOCK_M16_BLOCK_N64_BLOCK_K128_GROUP_M8_SPLIT_K2_num_warps4_num_stages2,0.13081599585711956,0.16035200655460358,0.8158051693140097,0.9936876597906598,False,False,0.005152000114321709,1,decode_bs1,BLOCK_M16_BLOCK_N64_BLOCK_K64_GROUP_M8_SPLIT_K16_num_warps4_num_stages3
0.3804160077124834,0.3980799913406372,0.9556270498080907,0.996326877539102,False,False,0.015359999611973763,cast_not_priced,f01,BLOCK_M16_BLOCK_N64_BLOCK_K128_GROUP_M8_SPLIT_K2_num_warps4_num_stages2,0.11462399922311306,0.16035200655460358,0.7148273457001046,0.9936876597906598,False,False,0.005152000114321709,1,decode_bs1,BLOCK_M16_BLOCK_N64_BLOCK_K64_GROUP_M8_SPLIT_K16_num_warps8_num_stages3
0.4464640039950609,0.3980799913406372,1.121543442792686,0.996326877539102,False,False,0.015359999611973763,cast_not_priced,f01,BLOCK_M16_BLOCK_N64_BLOCK_K128_GROUP_M8_SPLIT_K2_num_warps4_num_stages2,0.11392000131309032,0.16035200655460358,0.7104370176639974,0.9936876597906598,False,False,0.005152000114321709,1,decode_bs1,BLOCK_M16_BLOCK_N64_BLOCK_K64_GROUP_M8_SPLIT_K4_num_warps2_num_stages3
1.1176960486918688,0.6986240148544312,1.5998534618435034,0.996326877539102,False,False,0.015359999611973763,,f01,BLOCK_M16_BLOCK_N128_BLOCK_K32_GROUP_M8_SPLIT_K1_num_warps8_num_stages2,0.27676801197230816,0.7516800165176392,0.36819924155295597,0.9936876597906598,False,False,0.005152000114321709,1,decode_bs1,BLOCK_M16_BLOCK_N64_BLOCK_K128_GROUP_M8_SPLIT_K1_num_warps2_num_stages2
0.37017598934471607,0.6986240148544312,0.5298643926831628,0.996326877539102,False,False,0.015359999611973763,,f01,BLOCK_M16_BLOCK_N128_BLOCK_K32_GROUP_M8_SPLIT_K1_num_warps8_num_stages2,0.28345601074397564,0.7516800165176392,0.3770966428736023,0.9936876597906598,False,False,0.005152000114321709,1,decode_bs1,BLOCK_M16_BLOCK_N64_BLOCK_K128_GROUP_M8_SPLIT_K1_num_warps8_num_stages2
0.9863680023699999,0.6986240148544312,1.4118724541347532,0.996326877539102,False,False,0.015359999611973763,,f01,BLOCK_M16_BLOCK_N128_BLOCK_K32_GROUP_M8_SPLIT_K1_num_warps8_num_stages2,0.12102400325238705,0.7516800165176392,0.16100468363262263,0.9936876597906598,False,False,0.005152000114321709,1,decode_bs1,BLOCK_M16_BLOCK_N64_BLOCK_K128_GROUP_M8_SPLIT_K16_num_warps2_num_stages2
0.4175359923392534,0.6986240148544312,0.5976547949418163,0.996326877539102,False,False,0.015359999611973763,,f01,BLOCK_M16_BLOCK_N128_BLOCK_K32_GROUP_M8_SPLIT_K1_num_warps8_num_stages2,0.16582399420440197,0.7516800165176392,0.22060450000071366,0.9936876597906598,False,False,0.005152000114321709,1,decode_bs1,BLOCK_M16_BLOCK_N64_BLOCK_K128_GROUP_M8_SPLIT_K2_num_warps4_num_stages2
0.7170559782534838,0.6986240148544312,1.0263832376316082,0.996326877539102,False,False,0.015359999611973763,,f01,BLOCK_M16_BLOCK_N128_BLOCK_K32_GROUP_M8_SPLIT_K1_num_warps8_num_stages2,0.7514240276068449,0.7516800165176392,0.9996594443045324,0.9936876597906598,False,False,0.005152000114321709,1,decode_bs1,BLOCK_M16_BLOCK_N128_BLOCK_K32_GROUP_M8_SPLIT_K1_num_warps8_num_stages2
0.29824000783264637,0.6986240148544312,0.4268963011453152,0.996326877539102,False,False,0.015359999611973763,,f01,BLOCK_M16_BLOCK_N128_BLOCK_K32_GROUP_M8_SPLIT_K1_num_warps8_num_stages2,0.22179199568927288,0.7516800165176392,0.2950617161764979,0.9936876597906598,False,False,0.005152000114321709,1,decode_bs1,BLOCK_M16_BLOCK_N128_BLOCK_K32_GROUP_M8_SPLIT_K4_num_warps8_num_stages2
0.42009601183235645,0.6986240148544312,0.6013191686802948,0.996326877539102,False,False,0.015359999611973763,,f01,BLOCK_M16_BLOCK_N128_BLOCK_K32_GROUP_M8_SPLIT_K1_num_warps8_num_stages2,0.1456000041216612,0.7516800165176392,0.19369944779986645,0.9936876597906598,False,False,0.005152000114321709,1,decode_bs1,BLOCK_M16_BLOCK_N64_BLOCK_K32_GROUP_M8_SPLIT_K8_num_warps8_num_stages2
1.826815964654088,0.6986240148544312,2.6148771382196654,0.996326877539102,False,False,0.015359999611973763,,f01,BLOCK_M16_BLOCK_N128_BLOCK_K32_GROUP_M8_SPLIT_K1_num_warps8_num_stages2,0.4964479934424162,0.7516800165176392,0.6604512326167,0.9936876597906598,False,False,0.005152000114321709,1,decode_bs1,BLOCK_M16_BLOCK_N128_BLOCK_K64_GROUP_M8_SPLIT_K1_num_warps2_num_stages2
2.1895679254084826,0.6986240148544312,3.134114887053678,0.996326877539102,False,False,0.015359999611973763,,f01,BLOCK_M16_BLOCK_N128_BLOCK_K32_GROUP_M8_SPLIT_K1_num_warps8_num_stages2,0.26035199873149395,0.7516800165176392,0.34636014395812326,0.9936876597906598,False,False,0.005152000114321709,1,decode_bs1,BLOCK_M16_BLOCK_N128_BLOCK_K64_GROUP_M8_SPLIT_K1_num_warps2_num_stages3
0.3450880069285631,0.6986240148544312,0.49395382865627285,0.996326877539102,False,False,0.015359999611973763,,f01,BLOCK_M16_BLOCK_N128_BLOCK_K32_GROUP_M8_SPLIT_K1_num_warps8_num_stages2,0.11193600110709667,0.7516800165176392,0.1489144298735923,0.9936876597906598,False,False,0.005152000114321709,1,decode_bs1,BLOCK_M16_BLOCK_N128_BLOCK_K64_GROUP_M8_SPLIT_K16_num_warps4_num_stages2
0.32409599609673023,0.6986240148544312,0.46390617729374867,0.996326877539102,False,False,0.015359999611973763,,f01,BLOCK_M16_BLOCK_N128_BLOCK_K32_GROUP_M8_SPLIT_K1_num_warps8_num_stages2,0.1349440049380064,0.7516800165176392,0.17952320398667904,0.9936876597906598,False,False,0.005152000114321709,1,decode_bs1,BLOCK_M16_BLOCK_N128_BLOCK_K64_GROUP_M8_SPLIT_K16_num_warps8_num_stages2
0.3299840111285448,0.6986240148544312,0.47233419423364936,0.996326877539102,False,False,0.015359999611973763,,f01,BLOCK_M16_BLOCK_N128_BLOCK_K32_GROUP_M8_SPLIT_K1_num_warps8_num_stages2,0.11280000023543835,0.7516800165176392,0.15006385397607727,0.9936876597906598,False,False,0.005152000114321709,1,decode_bs1,BLOCK_M16_BLOCK_N128_BLOCK_K64_GROUP_M8_SPLIT_K16_num_warps4_num_stages3
0.30259201116859913,0.6986240148544312,0.43312569384212873,0.996326877539102,False,False,0.015359999611973763,,f01,BLOCK_M16_BLOCK_N128_BLOCK_K32_GROUP_M8_SPLIT_K1_num_warps8_num_stages2,0.2543359976261854,0.7516800165176392,0.33835673695898644,0.9936876597906598,False,False,0.005152000114321709,1,decode_bs1,BLOCK_M16_BLOCK_N128_BLOCK_K64_GROUP_M8_SPLIT_K2_num_warps8_num_stages2
0.29644799418747425,0.6986240148544312,0.42433123952838014,0.996326877539102,False,False,0.015359999611973763,,f01,BLOCK_M16_BLOCK_N128_BLOCK_K32_GROUP_M8_SPLIT_K1_num_warps8_num_stages2,0.15129600279033184,0.7516800165176392,0.20127713849737747,0.9936876597906598,False,False,0.005152000114321709,1,decode_bs1,BLOCK_M16_BLOCK_N128_BLOCK_K64_GROUP_M8_SPLIT_K2_num_warps4_num_stages3
0.33919999189674854,0.6986240148544312,0.48552581171637216,0.996326877539102,False,False,0.015359999611973763,,f01,BLOCK_M16_BLOCK_N128_BLOCK_K32_GROUP_M8_SPLIT_K1_num_warps8_num_stages2,0.15516799502074718,0.7516800165176392,0.20642825618752625,0.9936876597906598,False,False,0.005152000114321709,1,decode_bs1,BLOCK_M16_BLOCK_N128_BLOCK_K64_GROUP_M8_SPLIT_K4_num_warps4_num_stages2
0.3363840002566576,0.6986240148544312,0.48149504326264575,0.996326877539102,False,False,0.015359999611973763,,f01,BLOCK_M16_BLOCK_N128_BLOCK_K32_GROUP_M8_SPLIT_K1_num_warps8_num_stages2,0.11462399922311306,0.7516800165176392,0.15249041707153493,0.9936876597906598,False,False,0.005152000114321709,1,decode_bs1,BLOCK_M16_BLOCK_N128_BLOCK_K64_GROUP_M8_SPLIT_K8_num_warps4_num_stages2
0.3164159972220659,0.6986240148544312,0.452913141395513,0.996326877539102,False,False,0.015359999611973763,,f01,BLOCK_M16_BLOCK_N128_BLOCK_K32_GROUP_M8_SPLIT_K1_num_warps8_num_stages2,0.11251199804246426,0.7516800165176392,0.14968070930461408,0.9936876597906598,False,False,0.005152000114321709,1,decode_bs1,BLOCK_M16_BLOCK_N128_BLOCK_K64_GROUP_M8_SPLIT_K8_num_warps4_num_stages3
0.3143680114299059,0.6986240148544312,0.4499816850633301,0.996326877539102,False,False,0.015359999611973763,,f01,BLOCK_M16_BLOCK_N128_BLOCK_K32_GROUP_M8_SPLIT_K1_num_warps8_num_stages2,0.11283200047910213,0.7516800165176392,0.15010642560623982,0.9936876597906598,False,False,0.005152000114321709,1,decode_bs1,BLOCK_M16_BLOCK_N128_BLOCK_K64_GROUP_M8_SPLIT_K8_num_warps8_num_stages3
0.36044800467789173,0.6986240148544312,0.5159399004527443,0.996326877539102,False,False,0.015359999611973763,,f01,BLOCK_M16_BLOCK_N128_BLOCK_K32_GROUP_M8_SPLIT_K1_num_warps8_num_stages2,0.13529600016772747,0.7516800165176392,0.1799914820065628,0.9936876597906598,False,False,0.005152000114321709,1,decode_bs1,BLOCK_M16_BLOCK_N64_BLOCK_K64_GROUP_M8_SPLIT_K16_num_warps8_num_stages2
0.3287040013819933,0.6986240148544312,0.47050200736441006,0.996326877539102,False,False,0.015359999611973763,,f01,BLOCK_M16_BLOCK_N128_BLOCK_K32_GROUP_M8_SPLIT_K1_num_warps8_num_stages2,0.13081599585711956,0.7516800165176392,0.1740314934314205,0.9936876597906598,False,False,0.005152000114321709,1,decode_bs1,BLOCK_M16_BLOCK_N64_BLOCK_K64_GROUP_M8_SPLIT_K16_num_warps4_num_stages3
0.3804160077124834,0.6986240148544312,0.544521802319877,0.996326877539102,False,False,0.015359999611973763,,f01,BLOCK_M16_BLOCK_N128_BLOCK_K32_GROUP_M8_SPLIT_K1_num_warps8_num_stages2,0.11462399922311306,0.7516800165176392,0.15249041707153493,0.9936876597906598,False,False,0.005152000114321709,1,decode_bs1,BLOCK_M16_BLOCK_N64_BLOCK_K64_GROUP_M8_SPLIT_K16_num_warps8_num_stages3
0.4464640039950609,0.6986240148544312,0.639061919576424,0.996326877539102,False,False,0.015359999611973763,,f01,BLOCK_M16_BLOCK_N128_BLOCK_K32_GROUP_M8_SPLIT_K1_num_warps8_num_stages2,0.11392000131309032,0.7516800165176392,0.15155385111986283,0.9936876597906598,False,False,0.005152000114321709,1,decode_bs1,BLOCK_M16_BLOCK_N64_BLOCK_K64_GROUP_M8_SPLIT_K4_num_warps2_num_stages3
1.1176960486918688,0.2826240062713623,3.9547102294583905,0.996326877539102,False,False,0.015359999611973763,cast_not_priced,f01,BLOCK_M16_BLOCK_N128_BLOCK_K32_GROUP_M8_SPLIT_K4_num_warps8_num_stages2,0.27676801197230816,0.2157440036535263,1.282853786364247,0.9936876597906598,False,False,0.005152000114321709,1,decode_bs1,BLOCK_M16_BLOCK_N64_BLOCK_K128_GROUP_M8_SPLIT_K1_num_warps2_num_stages2
0.37017598934471607,0.2826240062713623,1.3097825419306046,0.996326877539102,False,False,0.015359999611973763,cast_not_priced,f01,BLOCK_M16_BLOCK_N128_BLOCK_K32_GROUP_M8_SPLIT_K4_num_warps8_num_stages2,0.28345601074397564,0.2157440036535263,1.3138534834979299,0.9936876597906598,False,False,0.005152000114321709,1,decode_bs1,BLOCK_M16_BLOCK_N64_BLOCK_K128_GROUP_M8_SPLIT_K1_num_warps8_num_stages2
0.9863680023699999,0.2826240062713623,3.4900361628266485,0.996326877539102,False,False,0.015359999611973763,cast_not_priced,f01,BLOCK_M16_BLOCK_N128_BLOCK_K32_GROUP_M8_SPLIT_K4_num_warps8_num_stages2,0.12102400325238705,0.2157440036535263,0.5609611447034483,0.9936876597906598,False,False,0.005152000114321709,1,decode_bs1,BLOCK_M16_BLOCK_N64_BLOCK_K128_GROUP_M8_SPLIT_K16_num_warps2_num_stages2
0.4175359923392534,0.2826240062713623,1.477355012575807,0.996326877539102,False,False,0.015359999611973763,cast_not_priced,f01,BLOCK_M16_BLOCK_N128_BLOCK_K32_GROUP_M8_SPLIT_K4_num_warps8_num_stages2,0.16582399420440197,0.2157440036535263,0.7686146145257725,0.9936876597906598,False,False,0.005152000114321709,1,decode_bs1,BLOCK_M16_BLOCK_N64_BLOCK_K128_GROUP_M8_SPLIT_K2_num_warps4_num_stages2
0.7170559782534838,0.2826240062713623,2.5371375479158704,0.996326877539102,False,False,0.015359999611973763,cast_not_priced,f01,BLOCK_M16_BLOCK_N128_BLOCK_K32_GROUP_M8_SPLIT_K4_num_warps8_num_stages2,0.7514240276068449,0.2157440036535263,3.482942815938435,0.9936876597906598,False,False,0.005152000114321709,1,decode_bs1,BLOCK_M16_BLOCK_N128_BLOCK_K32_GROUP_M8_SPLIT_K1_num_warps8_num_stages2
0.29824000783264637,0.2826240062713623,1.055253627486585,0.996326877539102,False,False,0.015359999611973763,cast_not_priced,f01,BLOCK_M16_BLOCK_N128_BLOCK_K32_GROUP_M8_SPLIT_K4_num_warps8_num_stages2,0.22179199568927288,0.2157440036535263,1.02803318717242,0.9936876597906598,False,False,0.005152000114321709,1,decode_bs1,BLOCK_M16_BLOCK_N128_BLOCK_K32_GROUP_M8_SPLIT_K4_num_warps8_num_stages2
0.42009601183235645,0.2826240062713623,1.4864130523611643,0.996326877539102,False,False,0.015359999611973763,cast_not_priced,f01,BLOCK_M16_BLOCK_N128_BLOCK_K32_GROUP_M8_SPLIT_K4_num_warps8_num_stages2,0.1456000041216612,0.2157440036535263,0.6748739323271633,0.9936876597906598,False,False,0.005152000114321709,1,decode_bs1,BLOCK_M16_BLOCK_N64_BLOCK_K32_GROUP_M8_SPLIT_K8_num_warps8_num_stages2
1.826815964654088,0.2826240062713623,6.4637678474491125,0.996326877539102,False,False,0.015359999611973763,cast_not_priced,f01,BLOCK_M16_BLOCK_N128_BLOCK_K32_GROUP_M8_SPLIT_K4_num_warps8_num_stages2,0.4964479934424162,0.2157440036535263,2.3010975277889343,0.9936876597906598,False,False,0.005152000114321709,1,decode_bs1,BLOCK_M16_BLOCK_N128_BLOCK_K64_GROUP_M8_SPLIT_K1_num_warps2_num_stages2
2.1895679254084826,0.2826240062713623,7.747282172860299,0.996326877539102,False,False,0.015359999611973763,cast_not_priced,f01,BLOCK_M16_BLOCK_N128_BLOCK_K32_GROUP_M8_SPLIT_K4_num_warps8_num_stages2,0.26035199873149395,0.2157440036535263,1.2067635453247905,0.9936876597906598,False,False,0.005152000114321709,1,decode_bs1,BLOCK_M16_BLOCK_N128_BLOCK_K64_GROUP_M8_SPLIT_K1_num_warps2_num_stages3
0.3450880069285631,0.2826240062713623,1.2210144901747157,0.996326877539102,False,False,0.015359999611973763,cast_not_priced,f01,BLOCK_M16_BLOCK_N128_BLOCK_K32_GROUP_M8_SPLIT_K4_num_warps8_num_stages2,0.11193600110709667,0.2157440036535263,0.5188371366597057,0.9936876597906598,False,False,0.005152000114321709,1,decode_bs1,BLOCK_M16_BLOCK_N128_BLOCK_K64_GROUP_M8_SPLIT_K16_num_warps4_num_stages2
0.32409599609673023,0.2826240062713623,1.1467390911780808,0.996326877539102,False,False,0.015359999611973763,cast_not_priced,f01,BLOCK_M16_BLOCK_N128_BLOCK_K32_GROUP_M8_SPLIT_K4_num_warps8_num_stages2,0.1349440049380064,0.2157440036535263,0.6254820650993363,0.9936876597906598,False,False,0.005152000114321709,1,decode_bs1,BLOCK_M16_BLOCK_N128_BLOCK_K64_GROUP_M8_SPLIT_K16_num_warps8_num_stages2
0.3299840111285448,0.2826240062713623,1.1675724772357436,0.996326877539102,False,False,0.015359999611973763,cast_not_priced,f01,BLOCK_M16_BLOCK_N128_BLOCK_K32_GROUP_M8_SPLIT_K4_num_warps8_num_stages2,0.11280000023543835,0.2157440036535263,0.5228418789177071,0.9936876597906598,False,False,0.005152000114321709,1,decode_bs1,BLOCK_M16_BLOCK_N128_BLOCK_K64_GROUP_M8_SPLIT_K16_num_warps4_num_stages3
0.30259201116859913,0.2826240062713623,1.0706521896730332,0.996326877539102,False,False,0.015359999611973763,cast_not_priced,f01,BLOCK_M16_BLOCK_N128_BLOCK_K32_GROUP_M8_SPLIT_K4_num_warps8_num_stages2,0.2543359976261854,0.2157440036535263,1.178878640050807,0.9936876597906598,False,False,0.005152000114321709,1,decode_bs1,BLOCK_M16_BLOCK_N128_BLOCK_K64_GROUP_M8_SPLIT_K2_num_warps8_num_stages2
0.29644799418747425,0.2826240062713623,1.0489129996368347,0.996326877539102,False,False,0.015359999611973763,cast_not_priced,f01,BLOCK_M16_BLOCK_N128_BLOCK_K32_GROUP_M8_SPLIT_K4_num_warps8_num_stages2,0.15129600279033184,0.2157440036535263,0.7012755869373102,0.9936876597906598,False,False,0.005152000114321709,1,decode_bs1,BLOCK_M16_BLOCK_N128_BLOCK_K64_GROUP_M8_SPLIT_K2_num_warps4_num_stages3
0.33919999189674854,0.2826240062713623,1.2001811041170531,0.996326877539102,False,False,0.015359999611973763,cast_not_priced,f01,BLOCK_M16_BLOCK_N128_BLOCK_K32_GROUP_M8_SPLIT_K4_num_warps8_num_stages2,0.15516799502074718,0.2157440036535263,0.7192227472979456,0.9936876597906598,False,False,0.005152000114321709,1,decode_bs1,BLOCK_M16_BLOCK_N128_BLOCK_K64_GROUP_M8_SPLIT_K4_num_warps4_num_stages2
0.3363840002566576,0.2826240062713623,1.190217365801819,0.996326877539102,False,False,0.015359999611973763,cast_not_priced,f01,BLOCK_M16_BLOCK_N128_BLOCK_K32_GROUP_M8_SPLIT_K4_num_warps8_num_stages2,0.11462399922311306,0.2157440036535263,0.5312963386328607,0.9936876597906598,False,False,0.005152000114321709,1,decode_bs1,BLOCK_M16_BLOCK_N128_BLOCK_K64_GROUP_M8_SPLIT_K8_num_warps4_num_stages2
0.3164159972220659,0.2826240062713623,1.119565182719327,0.996326877539102,False,False,0.015359999611973763,cast_not_priced,f01,BLOCK_M16_BLOCK_N128_BLOCK_K32_GROUP_M8_SPLIT_K4_num_warps8_num_stages2,0.11251199804246426,0.2157440036535263,0.521506953320254,0.9936876597906598,False,False,0.005152000114321709,1,decode_bs1,BLOCK_M16_BLOCK_N128_BLOCK_K64_GROUP_M8_SPLIT_K8_num_warps4_num_stages3
0.3143680114299059,0.2826240062713623,1.1123188563397,0.996326877539102,False,False,0.015359999611973763,cast_not_priced,f01,BLOCK_M16_BLOCK_N128_BLOCK_K32_GROUP_M8_SPLIT_K4_num_warps8_num_stages2,0.11283200047910213,0.2157440036535263,0.5229902039840907,0.9936876597906598,False,False,0.005152000114321709,1,decode_bs1,BLOCK_M16_BLOCK_N128_BLOCK_K64_GROUP_M8_SPLIT_K8_num_warps8_num_stages3
0.36044800467789173,0.2826240062713623,1.2753623070922238,0.996326877539102,False,False,0.015359999611973763,cast_not_priced,f01,BLOCK_M16_BLOCK_N128_BLOCK_K32_GROUP_M8_SPLIT_K4_num_warps8_num_stages2,0.13529600016772747,0.2157440036535263,0.627113606295199,0.9936876597906598,False,False,0.005152000114321709,1,decode_bs1,BLOCK_M16_BLOCK_N64_BLOCK_K64_GROUP_M8_SPLIT_K16_num_warps8_num_stages2
0.3287040013819933,0.2826240062713623,1.163043457343065,0.996326877539102,False,False,0.015359999611973763,cast_not_priced,f01,BLOCK_M16_BLOCK_N128_BLOCK_K32_GROUP_M8_SPLIT_K4_num_warps8_num_stages2,0.13081599585711956,0.2157440036535263,0.6063482351389162,0.9936876597906598,False,False,0.005152000114321709,1,decode_bs1,BLOCK_M16_BLOCK_N64_BLOCK_K64_GROUP_M8_SPLIT_K16_num_warps4_num_stages3
0.3804160077124834,0.2826240062713623,1.3460144901747157,0.996326877539102,False,False,0.015359999611973763,cast_not_priced,f01,BLOCK_M16_BLOCK_N128_BLOCK_K32_GROUP_M8_SPLIT_K4_num_warps8_num_stages2,0.11462399922311306,0.2157440036535263,0.5312963386328607,0.9936876597906598,False,False,0.005152000114321709,1,decode_bs1,BLOCK_M16_BLOCK_N64_BLOCK_K64_GROUP_M8_SPLIT_K16_num_warps8_num_stages3
0.4464640039950609,0.2826240062713623,1.5797101240097315,0.996326877539102,False,False,0.015359999611973763,cast_not_priced,f01,BLOCK_M16_BLOCK_N128_BLOCK_K32_GROUP_M8_SPLIT_K4_num_warps8_num_stages2,0.11392000131309032,0.2157440036535263,0.5280332217067778,0.9936876597906598,False,False,0.005152000114321709,1,decode_bs1,BLOCK_M16_BLOCK_N64_BLOCK_K64_GROUP_M8_SPLIT_K4_num_warps2_num_stages3
1.1176960486918688,0.40294399857521057,2.773824781220182,0.996326877539102,False,False,0.015359999611973763,cast_not_priced,f01,BLOCK_M16_BLOCK_N64_BLOCK_K32_GROUP_M8_SPLIT_K8_num_warps8_num_stages2,0.27676801197230816,0.13740800321102142,2.014205908714557,0.9936876597906598,False,False,0.005152000114321709,1,decode_bs1,BLOCK_M16_BLOCK_N64_BLOCK_K128_GROUP_M8_SPLIT_K1_num_warps2_num_stages2
0.37017598934471607,0.40294399857521057,0.9186785028530999,0.996326877539102,False,False,0.015359999611973763,cast_not_priced,f01,BLOCK_M16_BLOCK_N64_BLOCK_K32_GROUP_M8_SPLIT_K8_num_warps8_num_stages2,0.28345601074397564,0.13740800321102142,2.062878465009524,0.9936876597906598,False,False,0.005152000114321709,1,decode_bs1,BLOCK_M16_BLOCK_N64_BLOCK_K128_GROUP_M8_SPLIT_K1_num_warps8_num_stages2
0.9863680023699999,0.40294399857521057,2.4479034452870545,0.996326877539102,False,False,0.015359999611973763,cast_not_priced,f01,BLOCK_M16_BLOCK_N64_BLOCK_K32_GROUP_M8_SPLIT_K8_num_warps8_num_stages2,0.12102400325238705,0.13740800321102142,0.8807638596314292,0.9936876597906598,False,False,0.005152000114321709,1,decode_bs1,BLOCK_M16_BLOCK_N64_BLOCK_K128_GROUP_M8_SPLIT_K16_num_warps2_num_stages2
0.4175359923392534,0.40294399857521057,1.0362134535211827,0.996326877539102,False,False,0.015359999611973763,cast_not_priced,f01,BLOCK_M16_BLOCK_N64_BLOCK_K32_GROUP_M8_SPLIT_K8_num_warps8_num_stages2,0.16582399420440197,0.13740800321102142,1.2068001159273183,0.9936876597906598,False,False,0.005152000114321709,1,decode_bs1,BLOCK_M16_BLOCK_N64_BLOCK_K128_GROUP_M8_SPLIT_K2_num_warps4_num_stages2
0.7170559782534838,0.40294399857521057,1.779542519032315,0.996326877539102,False,False,0.015359999611973763,cast_not_priced,f01,BLOCK_M16_BLOCK_N64_BLOCK_K32_GROUP_M8_SPLIT_K8_num_warps8_num_stages2,0.7514240276068449,0.13740800321102142,5.468560855606507,0.9936876597906598,False,False,0.005152000114321709,1,decode_bs1,BLOCK_M16_BLOCK_N128_BLOCK_K32_GROUP_M8_SPLIT_K1_num_warps8_num_stages2
0.29824000783264637,0.40294399857521057,0.7401524998193492,0.996326877539102,False,False,0.015359999611973763,cast_not_priced,f01,BLOCK_M16_BLOCK_N64_BLOCK_K32_GROUP_M8_SPLIT_K8_num_warps8_num_stages2,0.22179199568927288,0.13740800321102142,1.6141126463257058,0.9936876597906598,False,False,0.005152000114321709,1,decode_bs1,BLOCK_M16_BLOCK_N128_BLOCK_K32_GROUP_M8_SPLIT_K4_num_warps8_num_stages2
0.42009601183235645,0.40294399857521057,1.0425667420728302,0.996326877539102,False,False,0.015359999611973763,cast_not_priced,f01,BLOCK_M16_BLOCK_N64_BLOCK_K32_GROUP_M8_SPLIT_K8_num_warps8_num_stages2,0.1456000041216612,0.13740800321102142,1.0596180769620753,0.9936876597906598,False,False,0.005152000114321709,0,decode_bs1,BLOCK_M16_BLOCK_N64_BLOCK_K32_GROUP_M8_SPLIT_K8_num_warps8_num_stages2
1.826815964654088,0.40294399857521057,4.533672101119799,0.996326877539102,False,False,0.015359999611973763,cast_not_priced,f01,BLOCK_M16_BLOCK_N64_BLOCK_K32_GROUP_M8_SPLIT_K8_num_warps8_num_stages2,0.4964479934424162,0.13740800321102142,3.6129481678007265,0.9936876597906598,False,False,0.005152000114321709,1,decode_bs1,BLOCK_M16_BLOCK_N128_BLOCK_K64_GROUP_M8_SPLIT_K1_num_warps2_num_stages2
2.1895679254084826,0.40294399857521057,5.433926136511979,0.996326877539102,False,False,0.015359999611973763,cast_not_priced,f01,BLOCK_M16_BLOCK_N64_BLOCK_K32_GROUP_M8_SPLIT_K8_num_warps8_num_stages2,0.26035199873149395,0.13740800321102142,1.8947367885963957,0.9936876597906598,False,False,0.005152000114321709,1,decode_bs1,BLOCK_M16_BLOCK_N128_BLOCK_K64_GROUP_M8_SPLIT_K1_num_warps2_num_stages3
0.3450880069285631,0.40294399857521057,0.8564167927771023,0.996326877539102,False,False,0.015359999611973763,cast_not_priced,f01,BLOCK_M16_BLOCK_N64_BLOCK_K32_GROUP_M8_SPLIT_K8_num_warps8_num_stages2,0.11193600110709667,0.13740800321102142,0.8146250472411956,0.9936876597906598,False,False,0.005152000114321709,0,decode_bs1,BLOCK_M16_BLOCK_N128_BLOCK_K64_GROUP_M8_SPLIT_K16_num_warps4_num_stages2
0.32409599609673023,0.40294399857521057,0.8043201964608411,0.996326877539102,False,False,0.015359999611973763,cast_not_priced,f01,BLOCK_M16_BLOCK_N64_BLOCK_K32_GROUP_M8_SPLIT_K8_num_warps8_num_stages2,0.1349440049380064,0.13740800321102142,0.9820680148504087,0.9936876597906598,False,False,0.005152000114321709,0,decode_bs1,BLOCK_M16_BLOCK_N128_BLOCK_K64_GROUP_M8_SPLIT_K16_num_warps8_num_stages2
0.3299840111285448,0.40294399857521057,0.8189326861681808,0.996326877539102,False,False,0.015359999611973763,cast_not_priced,f01,BLOCK_M16_BLOCK_N64_BLOCK_K32_GROUP_M8_SPLIT_K8_num_warps8_num_stages2,0.11280000023543835,0.13740800321102142,0.820912884253242,0.9936876597906598,False,False,0.005152000114321709,0,decode_bs1,BLOCK_M16_BLOCK_N128_BLOCK_K64_GROUP_M8_SPLIT_K16_num_warps4_num_stages3
0.30259201116859913,0.40294399857521057,0.7509530163957002,0.996326877539102,False,False,0.015359999611973763,cast_not_priced,f01,BLOCK_M16_BLOCK_N64_BLOCK_K32_GROUP_M8_SPLIT_K8_num_warps8_num_stages2,0.2543359976261854,0.13740800321102142,1.8509547601502825,0.9936876597906598,False,False,0.005152000114321709,1,decode_bs1,BLOCK_M16_BLOCK_N128_BLOCK_K64_GROUP_M8_SPLIT_K2_num_warps8_num_stages2
0.29644799418747425,0.40294399857521057,0.7357051978331958,0.996326877539102,False,False,0.015359999611973763,cast_not_priced,f01,BLOCK_M16_BLOCK_N64_BLOCK_K32_GROUP_M8_SPLIT_K8_num_warps8_num_stages2,0.15129600279033184,0.13740800321102142,1.1010712568028678,0.9936876597906598,False,False,0.005152000114321709,0,decode_bs1,BLOCK_M16_BLOCK_N128_BLOCK_K64_GROUP_M8_SPLIT_K2_num_warps4_num_stages3
0.33919999189674854,0.40294399857521057,0.8418043030697626,0.996326877539102,False,False,0.015359999611973763,cast_not_priced,f01,BLOCK_M16_BLOCK_N64_BLOCK_K32_GROUP_M8_SPLIT_K8_num_warps8_num_stages2,0.15516799502074718,0.13740800321102142,1.1292500538156518,0.9936876597906598,False,False,0.005152000114321709,0,decode_bs1,BLOCK_M16_BLOCK_N128_BLOCK_K64_GROUP_M8_SPLIT_K4_num_warps4_num_stages2
0.3363840002566576,0.40294399857521057,0.8348157596244001,0.996326877539102,False,False,0.015359999611973763,cast_not_priced,f01,BLOCK_M16_BLOCK_N64_BLOCK_K32_GROUP_M8_SPLIT_K8_num_warps8_num_stages2,0.11462399922311306,0.13740800321102142,0.8341872128589314,0.9936876597906598,False,False,0.005152000114321709,0,decode_bs1,BLOCK_M16_BLOCK_N128_BLOCK_K64_GROUP_M8_SPLIT_K8_num_warps4_num_stages2
0.3164159972220659,0.40294399857521057,0.7852604787287979,0.996326877539102,False,False,0.015359999611973763,cast_not_priced,f01,BLOCK_M16_BLOCK_N64_BLOCK_K32_GROUP_M8_SPLIT_K8_num_warps8_num_stages2,0.11251199804246426,0.13740800321102142,0.8188169205084536,0.9936876597906598,False,False,0.005152000114321709,0,decode_bs1,BLOCK_M16_BLOCK_N128_BLOCK_K64_GROUP_M8_SPLIT_K8_num_warps4_num_stages3
0.3143680114299059,0.40294399857521057,0.7801779218489298,0.996326877539102,False,False,0.015359999611973763,cast_not_priced,f01,BLOCK_M16_BLOCK_N64_BLOCK_K32_GROUP_M8_SPLIT_K8_num_warps8_num_stages2,0.11283200047910213,0.13740800321102142,0.8211457691137741,0.9936876597906598,False,False,0.005152000114321709,0,decode_bs1,BLOCK_M16_BLOCK_N128_BLOCK_K64_GROUP_M8_SPLIT_K8_num_warps8_num_stages3
0.36044800467789173,0.40294399857521057,0.8945362282411886,0.996326877539102,False,False,0.015359999611973763,cast_not_priced,f01,BLOCK_M16_BLOCK_N64_BLOCK_K32_GROUP_M8_SPLIT_K8_num_warps8_num_stages2,0.13529600016772747,0.13740800321102142,0.9846296940939423,0.9936876597906598,False,False,0.005152000114321709,0,decode_bs1,BLOCK_M16_BLOCK_N64_BLOCK_K64_GROUP_M8_SPLIT_K16_num_warps8_num_stages2
0.3287040013819933,0.40294399857521057,0.815756041892357,0.996326877539102,False,False,0.015359999611973763,cast_not_priced,f01,BLOCK_M16_BLOCK_N64_BLOCK_K32_GROUP_M8_SPLIT_K8_num_warps8_num_stages2,0.13081599585711956,0.13740800321102142,0.95202603050873,0.9936876597906598,False,False,0.005152000114321709,0,decode_bs1,BLOCK_M16_BLOCK_N64_BLOCK_K64_GROUP_M8_SPLIT_K16_num_warps4_num_stages3
0.3804160077124834,0.40294399857521057,0.9440915091367907,0.996326877539102,False,False,0.015359999611973763,cast_not_priced,f01,BLOCK_M16_BLOCK_N64_BLOCK_K32_GROUP_M8_SPLIT_K8_num_warps8_num_stages2,0.11462399922311306,0.13740800321102142,0.8341872128589314,0.9936876597906598,False,False,0.005152000114321709,0,decode_bs1,BLOCK_M16_BLOCK_N64_BLOCK_K64_GROUP_M8_SPLIT_K16_num_warps8_num_stages3
0.4464640039950609,0.40294399857521057,1.1080050964246517,0.996326877539102,False,False,0.015359999611973763,cast_not_priced,f01,BLOCK_M16_BLOCK_N64_BLOCK_K32_GROUP_M8_SPLIT_K8_num_warps8_num_stages2,0.11392000131309032,0.13740800321102142,0.8290638001495452,0.9936876597906598,False,False,0.005152000114321709,1,decode_bs1,BLOCK_M16_BLOCK_N64_BLOCK_K64_GROUP_M8_SPLIT_K4_num_warps2_num_stages3
1.1176960486918688,1.645311951637268,0.6793216615120538,0.996326877539102,False,False,0.015359999611973763,,f01,BLOCK_M16_BLOCK_N128_BLOCK_K64_GROUP_M8_SPLIT_K1_num_warps2_num_stages2,0.27676801197230816,0.48559999465942383,0.5699506075291861,0.9936876597906598,False,False,0.005152000114321709,1,decode_bs1,BLOCK_M16_BLOCK_N64_BLOCK_K128_GROUP_M8_SPLIT_K1_num_warps2_num_stages2
0.37017598934471607,1.645311951637268,0.22498833061800216,0.996326877539102,False,False,0.015359999611973763,,f01,BLOCK_M16_BLOCK_N128_BLOCK_K64_GROUP_M8_SPLIT_K1_num_warps2_num_stages2,0.28345601074397564,0.48559999465942383,0.5837232575399386,0.9936876597906598,False,False,0.005152000114321709,1,decode_bs1,BLOCK_M16_BLOCK_N64_BLOCK_K128_GROUP_M8_SPLIT_K1_num_warps8_num_stages2
0.9863680023699999,1.645311951637268,0.5995021195758374,0.996326877539102,False,False,0.015359999611973763,,f01,BLOCK_M16_BLOCK_N128_BLOCK_K64_GROUP_M8_SPLIT_K1_num_warps2_num_stages2,0.12102400325238705,0.48559999465942383,0.2492257096033689,0.9936876597906598,False,False,0.005152000114321709,1,decode_bs1,BLOCK_M16_BLOCK_N64_BLOCK_K128_GROUP_M8_SPLIT_K16_num_warps2_num_stages2
0.4175359923392534,1.645311951637268,0.2537731473498134,0.996326877539102,False,False,0.015359999611973763,,f01,BLOCK_M16_BLOCK_N128_BLOCK_K64_GROUP_M8_SPLIT_K1_num_warps2_num_stages2,0.16582399420440197,0.48559999465942383,0.34148269363285894,0.9936876597906598,False,False,0.005152000114321709,1,decode_bs1,BLOCK_M16_BLOCK_N64_BLOCK_K128_GROUP_M8_SPLIT_K2_num_warps4_num_stages2
0.7170559782534838,1.645311951637268,0.43581764390633243,0.996326877539102,False,False,0.015359999611973763,,f01,BLOCK_M16_BLOCK_N128_BLOCK_K64_GROUP_M8_SPLIT_K1_num_warps2_num_stages2,0.7514240276068449,0.48559999465942383,1.547413582930241,0.9936876597906598,False,False,0.005152000114321709,1,decode_bs1,BLOCK_M16_BLOCK_N128_BLOCK_K32_GROUP_M8_SPLIT_K1_num_warps8_num_stages2
0.29824000783264637,1.645311951637268,0.18126654190766953,0.996326877539102,False,False,0.015359999611973763,,f01,BLOCK_M16_BLOCK_N128_BLOCK_K64_GROUP_M8_SPLIT_K1_num_warps2_num_stages2,0.22179199568927288,0.48559999465942383,0.45673805215922003,0.9936876597906598,False,False,0.005152000114321709,1,decode_bs1,BLOCK_M16_BLOCK_N128_BLOCK_K32_GROUP_M8_SPLIT_K4_num_warps8_num_stages2
0.42009601183235645,1.645311951637268,0.255329095138654,0.996326877539102,False,False,0.015359999611973763,,f01,BLOCK_M16_BLOCK_N128_BLOCK_K64_GROUP_M8_SPLIT_K1_num_warps2_num_stages2,0.1456000041216612,0.48559999465942383,0.2998352671395269,0.9936876597906598,False,False,0.005152000114321709,1,decode_bs1,BLOCK_M16_BLOCK_N64_BLOCK_K32_GROUP_M8_SPLIT_K8_num_warps8_num_stages2
1.826815964654088,1.645311951637268,1.1103158661408878,0.996326877539102,False,False,0.015359999611973763,,f01,BLOCK_M16_BLOCK_N128_BLOCK_K64_GROUP_M8_SPLIT_K1_num_warps2_num_stages2,0.4964479934424162,0.48559999465942383,1.0223393717098384,0.9936876597906598,False,False,0.005152000114321709,1,decode_bs1,BLOCK_M16_BLOCK_N128_BLOCK_K64_GROUP_M8_SPLIT_K1_num_warps2_num_stages2
2.1895679254084826,1.645311951637268,1.3307919651526383,0.996326877539102,False,False,0.015359999611973763,,f01,BLOCK_M16_BLOCK_N128_BLOCK_K64_GROUP_M8_SPLIT_K1_num_warps2_num_stages2,0.26035199873149395,0.48559999465942383,0.5361449785725227,0.9936876597906598,False,False,0.005152000114321709,1,decode_bs1,BLOCK_M16_BLOCK_N128_BLOCK_K64_GROUP_M8_SPLIT_K1_num_warps2_num_stages3
0.3450880069285631,1.645311951637268,0.20974016908171259,0.996326877539102,False,False,0.015359999611973763,,f01,BLOCK_M16_BLOCK_N128_BLOCK_K64_GROUP_M8_SPLIT_K1_num_warps2_num_stages2,0.11193600110709667,0.48559999465942383,0.2305107132169619,0.9936876597906598,False,False,0.005152000114321709,1,decode_bs1,BLOCK_M16_BLOCK_N128_BLOCK_K64_GROUP_M8_SPLIT_K16_num_warps4_num_stages2
0.32409599609673023,1.645311951637268,0.19698148778061128,0.996326877539102,False,False,0.015359999611973763,,f01,BLOCK_M16_BLOCK_N128_BLOCK_K64_GROUP_M8_SPLIT_K1_num_warps2_num_stages2,0.1349440049380064,0.48559999465942383,0.2778912817588673,0.9936876597906598,False,False,0.005152000114321709,1,decode_bs1,BLOCK_M16_BLOCK_N128_BLOCK_K64_GROUP_M8_SPLIT_K16_num_warps8_num_stages2
0.3299840111285448,1.645311951637268,0.20056014958146634,0.996326877539102,False,False,0.015359999611973763,,f01,BLOCK_M16_BLOCK_N128_BLOCK_K64_GROUP_M8_SPLIT_K1_num_warps2_num_stages2,0.11280000023543835,0.48559999465942383,0.23228995361614607,0.9936876597906598,False,False,0.005152000114321709,1,decode_bs1,BLOCK_M16_BLOCK_N128_BLOCK_K64_GROUP_M8_SPLIT_K16_num_warps4_num_stages3
0.30259201116859913,1.645311951637268,0.1839116350352202,0.996326877539102,False,False,0.015359999611973763,,f01,BLOCK_M16_BLOCK_N128_BLOCK_K64_GROUP_M8_SPLIT_K1_num_warps2_num_stages2,0.2543359976261854,0.48559999465942383,0.5237561787960157,0.9936876597906598,False,False,0.005152000114321709,1,decode_bs1,BLOCK_M16_BLOCK_N128_BLOCK_K64_GROUP_M8_SPLIT_K2_num_warps8_num_stages2
0.29644799418747425,1.645311951637268,0.1801773784554811,0.996326877539102,False,False,0.015359999611973763,,f01,BLOCK_M16_BLOCK_N128_BLOCK_K64_GROUP_M8_SPLIT_K1_num_warps2_num_stages2,0.15129600279033184,0.48559999465942383,0.3115650833078025,0.9936876597906598,False,False,0.005152000114321709,1,decode_bs1,BLOCK_M16_BLOCK_N128_BLOCK_K64_GROUP_M8_SPLIT_K2_num_warps4_num_stages3
0.33919999189674854,1.645311951637268,0.20616150728085753,0.996326877539102,False,False,0.015359999611973763,,f01,BLOCK_M16_BLOCK_N128_BLOCK_K64_GROUP_M8_SPLIT_K1_num_warps2_num_stages2,0.15516799502074718,0.48559999465942383,0.3195387082521993,0.9936876597906598,False,False,0.005152000114321709,1,decode_bs1,BLOCK_M16_BLOCK_N128_BLOCK_K64_GROUP_M8_SPLIT_K4_num_warps4_num_stages2
0.3363840002566576,1.645311951637268,0.2044499828266112,0.996326877539102,False,False,0.015359999611973763,,f01,BLOCK_M16_BLOCK_N128_BLOCK_K64_GROUP_M8_SPLIT_K1_num_warps2_num_stages2,0.11462399922311306,0.48559999465942383,0.23604612949698392,0.9936876597906598,False,False,0.005152000114321709,1,decode_bs1,BLOCK_M16_BLOCK_N128_BLOCK_K64_GROUP_M8_SPLIT_K8_num_warps4_num_stages2
0.3164159972220659,1.645311951637268,0.19231368064104615,0.996326877539102,False,False,0.015359999611973763,,f01,BLOCK_M16_BLOCK_N128_BLOCK_K64_GROUP_M8_SPLIT_K1_num_warps2_num_stages2,0.11251199804246426,0.48559999465942383,0.2316968683687377,0.9936876597906598,False,False,0.005152000114321709,1,decode_bs1,BLOCK_M16_BLOCK_N128_BLOCK_K64_GROUP_M8_SPLIT_K8_num_warps4_num_stages3
0.3143680114299059,1.645311951637268,0.191068940523452,0.996326877539102,False,False,0.015359999611973763,,f01,BLOCK_M16_BLOCK_N128_BLOCK_K64_GROUP_M8_SPLIT_K1_num_warps2_num_stages2,0.11283200047910213,0.48559999465942383,0.23235585197696923,0.9936876597906598,False,False,0.005152000114321709,1,decode_bs1,BLOCK_M16_BLOCK_N128_BLOCK_K64_GROUP_M8_SPLIT_K8_num_warps8_num_stages3
0.36044800467789173,1.645311951637268,0.21907578336084288,0.996326877539102,False,False,0.015359999611973763,,f01,BLOCK_M16_BLOCK_N128_BLOCK_K64_GROUP_M8_SPLIT_K1_num_warps2_num_stages2,0.13529600016772747,0.48559999465942383,0.278616148384881,0.9936876597906598,False,False,0.005152000114321709,1,decode_bs1,BLOCK_M16_BLOCK_N64_BLOCK_K64_GROUP_M8_SPLIT_K16_num_warps8_num_stages2
0.3287040013819933,1.645311951637268,0.19978217568704604,0.996326877539102,False,False,0.015359999611973763,,f01,BLOCK_M16_BLOCK_N128_BLOCK_K64_GROUP_M8_SPLIT_K1_num_warps2_num_stages2,0.13081599585711956,0.48559999465942383,0.2693904392418034,0.9936876597906598,False,False,0.005152000114321709,1,decode_bs1,BLOCK_M16_BLOCK_N64_BLOCK_K64_GROUP_M8_SPLIT_K16_num_warps4_num_stages3
0.3804160077124834,1.645311951637268,0.23121208554640793,0.996326877539102,False,False,0.015359999611973763,,f01,BLOCK_M16_BLOCK_N128_BLOCK_K64_GROUP_M8_SPLIT_K1_num_warps2_num_stages2,0.11462399922311306,0.48559999465942383,0.23604612949698392,0.9936876597906598,False,False,0.005152000114321709,1,decode_bs1,BLOCK_M16_BLOCK_N64_BLOCK_K64_GROUP_M8_SPLIT_K16_num_warps8_num_stages3
0.4464640039950609,1.645311951637268,0.27135523056936384,0.996326877539102,False,False,0.015359999611973763,,f01,BLOCK_M16_BLOCK_N128_BLOCK_K64_GROUP_M8_SPLIT_K1_num_warps2_num_stages2,0.11392000131309032,0.48559999465942383,0.2345963809019155,0.9936876597906598,False,False,0.005152000114321709,1,decode_bs1,BLOCK_M16_BLOCK_N64_BLOCK_K64_GROUP_M8_SPLIT_K4_num_warps2_num_stages3
1.1176960486918688,2.264319896697998,0.493612254311671,0.996326877539102,False,False,0.015359999611973763,,f01,BLOCK_M16_BLOCK_N128_BLOCK_K64_GROUP_M8_SPLIT_K1_num_warps2_num_stages3,0.27676801197230816,0.24374400079250336,1.1354864573996952,0.9936876597906598,False,False,0.005152000114321709,1,decode_bs1,BLOCK_M16_BLOCK_N64_BLOCK_K128_GROUP_M8_SPLIT_K1_num_warps2_num_stages2
0.37017598934471607,2.264319896697998,0.16348219608215897,0.996326877539102,False,False,0.015359999611973763,,f01,BLOCK_M16_BLOCK_N128_BLOCK_K64_GROUP_M8_SPLIT_K1_num_warps2_num_stages3,0.28345601074397564,0.24374400079250336,1.1629250764012802,0.9936876597906598,False,False,0.005152000114321709,1,decode_bs1,BLOCK_M16_BLOCK_N64_BLOCK_K128_GROUP_M8_SPLIT_K1_num_warps8_num_stages2
0.9863680023699999,2.264319896697998,0.43561336179061805,0.996326877539102,False,False,0.015359999611973763,,f01,BLOCK_M16_BLOCK_N128_BLOCK_K64_GROUP_M8_SPLIT_K1_num_warps2_num_stages3,0.12102400325238705,0.24374400079250336,0.4965209517317043,0.9936876597906598,False,False,0.005152000114321709,1,decode_bs1,BLOCK_M16_BLOCK_N64_BLOCK_K128_GROUP_M8_SPLIT_K16_num_warps2_num_stages2
0.4175359923392534,2.264319896697998,0.18439796998124508,0.996326877539102,False,False,0.015359999611973763,,f01,BLOCK_M16_BLOCK_N128_BLOCK_K64_GROUP_M8_SPLIT_K1_num_warps2_num_stages3,0.16582399420440197,0.24374400079250336,0.6803203101009495,0.9936876597906598,False,False,0.005152000114321709,1,decode_bs1,BLOCK_M16_BLOCK_N64_BLOCK_K128_GROUP_M8_SPLIT_K2_num_warps4_num_stages2
0.7170559782534838,2.264319896697998,0.31667609302870536,0.996326877539102,False,False,0.015359999611973763,,f01,BLOCK_M16_BLOCK_N128_BLOCK_K64_GROUP_M8_SPLIT_K1_num_warps2_num_stages3,0.7514240276068449,0.24374400079250336,3.0828411167605476,0.9936876597906598,False,False,0.005152000114321709,1,decode_bs1,BLOCK_M16_BLOCK_N128_BLOCK_K32_GROUP_M8_SPLIT_K1_num_warps8_num_stages2
0.29824000783264637,2.264319896697998,0.13171284157665286,0.996326877539102,False,False,0.015359999611973763,,f01,BLOCK_M16_BLOCK_N128_BLOCK_K64_GROUP_M8_SPLIT_K1_num_warps2_num_stages3,0.22179199568927288,0.24374400079250336,0.9099382752730066,0.9936876597906598,False,False,0.005152000114321709,1,decode_bs1,BLOCK_M16_BLOCK_N128_BLOCK_K32_GROUP_M8_SPLIT_K4_num_warps8_num_stages2
0.42009601183235645,2.264319896697998,0.18552856089149422,0.996326877539102,False,False,0.015359999611973763,,f01,BLOCK_M16_BLOCK_N128_BLOCK_K64_GROUP_M8_SPLIT_K1_num_warps2_num_stages3,0.1456000041216612,0.24374400079250336,0.5973480522526128,0.9936876597906598,False,False,0.005152000114321709,1,decode_bs1,BLOCK_M16_BLOCK_N64_BLOCK_K32_GROUP_M8_SPLIT_K8_num_warps8_num_stages2
1.826815964654088,2.264319896697998,0.8067835146959972,0.996326877539102,False,False,0.015359999611973763,,f01,BLOCK_M16_BLOCK_N128_BLOCK_K64_GROUP_M8_SPLIT_K1_num_warps2_num_stages3,0.4964479934424162,0.24374400079250336,2.0367598456916975,0.9936876597906598,False,False,0.005152000114321709,1,decode_bs1,BLOCK_M16_BLOCK_N128_BLOCK_K64_GROUP_M8_SPLIT_K1_num_warps2_num_stages2
2.1895679254084826,2.264319896697998,0.9669870094775369,0.996326877539102,False,False,0.015359999611973763,,f01,BLOCK_M16_BLOCK_N128_BLOCK_K64_GROUP_M8_SPLIT_K1_num_warps2_num_stages3,0.26035199873149395,0.24374400079250336,1.0681370531581977,0.9936876597906598,False,False,0.005152000114321709,1,decode_bs1,BLOCK_M16_BLOCK_N128_BLOCK_K64_GROUP_M8_SPLIT_K1_num_warps2_num_stages3
0.3450880069285631,2.264319896697998,0.15240249729368913,0.996326877539102,False,False,0.015359999611973763,,f01,BLOCK_M16_BLOCK_N128_BLOCK_K64_GROUP_M8_SPLIT_K1_num_warps2_num_stages3,0.11193600110709667,0.24374400079250336,0.4592359227023051,0.9936876597906598,False,False,0.005152000114321709,1,decode_bs1,BLOCK_M16_BLOCK_N128_BLOCK_K64_GROUP_M8_SPLIT_K16_num_warps4_num_stages2
0.32409599609673023,2.264319896697998,0.14313171763819743,0.996326877539102,False,False,0.015359999611973763,,f01,BLOCK_M16_BLOCK_N128_BLOCK_K64_GROUP_M8_SPLIT_K1_num_warps2_num_stages3,0.1349440049380064,0.24374400079250336,0.5536300565316591,0.9936876597906598,False,False,0.005152000114321709,1,decode_bs1,BLOCK_M16_BLOCK_N128_BLOCK_K64_GROUP_M8_SPLIT_K16_num_warps8_num_stages2
0.3299840111285448,2.264319896697998,0.14573206357006022,0.996326877539102,False,False,0.015359999611973763,,f01,BLOCK_M16_BLOCK_N128_BLOCK_K64_GROUP_M8_SPLIT_K1_num_warps2_num_stages3,0.11280000023543835,0.24374400079250336,0.462780621753492,0.9936876597906598,False,False,0.005152000114321709,1,decode_bs1,BLOCK_M16_BLOCK_N128_BLOCK_K64_GROUP_M8_SPLIT_K16_num_warps4_num_stages3
0.30259201116859913,2.264319896697998,0.13363483296236614,0.996326877539102,False,False,0.015359999611973763,,f01,BLOCK_M16_BLOCK_N128_BLOCK_K64_GROUP_M8_SPLIT_K1_num_warps2_num_stages3,0.2543359976261854,0.24374400079250336,1.0434554155148168,0.9936876597906598,False,False,0.005152000114321709,1,decode_bs1,BLOCK_M16_BLOCK_N128_BLOCK_K64_GROUP_M8_SPLIT_K2_num_warps8_num_stages2
0.29644799418747425,2.264319896697998,0.13092142793947845,0.996326877539102,False,False,0.015359999611973763,,f01,BLOCK_M16_BLOCK_N128_BLOCK_K64_GROUP_M8_SPLIT_K1_num_warps2_num_stages3,0.15129600279033184,0.24374400079250336,0.6207168270743554,0.9936876597906598,False,False,0.005152000114321709,1,decode_bs1,BLOCK_M16_BLOCK_N128_BLOCK_K64_GROUP_M8_SPLIT_K2_num_warps4_num_stages3
0.33919999189674854,2.264319896697998,0.14980215136182637,0.996326877539102,False,False,0.015359999611973763,,f01,BLOCK_M16_BLOCK_N128_BLOCK_K64_GROUP_M8_SPLIT_K1_num_warps2_num_stages3,0.15516799502074718,0.24374400079250336,0.6366023143799959,0.9936876597906598,False,False,0.005152000114321709,1,decode_bs1,BLOCK_M16_BLOCK_N128_BLOCK_K64_GROUP_M8_SPLIT_K4_num_warps4_num_stages2
0.3363840002566576,2.264319896697998,0.14855851452226257,0.996326877539102,False,False,0.015359999611973763,,f01,BLOCK_M16_BLOCK_N128_BLOCK_K64_GROUP_M8_SPLIT_K1_num_warps2_num_stages3,0.11462399922311306,0.24374400079250336,0.4702638787023572,0.9936876597906598,False,False,0.005152000114321709,1,decode_bs1,BLOCK_M16_BLOCK_N128_BLOCK_K64_GROUP_M8_SPLIT_K8_num_warps4_num_stages2
0.3164159972220659,2.264319896697998,0.1397399712308705,0.996326877539102,False,False,0.015359999611973763,,f01,BLOCK_M16_BLOCK_N128_BLOCK_K64_GROUP_M8_SPLIT_K1_num_warps2_num_stages3,0.11251199804246426,0.24374400079250336,0.4615990452140174,0.9936876597906598,False,False,0.005152000114321709,1,decode_bs1,BLOCK_M16_BLOCK_N128_BLOCK_K64_GROUP_M8_SPLIT_K8_num_warps4_num_stages3
0.3143680114299059,2.264319896697998,0.13883551166438143,0.996326877539102,False,False,0.015359999611973763,,f01,BLOCK_M16_BLOCK_N128_BLOCK_K64_GROUP_M8_SPLIT_K1_num_warps2_num_stages3,0.11283200047910213,0.24374400079250336,0.46291190803565585,0.9936876597906598,False,False,0.005152000114321709,1,decode_bs1,BLOCK_M16_BLOCK_N128_BLOCK_K64_GROUP_M8_SPLIT_K8_num_warps8_num_stages3
0.36044800467789173,2.264319896697998,0.159185990108343,0.996326877539102,False,False,0.015359999611973763,,f01,BLOCK_M16_BLOCK_N128_BLOCK_K64_GROUP_M8_SPLIT_K1_num_warps2_num_stages3,0.13529600016772747,0.24374400079250336,0.5550741750682245,0.9936876597906598,False,False,0.005152000114321709,1,decode_bs1,BLOCK_M16_BLOCK_N64_BLOCK_K64_GROUP_M8_SPLIT_K16_num_warps8_num_stages2
0.3287040013819933,2.264319896697998,0.14516676811493565,0.996326877539102,False,False,0.015359999611973763,,f01,BLOCK_M16_BLOCK_N128_BLOCK_K64_GROUP_M8_SPLIT_K1_num_warps2_num_stages3,0.13081599585711956,0.24374400079250336,0.5366942178342342,0.9936876597906598,False,False,0.005152000114321709,1,decode_bs1,BLOCK_M16_BLOCK_N64_BLOCK_K64_GROUP_M8_SPLIT_K16_num_warps4_num_stages3
0.3804160077124834,2.264319896697998,0.16800453339973503,0.996326877539102,False,False,0.015359999611973763,,f01,BLOCK_M16_BLOCK_N128_BLOCK_K64_GROUP_M8_SPLIT_K1_num_warps2_num_stages3,0.11462399922311306,0.24374400079250336,0.4702638787023572,0.9936876597906598,False,False,0.005152000114321709,1,decode_bs1,BLOCK_M16_BLOCK_N64_BLOCK_K64_GROUP_M8_SPLIT_K16_num_warps8_num_stages3
0.4464640039950609,2.264319896697998,0.19717355513508864,0.996326877539102,False,False,0.015359999611973763,,f01,BLOCK_M16_BLOCK_N128_BLOCK_K64_GROUP_M8_SPLIT_K1_num_warps2_num_stages3,0.11392000131309032,0.24374400079250336,0.46737561106198955,0.9936876597906598,False,False,0.005152000114321709,1,decode_bs1,BLOCK_M16_BLOCK_N64_BLOCK_K64_GROUP_M8_SPLIT_K4_num_warps2_num_stages3
1.1176960486918688,0.33228799700737,3.363636540464863,0.996326877539102,False,False,0.015359999611973763,cast_not_priced,f01,BLOCK_M16_BLOCK_N128_BLOCK_K64_GROUP_M8_SPLIT_K16_num_warps4_num_stages2,0.27676801197230816,0.10633599758148193,2.6027687543931632,0.9936876597906598,False,False,0.005152000114321709,1,decode_bs1,BLOCK_M16_BLOCK_N64_BLOCK_K128_GROUP_M8_SPLIT_K1_num_warps2_num_stages2
0.37017598934471607,0.33228799700737,1.1140215496153048,0.996326877539102,False,False,0.015359999611973763,cast_not_priced,f01,BLOCK_M16_BLOCK_N128_BLOCK_K64_GROUP_M8_SPLIT_K16_num_warps4_num_stages2,0.28345601074397564,0.10633599758148193,2.665663718692931,0.9936876597906598,False,False,0.005152000114321709,1,decode_bs1,BLOCK_M16_BLOCK_N64_BLOCK_K128_GROUP_M8_SPLIT_K1_num_warps8_num_stages2
0.9863680023699999,0.33228799700737,2.968412976855504,0.996326877539102,False,False,0.015359999611973763,cast_not_priced,f01,BLOCK_M16_BLOCK_N128_BLOCK_K64_GROUP_M8_SPLIT_K16_num_warps4_num_stages2,0.12102400325238705,0.10633599758148193,1.1381282538836404,0.9936876597906598,False,False,0.005152000114321709,1,decode_bs1,BLOCK_M16_BLOCK_N64_BLOCK_K128_GROUP_M8_SPLIT_K16_num_warps2_num_stages2
0.4175359923392534,0.33228799700737,1.2565485244716579,0.996326877539102,False,False,0.015359999611973763,cast_not_priced,f01,BLOCK_M16_BLOCK_N128_BLOCK_K64_GROUP_M8_SPLIT_K16_num_warps4_num_stages2,0.16582399420440197,0.10633599758148193,1.559434227128365,0.9936876597906598,False,False,0.005152000114321709,1,decode_bs1,BLOCK_M16_BLOCK_N64_BLOCK_K128_GROUP_M8_SPLIT_K2_num_warps4_num_stages2
0.7170559782534838,0.33228799700737,2.157935239043798,0.996326877539102,False,False,0.015359999611973763,cast_not_priced,f01,BLOCK_M16_BLOCK_N128_BLOCK_K64_GROUP_M8_SPLIT_K16_num_warps4_num_stages2,0.7514240276068449,0.10633599758148193,7.066506589464704,0.9936876597906598,False,False,0.005152000114321709,1,decode_bs1,BLOCK_M16_BLOCK_N128_BLOCK_K32_GROUP_M8_SPLIT_K1_num_warps8_num_stages2
0.29824000783264637,0.33228799700737,0.897534700376287,0.996326877539102,False,False,0.015359999611973763,cast_not_priced,f01,BLOCK_M16_BLOCK_N128_BLOCK_K64_GROUP_M8_SPLIT_K16_num_warps4_num_stages2,0.22179199568927288,0.10633599758148193,2.0857658811102104,0.9936876597906598,False,False,0.005152000114321709,1,decode_bs1,BLOCK_M16_BLOCK_N128_BLOCK_K32_GROUP_M8_SPLIT_K4_num_warps8_num_stages2
0.42009601183235645,0.33228799700737,1.2642527434508533,0.996326877539102,False,False,0.015359999611973763,cast_not_priced,f01,BLOCK_M16_BLOCK_N128_BLOCK_K64_GROUP_M8_SPLIT_K16_num_warps4_num_stages2,0.1456000041216612,0.10633599758148193,1.3692447283441571,0.9936876597906598,False,False,0.005152000114321709,0,decode_bs1,BLOCK_M16_BLOCK_N64_BLOCK_K32_GROUP_M8_SPLIT_K8_num_warps8_num_stages2
1.826815964654088,0.33228799700737,5.497688695067641,0.996326877539102,False,False,0.015359999611973763,cast_not_priced,f01,BLOCK_M16_BLOCK_N128_BLOCK_K64_GROUP_M8_SPLIT_K16_num_warps4_num_stages2,0.4964479934424162,0.10633599758148193,4.668672930462741,0.9936876597906598,False,False,0.005152000114321709,1,decode_bs1,BLOCK_M16_BLOCK_N128_BLOCK_K64_GROUP_M8_SPLIT_K1_num_warps2_num_stages2
2.1895679254084826,0.33228799700737,6.589368093725994,0.996326877539102,False,False,0.015359999611973763,cast_not_priced,f01,BLOCK_M16_BLOCK_N128_BLOCK_K64_GROUP_M8_SPLIT_K16_num_warps4_num_stages2,0.26035199873149395,0.10633599758148193,2.4483900527852236,0.9936876597906598,False,False,0.005152000114321709,1,decode_bs1,BLOCK_M16_BLOCK_N128_BLOCK_K64_GROUP_M8_SPLIT_K1_num_warps2_num_stages3
0.3450880069285631,0.33228799700737,1.038520831436801,0.996326877539102,False,False,0.015359999611973763,cast_not_priced,f01,BLOCK_M16_BLOCK_N128_BLOCK_K64_GROUP_M8_SPLIT_K16_num_warps4_num_stages2,0.11193600110709667,0.10633599758148193,1.052663290447091,0.9936876597906598,False,False,0.005152000114321709,0,decode_bs1,BLOCK_M16_BLOCK_N128_BLOCK_K64_GROUP_M8_SPLIT_K16_num_warps4_num_stages2
0.32409599609673023,0.33228799700737,0.9753466842485494,0.996326877539102,False,False,0.015359999611973763,cast_not_priced,f01,BLOCK_M16_BLOCK_N128_BLOCK_K64_GROUP_M8_SPLIT_K16_num_warps4_num_stages2,0.1349440049380064,0.10633599758148193,1.2690340807176144,0.9936876597906598,False,False,0.005152000114321709,0,decode_bs1,BLOCK_M16_BLOCK_N128_BLOCK_K64_GROUP_M8_SPLIT_K16_num_warps8_num_stages2
0.3299840111285448,0.33228799700737,0.9930662982124687,0.996326877539102,False,False,0.015359999611973763,cast_not_priced,f01,BLOCK_M16_BLOCK_N128_BLOCK_K64_GROUP_M8_SPLIT_K16_num_warps4_num_stages2,0.11280000023543835,0.10633599758148193,1.0607884705177402,0.9936876597906598,False,False,0.005152000114321709,0,decode_bs1,BLOCK_M16_BLOCK_N128_BLOCK_K64_GROUP_M8_SPLIT_K16_num_warps4_num_stages3
0.30259201116859913,0.33228799700737,0.910631782952689,0.996326877539102,False,False,0.015359999611973763,cast_not_priced,f01,BLOCK_M16_BLOCK_N128_BLOCK_K64_GROUP_M8_SPLIT_K16_num_warps4_num_stages2,0.2543359976261854,0.10633599758148193,2.3918146574145385,0.9936876597906598,False,False,0.005152000114321709,1,decode_bs1,BLOCK_M16_BLOCK_N128_BLOCK_K64_GROUP_M8_SPLIT_K2_num_warps8_num_stages2
0.29644799418747425,0.33228799700737,0.8921417470908501,0.996326877539102,False,False,0.015359999611973763,cast_not_priced,f01,BLOCK_M16_BLOCK_N128_BLOCK_K64_GROUP_M8_SPLIT_K16_num_warps4_num_stages2,0.15129600279033184,0.10633599758148193,1.422810771812231,0.9936876597906598,False,False,0.005152000114321709,0,decode_bs1,BLOCK_M16_BLOCK_N128_BLOCK_K64_GROUP_M8_SPLIT_K2_num_warps4_num_stages3
0.33919999189674854,0.33228799700737,1.0208012174728816,0.996326877539102,False,False,0.015359999611973763,cast_not_priced,f01,BLOCK_M16_BLOCK_N128_BLOCK_K64_GROUP_M8_SPLIT_K16_num_warps4_num_stages2,0.15516799502074718,0.10633599758148193,1.4592235795018222,0.9936876597906598,False,False,0.005152000114321709,0,decode_bs1,BLOCK_M16_BLOCK_N128_BLOCK_K64_GROUP_M8_SPLIT_K4_num_warps4_num_stages2
0.3363840002566576,0.33228799700737,1.012326666283997,0.996326877539102,False,False,0.015359999611973763,cast_not_priced,f01,BLOCK_M16_BLOCK_N128_BLOCK_K64_GROUP_M8_SPLIT_K16_num_warps4_num_stages2,0.11462399922311306,0.10633599758148193,1.0779416362298222,0.9936876597906598,False,False,0.005152000114321709,0,decode_bs1,BLOCK_M16_BLOCK_N128_BLOCK_K64_GROUP_M8_SPLIT_K8_num_warps4_num_stages2
0.3164159972220659,0.33228799700737,0.9522342066874235,0.996326877539102,False,False,0.015359999611973763,cast_not_priced,f01,BLOCK_M16_BLOCK_N128_BLOCK_K64_GROUP_M8_SPLIT_K16_num_warps4_num_stages2,0.11251199804246426,0.10633599758148193,1.0580800538053903,0.9936876597906598,False,False,0.005152000114321709,0,decode_bs1,BLOCK_M16_BLOCK_N128_BLOCK_K64_GROUP_M8_SPLIT_K8_num_warps4_num_stages3
0.3143680114299059,0.33228799700737,0.9460709211922974,0.996326877539102,False,False,0.015359999611973763,cast_not_priced,f01,BLOCK_M16_BLOCK_N128_BLOCK_K64_GROUP_M8_SPLIT_K16_num_warps4_num_stages2,0.11283200047910213,0.10633599758148193,1.0610894057080014,0.9936876597906598,False,False,0.005152000114321709,0,decode_bs1,BLOCK_M16_BLOCK_N128_BLOCK_K64_GROUP_M8_SPLIT_K8_num_warps8_num_stages3
0.36044800467789173,0.33228799700737,1.0847457865590528,0.996326877539102,False,False,0.015359999611973763,cast_not_priced,f01,BLOCK_M16_BLOCK_N128_BLOCK_K64_GROUP_M8_SPLIT_K16_num_warps4_num_stages2,0.13529600016772747,0.10633599758148193,1.2723442977440862,0.9936876597906598,False,False,0.005152000114321709,0,decode_bs1,BLOCK_M16_BLOCK_N64_BLOCK_K64_GROUP_M8_SPLIT_K16_num_warps8_num_stages2
0.3287040013819933,0.33228799700737,0.989214188722871,0.996326877539102,False,False,0.015359999611973763,cast_not_priced,f01,BLOCK_M16_BLOCK_N128_BLOCK_K64_GROUP_M8_SPLIT_K16_num_warps4_num_stages2,0.13081599585711956,0.10633599758148193,1.2302136513731332,0.9936876597906598,False,False,0.005152000114321709,0,decode_bs1,BLOCK_M16_BLOCK_N64_BLOCK_K64_GROUP_M8_SPLIT_K16_num_warps4_num_stages3
0.3804160077124834,0.33228799700737,1.1448382461556261,0.996326877539102,False,False,0.015359999611973763,cast_not_priced,f01,BLOCK_M16_BLOCK_N128_BLOCK_K64_GROUP_M8_SPLIT_K16_num_warps4_num_stages2,0.11462399922311306,0.10633599758148193,1.0779416362298222,0.9936876597906598,False,False,0.005152000114321709,0,decode_bs1,BLOCK_M16_BLOCK_N64_BLOCK_K64_GROUP_M8_SPLIT_K16_num_warps8_num_stages3
0.4464640039950609,0.33228799700737,1.343605571118955,0.996326877539102,False,False,0.015359999611973763,cast_not_priced,f01,BLOCK_M16_BLOCK_N128_BLOCK_K64_GROUP_M8_SPLIT_K16_num_warps4_num_stages2,0.11392000131309032,0.10633599758148193,1.0713211321104785,0.9936876597906598,False,False,0.005152000114321709,1,decode_bs1,BLOCK_M16_BLOCK_N64_BLOCK_K64_GROUP_M8_SPLIT_K4_num_warps2_num_stages3
1.1176960486918688,0.30847999453544617,3.623236736550963,0.996326877539102,False,False,0.015359999611973763,cast_not_priced,f01,BLOCK_M16_BLOCK_N128_BLOCK_K64_GROUP_M8_SPLIT_K16_num_warps8_num_stages2,0.27676801197230816,0.1181119978427887,2.343267551368459,0.9936876597906598,False,False,0.005152000114321709,1,decode_bs1,BLOCK_M16_BLOCK_N64_BLOCK_K128_GROUP_M8_SPLIT_K1_num_warps2_num_stages2
0.37017598934471607,0.30847999453544617,1.1999999867160938,0.996326877539102,False,False,0.015359999611973763,cast_not_priced,f01,BLOCK_M16_BLOCK_N128_BLOCK_K64_GROUP_M8_SPLIT_K16_num_warps8_num_stages2,0.28345601074397564,0.1181119978427887,2.399891763081222,0.9936876597906598,False,False,0.005152000114321709,1,decode_bs1,BLOCK_M16_BLOCK_N64_BLOCK_K128_GROUP_M8_SPLIT_K1_num_warps8_num_stages2
0.9863680023699999,0.30847999453544617,3.197510437768957,0.996326877539102,False,False,0.015359999611973763,cast_not_priced,f01,BLOCK_M16_BLOCK_N128_BLOCK_K64_GROUP_M8_SPLIT_K16_num_warps8_num_stages2,0.12102400325238705,0.1181119978427887,1.0246546114093704,0.9936876597906598,False,False,0.005152000114321709,1,decode_bs1,BLOCK_M16_BLOCK_N64_BLOCK_K128_GROUP_M8_SPLIT_K16_num_warps2_num_stages2
0.4175359923392534,0.30847999453544617,1.3535269700974923,0.996326877539102,False,False,0.015359999611973763,cast_not_priced,f01,BLOCK_M16_BLOCK_N128_BLOCK_K64_GROUP_M8_SPLIT_K16_num_warps8_num_stages2,0.16582399420440197,0.1181119978427887,1.4039555441702007,0.9936876597906598,False,False,0.005152000114321709,1,decode_bs1,BLOCK_M16_BLOCK_N64_BLOCK_K128_GROUP_M8_SPLIT_K2_num_warps4_num_stages2
0.7170559782534838,0.30847999453544617,2.324481298482031,0.996326877539102,False,False,0.015359999611973763,cast_not_priced,f01,BLOCK_M16_BLOCK_N128_BLOCK_K64_GROUP_M8_SPLIT_K16_num_warps8_num_stages2,0.7514240276068449,0.1181119978427887,6.361961877971256,0.9936876597906598,False,False,0.005152000114321709,1,decode_bs1,BLOCK_M16_BLOCK_N128_BLOCK_K32_GROUP_M8_SPLIT_K1_num_warps8_num_stages2
0.29824000783264637,0.30847999453544617,0.9668050217706317,0.996326877539102,False,False,0.015359999611973763,cast_not_priced,f01,BLOCK_M16_BLOCK_N128_BLOCK_K64_GROUP_M8_SPLIT_K16_num_warps8_num_stages2,0.22179199568927288,0.1181119978427887,1.8778108891569676,0.9936876597906598,False,False,0.005152000114321709,1,decode_bs1,BLOCK_M16_BLOCK_N128_BLOCK_K32_GROUP_M8_SPLIT_K4_num_warps8_num_stages2
0.42009601183235645,0.30847999453544617,1.3618257886220397,0.996326877539102,False,False,0.015359999611973763,cast_not_priced,f01,BLOCK_M16_BLOCK_N128_BLOCK_K64_GROUP_M8_SPLIT_K16_num_warps8_num_stages2,0.1456000041216612,0.1181119978427887,1.2327283153355852,0.9936876597906598,False,False,0.005152000114321709,0,decode_bs1,BLOCK_M16_BLOCK_N64_BLOCK_K32_GROUP_M8_SPLIT_K8_num_warps8_num_stages2
1.826815964654088,0.30847999453544617,5.921991691568758,0.996326877539102,False,False,0.015359999611973763,cast_not_priced,f01,BLOCK_M16_BLOCK_N128_BLOCK_K64_GROUP_M8_SPLIT_K16_num_warps8_num_stages2,0.4964479934424162,0.1181119978427887,4.203196986839612,0.9936876597906598,False,False,0.005152000114321709,1,decode_bs1,BLOCK_M16_BLOCK_N128_BLOCK_K64_GROUP_M8_SPLIT_K1_num_warps2_num_stages2
2.1895679254084826,0.30847999453544617,7.097925195135752,0.996326877539102,False,False,0.015359999611973763,cast_not_priced,f01,BLOCK_M16_BLOCK_N128_BLOCK_K64_GROUP_M8_SPLIT_K16_num_warps8_num_stages2,0.26035199873149395,0.1181119978427887,2.2042807122611863,0.9936876597906598,False,False,0.005152000114321709,1,decode_bs1,BLOCK_M16_BLOCK_N128_BLOCK_K64_GROUP_M8_SPLIT_K1_num_warps2_num_stages3
0.3450880069285631,0.30847999453544617,1.1186722414471206,0.996326877539102,False,False,0.015359999611973763,cast_not_priced,f01,BLOCK_M16_BLOCK_N128_BLOCK_K64_GROUP_M8_SPLIT_K16_num_warps8_num_stages2,0.11193600110709667,0.1181119978427887,0.9477106742033735,0.9936876597906598,False,False,0.005152000114321709,0,decode_bs1,BLOCK_M16_BLOCK_N128_BLOCK_K64_GROUP_M8_SPLIT_K16_num_warps4_num_stages2
0.32409599609673023,0.30847999453544617,1.050622412596969,0.996326877539102,False,False,0.015359999611973763,cast_not_priced,f01,BLOCK_M16_BLOCK_N128_BLOCK_K64_GROUP_M8_SPLIT_K16_num_warps8_num_stages2,0.1349440049380064,0.1181119978427887,1.1425088678765871,0.9936876597906598,False,False,0.005152000114321709,0,decode_bs1,BLOCK_M16_BLOCK_N128_BLOCK_K64_GROUP_M8_SPLIT_K16_num_warps8_num_stages2
0.3299840111285448,0.30847999453544617,1.0697095985932006,0.996326877539102,False,False,0.015359999611973763,cast_not_priced,f01,BLOCK_M16_BLOCK_N128_BLOCK_K64_GROUP_M8_SPLIT_K16_num_warps8_num_stages2,0.11280000023543835,0.1181119978427887,0.9550257577183581,0.9936876597906598,False,False,0.005152000114321709,0,decode_bs1,BLOCK_M16_BLOCK_N128_BLOCK_K64_GROUP_M8_SPLIT_K16_num_warps4_num_stages3
0.30259201116859913,0.30847999453544617,0.9809129166521349,0.996326877539102,False,False,0.015359999611973763,cast_not_priced,f01,BLOCK_M16_BLOCK_N128_BLOCK_K64_GROUP_M8_SPLIT_K16_num_warps8_num_stages2,0.2543359976261854,0.1181119978427887,2.1533459959310464,0.9936876597906598,False,False,0.005152000114321709,1,decode_bs1,BLOCK_M16_BLOCK_N128_BLOCK_K64_GROUP_M8_SPLIT_K2_num_warps8_num_stages2
0.29644799418747425,0.30847999453544617,0.9609958488034486,0.996326877539102,False,False,0.015359999611973763,cast_not_priced,f01,BLOCK_M16_BLOCK_N128_BLOCK_K64_GROUP_M8_SPLIT_K16_num_warps8_num_stages2,0.15129600279033184,0.1181119978427887,1.2809537181117896,0.9936876597906598,False,False,0.005152000114321709,0,decode_bs1,BLOCK_M16_BLOCK_N128_BLOCK_K64_GROUP_M8_SPLIT_K2_num_warps4_num_stages3
0.33919999189674854,0.30847999453544617,1.099585055450889,0.996326877539102,False,False,0.015359999611973763,cast_not_priced,f01,BLOCK_M16_BLOCK_N128_BLOCK_K64_GROUP_M8_SPLIT_K16_num_warps8_num_stages2,0.15516799502074718,0.1181119978427887,1.3137360967112024,0.9936876597906598,False,False,0.005152000114321709,0,decode_bs1,BLOCK_M16_BLOCK_N128_BLOCK_K64_GROUP_M8_SPLIT_K4_num_warps4_num_stages2
0.3363840002566576,0.30847999453544617,1.0904564516841142,0.996326877539102,False,False,0.015359999611973763,cast_not_priced,f01,BLOCK_M16_BLOCK_N128_BLOCK_K64_GROUP_M8_SPLIT_K16_num_warps8_num_stages2,0.11462399922311306,0.1181119978427887,0.9704687188145078,0.9936876597906598,False,False,0.005152000114321709,0,decode_bs1,BLOCK_M16_BLOCK_N128_BLOCK_K64_GROUP_M8_SPLIT_K8_num_warps4_num_stages2
0.3164159972220659,0.30847999453544617,1.0257261502437813,0.996326877539102,False,False,0.015359999611973763,cast_not_priced,f01,BLOCK_M16_BLOCK_N128_BLOCK_K64_GROUP_M8_SPLIT_K16_num_warps8_num_stages2,0.11251199804246426,0.1181119978427887,0.952587375519816,0.9936876597906598,False,False,0.005152000114321709,0,decode_bs1,BLOCK_M16_BLOCK_N128_BLOCK_K64_GROUP_M8_SPLIT_K8_num_warps4_num_stages3
0.3143680114299059,0.30847999453544617,1.019087192034371,0.996326877539102,False,False,0.015359999611973763,cast_not_priced,f01,BLOCK_M16_BLOCK_N128_BLOCK_K64_GROUP_M8_SPLIT_K16_num_warps8_num_stages2,0.11283200047910213,0.1181119978427887,0.9552966890737516,0.9936876597906598,False,False,0.005152000114321709,0,decode_bs1,BLOCK_M16_BLOCK_N128_BLOCK_K64_GROUP_M8_SPLIT_K8_num_warps8_num_stages3
0.36044800467789173,0.30847999453544617,1.1684647661534957,0.996326877539102,False,False,0.015359999611973763,cast_not_priced,f01,BLOCK_M16_BLOCK_N128_BLOCK_K64_GROUP_M8_SPLIT_K16_num_warps8_num_stages2,0.13529600016772747,0.1181119978427887,1.1454890497052745,0.9936876597906598,False,False,0.005152000114321709,0,decode_bs1,BLOCK_M16_BLOCK_N64_BLOCK_K64_GROUP_M8_SPLIT_K16_num_warps8_num_stages2
0.3287040013819933,0.30847999453544617,1.0655601893309268,0.996326877539102,False,False,0.015359999611973763,cast_not_priced,f01,BLOCK_M16_BLOCK_N128_BLOCK_K64_GROUP_M8_SPLIT_K16_num_warps8_num_stages2,0.13081599585711956,0.1181119978427887,1.1075589122727425,0.9936876597906598,False,False,0.005152000114321709,0,decode_bs1,BLOCK_M16_BLOCK_N64_BLOCK_K64_GROUP_M8_SPLIT_K16_num_warps4_num_stages3
0.3804160077124834,0.30847999453544617,1.2331950675938286,0.996326877539102,False,False,0.015359999611973763,cast_not_priced,f01,BLOCK_M16_BLOCK_N128_BLOCK_K64_GROUP_M8_SPLIT_K16_num_warps8_num_stages2,0.11462399922311306,0.1181119978427887,0.9704687188145078,0.9936876597906598,False,False,0.005152000114321709,0,decode_bs1,BLOCK_M16_BLOCK_N64_BLOCK_K64_GROUP_M8_SPLIT_K16_num_warps8_num_stages3
0.4464640039950609,0.30847999453544617,1.4473029431532862,0.996326877539102,False,False,0.015359999611973763,cast_not_priced,f01,BLOCK_M16_BLOCK_N128_BLOCK_K64_GROUP_M8_SPLIT_K16_num_warps8_num_stages2,0.11392000131309032,0.1181119978427887,0.9645082920764911,0.9936876597906598,False,False,0.005152000114321709,1,decode_bs1,BLOCK_M16_BLOCK_N64_BLOCK_K64_GROUP_M8_SPLIT_K4_num_warps2_num_stages3
1.1176960486918688,0.31513598561286926,3.5467103083076945,0.996326877539102,False,False,0.015359999611973763,cast_not_priced,f01,BLOCK_M16_BLOCK_N128_BLOCK_K64_GROUP_M8_SPLIT_K16_num_warps4_num_stages3,0.27676801197230816,0.1069440022110939,2.587971333128184,0.9936876597906598,False,False,0.005152000114321709,1,decode_bs1,BLOCK_M16_BLOCK_N64_BLOCK_K128_GROUP_M8_SPLIT_K1_num_warps2_num_stages2
0.37017598934471607,0.31513598561286926,1.174654772049616,0.996326877539102,False,False,0.015359999611973763,cast_not_priced,f01,BLOCK_M16_BLOCK_N128_BLOCK_K64_GROUP_M8_SPLIT_K16_num_warps4_num_stages3,0.28345601074397564,0.1069440022110939,2.650508723102296,0.9936876597906598,False,False,0.005152000114321709,1,decode_bs1,BLOCK_M16_BLOCK_N64_BLOCK_K128_GROUP_M8_SPLIT_K1_num_warps8_num_stages2
0.9863680023699999,0.31513598561286926,3.129975779985056,0.996326877539102,False,False,0.015359999611973763,cast_not_priced,f01,BLOCK_M16_BLOCK_N128_BLOCK_K64_GROUP_M8_SPLIT_K16_num_warps4_num_stages3,0.12102400325238705,0.1069440022110939,1.1316576970207362,0.9936876597906598,False,False,0.005152000114321709,1,decode_bs1,BLOCK_M16_BLOCK_N64_BLOCK_K128_GROUP_M8_SPLIT_K16_num_warps2_num_stages2
0.4175359923392534,0.31513598561286926,1.3249391101027037,0.996326877539102,False,False,0.015359999611973763,cast_not_priced,f01,BLOCK_M16_BLOCK_N128_BLOCK_K64_GROUP_M8_SPLIT_K16_num_warps4_num_stages3,0.16582399420440197,0.1069440022110939,1.550568435591988,0.9936876597906598,False,False,0.005152000114321709,1,decode_bs1,BLOCK_M16_BLOCK_N64_BLOCK_K128_GROUP_M8_SPLIT_K2_num_warps4_num_stages2
0.7170559782534838,0.31513598561286926,2.275385900023349,0.996326877539102,False,False,0.015359999611973763,cast_not_priced,f01,BLOCK_M16_BLOCK_N128_BLOCK_K64_GROUP_M8_SPLIT_K16_num_warps4_num_stages3,0.7514240276068449,0.1069440022110939,7.0263316508730345,0.9936876597906598,False,False,0.005152000114321709,1,decode_bs1,BLOCK_M16_BLOCK_N128_BLOCK_K32_GROUP_M8_SPLIT_K1_num_warps8_num_stages2
0.29824000783264637,0.31513598561286926,0.946385120863414,0.996326877539102,False,False,0.015359999611973763,cast_not_priced,f01,BLOCK_M16_BLOCK_N128_BLOCK_K64_GROUP_M8_SPLIT_K16_num_warps4_num_stages3,0.22179199568927288,0.1069440022110939,2.07390775643017,0.9936876597906598,False,False,0.005152000114321709,1,decode_bs1,BLOCK_M16_BLOCK_N128_BLOCK_K32_GROUP_M8_SPLIT_K4_num_warps8_num_stages2
0.42009601183235645,0.31513598561286926,1.333062649177825,0.996326877539102,False,False,0.015359999611973763,cast_not_priced,f01,BLOCK_M16_BLOCK_N128_BLOCK_K64_GROUP_M8_SPLIT_K16_num_warps4_num_stages3,0.1456000041216612,0.1069440022110939,1.3614602138628142,0.9936876597906598,False,False,0.005152000114321709,0,decode_bs1,BLOCK_M16_BLOCK_N64_BLOCK_K32_GROUP_M8_SPLIT_K8_num_warps8_num_stages2
1.826815964654088,0.31513598561286926,5.79691323128756,0.996326877539102,False,False,0.015359999611973763,cast_not_priced,f01,BLOCK_M16_BLOCK_N128_BLOCK_K64_GROUP_M8_SPLIT_K16_num_warps4_num_stages3,0.4964479934424162,0.1069440022110939,4.64213030350679,0.9936876597906598,False,False,0.005152000114321709,1,decode_bs1,BLOCK_M16_BLOCK_N128_BLOCK_K64_GROUP_M8_SPLIT_K1_num_warps2_num_stages2
2.1895679254084826,0.31513598561286926,6.948009828678439,0.996326877539102,False,False,0.015359999611973763,cast_not_priced,f01,BLOCK_M16_BLOCK_N128_BLOCK_K64_GROUP_M8_SPLIT_K16_num_warps4_num_stages3,0.26035199873149395,0.1069440022110939,2.4344703148250626,0.9936876597906598,False,False,0.005152000114321709,1,decode_bs1,BLOCK_M16_BLOCK_N128_BLOCK_K64_GROUP_M8_SPLIT_K1_num_warps2_num_stages3
0.3450880069285631,0.31513598561286926,1.0950447511014771,0.996326877539102,False,False,0.015359999611973763,cast_not_priced,f01,BLOCK_M16_BLOCK_N128_BLOCK_K64_GROUP_M8_SPLIT_K16_num_warps4_num_stages3,0.11193600110709667,0.1069440022110939,1.0466786242593502,0.9936876597906598,False,False,0.005152000114321709,0,decode_bs1,BLOCK_M16_BLOCK_N128_BLOCK_K64_GROUP_M8_SPLIT_K16_num_warps4_num_stages2
0.32409599609673023,0.31513598561286926,1.0284322035340894,0.996326877539102,False,False,0.015359999611973763,cast_not_priced,f01,BLOCK_M16_BLOCK_N128_BLOCK_K64_GROUP_M8_SPLIT_K16_num_warps4_num_stages3,0.1349440049380064,0.1069440022110939,1.2618192899835938,0.9936876597906598,False,False,0.005152000114321709,0,decode_bs1,BLOCK_M16_BLOCK_N128_BLOCK_K64_GROUP_M8_SPLIT_K16_num_warps8_num_stages2
0.3299840111285448,0.31513598561286926,1.047116248837147,0.996326877539102,False,False,0.015359999611973763,cast_not_priced,f01,BLOCK_M16_BLOCK_N128_BLOCK_K64_GROUP_M8_SPLIT_K16_num_warps4_num_stages3,0.11280000023543835,0.1069440022110939,1.0547576105557135,0.9936876597906598,False,False,0.005152000114321709,0,decode_bs1,BLOCK_M16_BLOCK_N128_BLOCK_K64_GROUP_M8_SPLIT_K16_num_warps4_num_stages3
0.30259201116859913,0.31513598561286926,0.9601950427213989,0.996326877539102,False,False,0.015359999611973763,cast_not_priced,f01,BLOCK_M16_BLOCK_N128_BLOCK_K64_GROUP_M8_SPLIT_K16_num_warps4_num_stages3,0.2543359976261854,0.1069440022110939,2.378216565377443,0.9936876597906598,False,False,0.005152000114321709,1,decode_bs1,BLOCK_M16_BLOCK_N128_BLOCK_K64_GROUP_M8_SPLIT_K2_num_warps8_num_stages2
0.29644799418747425,0.31513598561286926,0.940698643510829,0.996326877539102,False,False,0.015359999611973763,cast_not_priced,f01,BLOCK_M16_BLOCK_N128_BLOCK_K64_GROUP_M8_SPLIT_K16_num_warps4_num_stages3,0.15129600279033184,0.1069440022110939,1.4147217203606492,0.9936876597906598,False,False,0.005152000114321709,0,decode_bs1,BLOCK_M16_BLOCK_N128_BLOCK_K64_GROUP_M8_SPLIT_K2_num_warps4_num_stages3
0.33919999189674854,0.31513598561286926,1.0763607057984195,0.996326877539102,False,False,0.015359999611973763,cast_not_priced,f01,BLOCK_M16_BLOCK_N128_BLOCK_K64_GROUP_M8_SPLIT_K16_num_warps4_num_stages3,0.15516799502074718,0.1069440022110939,1.4509275117127676,0.9936876597906598,False,False,0.005152000114321709,0,decode_bs1,BLOCK_M16_BLOCK_N128_BLOCK_K64_GROUP_M8_SPLIT_K4_num_warps4_num_stages2
0.3363840002566576,0.31513598561286926,1.0674249073855075,0.996326877539102,False,False,0.015359999611973763,cast_not_priced,f01,BLOCK_M16_BLOCK_N128_BLOCK_K64_GROUP_M8_SPLIT_K16_num_warps4_num_stages3,0.11462399922311306,0.1069440022110939,1.0718132560333755,0.9936876597906598,False,False,0.005152000114321709,0,decode_bs1,BLOCK_M16_BLOCK_N128_BLOCK_K64_GROUP_M8_SPLIT_K8_num_warps4_num_stages2
0.3164159972220659,0.31513598561286926,1.0040617754481682,0.996326877539102,False,False,0.015359999611973763,cast_not_priced,f01,BLOCK_M16_BLOCK_N128_BLOCK_K64_GROUP_M8_SPLIT_K16_num_warps4_num_stages3,0.11251199804246426,0.1069440022110939,1.0520645919009075,0.9936876597906598,False,False,0.005152000114321709,0,decode_bs1,BLOCK_M16_BLOCK_N128_BLOCK_K64_GROUP_M8_SPLIT_K8_num_warps4_num_stages3
0.3143680114299059,0.31513598561286926,0.9975630387577926,0.996326877539102,False,False,0.015359999611973763,cast_not_priced,f01,BLOCK_M16_BLOCK_N128_BLOCK_K64_GROUP_M8_SPLIT_K16_num_warps4_num_stages3,0.11283200047910213,0.1069440022110939,1.055056834850692,0.9936876597906598,False,False,0.005152000114321709,0,decode_bs1,BLOCK_M16_BLOCK_N128_BLOCK_K64_GROUP_M8_SPLIT_K8_num_warps8_num_stages3
0.36044800467789173,0.31513598561286926,1.1437856072733195,0.996326877539102,False,False,0.015359999611973763,cast_not_priced,f01,BLOCK_M16_BLOCK_N128_BLOCK_K64_GROUP_M8_SPLIT_K16_num_warps4_num_stages3,0.13529600016772747,0.1069440022110939,1.265110687560302,0.9936876597906598,False,False,0.005152000114321709,0,decode_bs1,BLOCK_M16_BLOCK_N64_BLOCK_K64_GROUP_M8_SPLIT_K16_num_warps8_num_stages2
0.3287040013819933,0.31513598561286926,1.0430544792995864,0.996326877539102,False,False,0.015359999611973763,cast_not_priced,f01,BLOCK_M16_BLOCK_N128_BLOCK_K64_GROUP_M8_SPLIT_K16_num_warps4_num_stages3,0.13081599585711956,0.1069440022110939,1.2232195649355386,0.9936876597906598,False,False,0.005152000114321709,0,decode_bs1,BLOCK_M16_BLOCK_N64_BLOCK_K64_GROUP_M8_SPLIT_K16_num_warps4_num_stages3
0.3804160077124834,0.31513598561286926,1.2071487392106588,0.996326877539102,False,False,0.015359999611973763,cast_not_priced,f01,BLOCK_M16_BLOCK_N128_BLOCK_K64_GROUP_M8_SPLIT_K16_num_warps4_num_stages3,0.11462399922311306,0.1069440022110939,1.0718132560333755,0.9936876597906598,False,False,0.005152000114321709,0,decode_bs1,BLOCK_M16_BLOCK_N64_BLOCK_K64_GROUP_M8_SPLIT_K16_num_warps8_num_stages3
0.4464640039950609,0.31513598561286926,1.4167344396635246,0.996326877539102,False,False,0.015359999611973763,cast_not_priced,f01,BLOCK_M16_BLOCK_N128_BLOCK_K64_GROUP_M8_SPLIT_K16_num_warps4_num_stages3,0.11392000131309032,0.1069440022110939,1.0652303912119043,0.9936876597906598,False,False,0.005152000114321709,1,decode_bs1,BLOCK_M16_BLOCK_N64_BLOCK_K64_GROUP_M8_SPLIT_K4_num_warps2_num_stages3
1.1176960486918688,0.28748801350593567,3.8878005210077813,0.996326877539102,False,False,0.015359999611973763,cast_not_priced,f01,BLOCK_M16_BLOCK_N128_BLOCK_K64_GROUP_M8_SPLIT_K2_num_warps8_num_stages2,0.27676801197230816,0.2502399981021881,1.1060102864102768,0.9936876597906598,False,False,0.005152000114321709,1,decode_bs1,BLOCK_M16_BLOCK_N64_BLOCK_K128_GROUP_M8_SPLIT_K1_num_warps2_num_stages2
0.37017598934471607,0.28748801350593567,1.287622342338364,0.996326877539102,False,False,0.015359999611973763,cast_not_priced,f01,BLOCK_M16_BLOCK_N128_BLOCK_K64_GROUP_M8_SPLIT_K2_num_warps8_num_stages2,0.28345601074397564,0.2502399981021881,1.132736624415348,0.9936876597906598,False,False,0.005152000114321709,1,decode_bs1,BLOCK_M16_BLOCK_N64_BLOCK_K128_GROUP_M8_SPLIT_K1_num_warps8_num_stages2
0.9863680023699999,0.28748801350593567,3.4309882709236317,0.996326877539102,False,False,0.015359999611973763,cast_not_priced,f01,BLOCK_M16_BLOCK_N128_BLOCK_K64_GROUP_M8_SPLIT_K2_num_warps8_num_stages2,0.12102400325238705,0.2502399981021881,0.48363173021990524,0.9936876597906598,False,False,0.005152000114321709,1,decode_bs1,BLOCK_M16_BLOCK_N64_BLOCK_K128_GROUP_M8_SPLIT_K16_num_warps2_num_stages2
0.4175359923392534,0.28748801350593567,1.452359655790076,0.996326877539102,False,False,0.015359999611973763,cast_not_priced,f01,BLOCK_M16_BLOCK_N128_BLOCK_K64_GROUP_M8_SPLIT_K2_num_warps8_num_stages2,0.16582399420440197,0.2502399981021881,0.6626598284127464,0.9936876597906598,False,False,0.005152000114321709,1,decode_bs1,BLOCK_M16_BLOCK_N64_BLOCK_K128_GROUP_M8_SPLIT_K2_num_warps4_num_stages2
0.7170559782534838,0.28748801350593567,2.4942117395050243,0.996326877539102,False,False,0.015359999611973763,cast_not_priced,f01,BLOCK_M16_BLOCK_N128_BLOCK_K64_GROUP_M8_SPLIT_K2_num_warps8_num_stages2,0.7514240276068449,0.2502399981021881,3.0028134323274456,0.9936876597906598,False,False,0.005152000114321709,1,decode_bs1,BLOCK_M16_BLOCK_N128_BLOCK_K32_GROUP_M8_SPLIT_K1_num_warps8_num_stages2
0.29824000783264637,0.28748801350593567,1.0373998004145961,0.996326877539102,False,False,0.015359999611973763,cast_not_priced,f01,BLOCK_M16_BLOCK_N128_BLOCK_K64_GROUP_M8_SPLIT_K2_num_warps8_num_stages2,0.22179199568927288,0.2502399981021881,0.8863171250453007,0.9936876597906598,False,False,0.005152000114321709,1,decode_bs1,BLOCK_M16_BLOCK_N128_BLOCK_K32_GROUP_M8_SPLIT_K4_num_warps8_num_stages2
0.42009601183235645,0.28748801350593567,1.4612644426780002,0.996326877539102,False,False,0.015359999611973763,cast_not_priced,f01,BLOCK_M16_BLOCK_N128_BLOCK_K64_GROUP_M8_SPLIT_K2_num_warps8_num_stages2,0.1456000041216612,0.2502399981021881,0.5818414531085631,0.9936876597906598,False,False,0.005152000114321709,1,decode_bs1,BLOCK_M16_BLOCK_N64_BLOCK_K32_GROUP_M8_SPLIT_K8_num_warps8_num_stages2
1.826815964654088,0.28748801350593567,6.354407414681205,0.996326877539102,False,False,0.015359999611973763,cast_not_priced,f01,BLOCK_M16_BLOCK_N128_BLOCK_K64_GROUP_M8_SPLIT_K2_num_warps8_num_stages2,0.4964479934424162,0.2502399981021881,1.9838874568712492,0.9936876597906598,False,False,0.005152000114321709,1,decode_bs1,BLOCK_M16_BLOCK_N128_BLOCK_K64_GROUP_M8_SPLIT_K1_num_warps2_num_stages2
2.1895679254084826,0.28748801350593567,7.6162059722301265,0.996326877539102,False,False,0.015359999611973763,cast_not_priced,f01,BLOCK_M16_BLOCK_N128_BLOCK_K64_GROUP_M8_SPLIT_K2_num_warps8_num_stages2,0.26035199873149395,0.2502399981021881,1.0404092099823965,0.9936876597906598,False,False,0.005152000114321709,1,decode_bs1,BLOCK_M16_BLOCK_N128_BLOCK_K64_GROUP_M8_SPLIT_K1_num_warps2_num_stages3
0.3450880069285631,0.28748801350593567,1.2003561564887233,0.996326877539102,False,False,0.015359999611973763,cast_not_priced,f01,BLOCK_M16_BLOCK_N128_BLOCK_K64_GROUP_M8_SPLIT_K2_num_warps8_num_stages2,0.11193600110709667,0.2502399981021881,0.44731458582167366,0.9936876597906598,False,False,0.005152000114321709,1,decode_bs1,BLOCK_M16_BLOCK_N128_BLOCK_K64_GROUP_M8_SPLIT_K16_num_warps4_num_stages2
0.32409599609673023,0.28748801350593567,1.1273374223306138,0.996326877539102,False,False,0.015359999611973763,cast_not_priced,f01,BLOCK_M16_BLOCK_N128_BLOCK_K64_GROUP_M8_SPLIT_K2_num_warps8_num_stages2,0.1349440049380064,0.2502399981021881,0.5392583358432596,0.9936876597906598,False,False,0.005152000114321709,1,decode_bs1,BLOCK_M16_BLOCK_N128_BLOCK_K64_GROUP_M8_SPLIT_K16_num_warps8_num_stages2
0.3299840111285448,0.28748801350593567,1.1478183285082657,0.996326877539102,False,False,0.015359999611973763,cast_not_priced,f01,BLOCK_M16_BLOCK_N128_BLOCK_K64_GROUP_M8_SPLIT_K2_num_warps8_num_stages2,0.11280000023543835,0.2502399981021881,0.45076726778656423,0.9936876597906598,False,False,0.005152000114321709,1,decode_bs1,BLOCK_M16_BLOCK_N128_BLOCK_K64_GROUP_M8_SPLIT_K16_num_warps4_num_stages3
0.30259201116859913,0.28748801350593567,1.0525378344594933,0.996326877539102,False,False,0.015359999611973763,cast_not_priced,f01,BLOCK_M16_BLOCK_N128_BLOCK_K64_GROUP_M8_SPLIT_K2_num_warps8_num_stages2,0.2543359976261854,0.2502399981021881,1.0163682846669646,0.9936876597906598,False,False,0.005152000114321709,1,decode_bs1,BLOCK_M16_BLOCK_N128_BLOCK_K64_GROUP_M8_SPLIT_K2_num_warps8_num_stages2
0.29644799418747425,0.28748801350593567,1.0311664495930493,0.996326877539102,False,False,0.015359999611973763,cast_not_priced,f01,BLOCK_M16_BLOCK_N128_BLOCK_K64_GROUP_M8_SPLIT_K2_num_warps8_num_stages2,0.15129600279033184,0.2502399981021881,0.6046035962985763,0.9936876597906598,False,False,0.005152000114321709,1,decode_bs1,BLOCK_M16_BLOCK_N128_BLOCK_K64_GROUP_M8_SPLIT_K2_num_warps4_num_stages3
0.33919999189674854,0.28748801350593567,1.1798752503110714,0.996326877539102,False,False,0.015359999611973763,cast_not_priced,f01,BLOCK_M16_BLOCK_N128_BLOCK_K64_GROUP_M8_SPLIT_K2_num_warps8_num_stages2,0.15516799502074718,0.2502399981021881,0.620076711147443,0.9936876597906598,False,False,0.005152000114321709,1,decode_bs1,BLOCK_M16_BLOCK_N128_BLOCK_K64_GROUP_M8_SPLIT_K4_num_warps4_num_stages2
0.3363840002566576,0.28748801350593567,1.1700800883989286,0.996326877539102,False,False,0.015359999611973763,cast_not_priced,f01,BLOCK_M16_BLOCK_N128_BLOCK_K64_GROUP_M8_SPLIT_K2_num_warps8_num_stages2,0.11462399922311306,0.2502399981021881,0.45805626635397095,0.9936876597906598,False,False,0.005152000114321709,1,decode_bs1,BLOCK_M16_BLOCK_N128_BLOCK_K64_GROUP_M8_SPLIT_K8_num_warps4_num_stages2
0.3164159972220659,0.28748801350593567,1.100623268995989,0.996326877539102,False,False,0.015359999611973763,cast_not_priced,f01,BLOCK_M16_BLOCK_N128_BLOCK_K64_GROUP_M8_SPLIT_K2_num_warps8_num_stages2,0.11251199804246426,0.2502399981021881,0.4496163638736874,0.9936876597906598,False,False,0.005152000114321709,1,decode_bs1,BLOCK_M16_BLOCK_N128_BLOCK_K64_GROUP_M8_SPLIT_K8_num_warps4_num_stages3
0.3143680114299059,0.28748801350593567,1.0934995431502232,0.996326877539102,False,False,0.015359999611973763,cast_not_priced,f01,BLOCK_M16_BLOCK_N128_BLOCK_K64_GROUP_M8_SPLIT_K2_num_warps8_num_stages2,0.11283200047910213,0.2502399981021881,0.4508951459991061,0.9936876597906598,False,False,0.005152000114321709,1,decode_bs1,BLOCK_M16_BLOCK_N128_BLOCK_K64_GROUP_M8_SPLIT_K8_num_warps8_num_stages3
0.36044800467789173,0.28748801350593567,1.2537844631579733,0.996326877539102,False,False,0.015359999611973763,cast_not_priced,f01,BLOCK_M16_BLOCK_N128_BLOCK_K64_GROUP_M8_SPLIT_K2_num_warps8_num_stages2,0.13529600016772747,0.2502399981021881,0.5406649664074803,0.9936876597906598,False,False,0.005152000114321709,1,decode_bs1,BLOCK_M16_BLOCK_N64_BLOCK_K64_GROUP_M8_SPLIT_K16_num_warps8_num_stages2
0.3287040013819933,0.28748801350593567,1.1433659350643037,0.996326877539102,False,False,0.015359999611973763,cast_not_priced,f01,BLOCK_M16_BLOCK_N128_BLOCK_K64_GROUP_M8_SPLIT_K2_num_warps8_num_stages2,0.13081599585711956,0.2502399981021881,0.5227621357465783,0.9936876597906598,False,False,0.005152000114321709,1,decode_bs1,BLOCK_M16_BLOCK_N64_BLOCK_K64_GROUP_M8_SPLIT_K16_num_warps4_num_stages3
0.3804160077124834,0.28748801350593567,1.323241282560913,0.996326877539102,False,False,0.015359999611973763,cast_not_priced,f01,BLOCK_M16_BLOCK_N128_BLOCK_K64_GROUP_M8_SPLIT_K2_num_warps8_num_stages2,0.11462399922311306,0.2502399981021881,0.45805626635397095,0.9936876597906598,False,False,0.005152000114321709,1,decode_bs1,BLOCK_M16_BLOCK_N64_BLOCK_K64_GROUP_M8_SPLIT_K16_num_warps8_num_stages3
0.4464640039950609,0.28748801350593567,1.5529830219716028,0.996326877539102,False,False,0.015359999611973763,cast_not_priced,f01,BLOCK_M16_BLOCK_N128_BLOCK_K64_GROUP_M8_SPLIT_K2_num_warps8_num_stages2,0.11392000131309032,0.2502399981021881,0.4552429754517897,0.9936876597906598,False,False,0.005152000114321709,1,decode_bs1,BLOCK_M16_BLOCK_N64_BLOCK_K64_GROUP_M8_SPLIT_K4_num_warps2_num_stages3
1.1176960486918688,0.2818560004234314,3.9654860886862706,0.996326877539102,False,False,0.015359999611973763,cast_not_priced,f01,BLOCK_M16_BLOCK_N128_BLOCK_K64_GROUP_M8_SPLIT_K2_num_warps4_num_stages3,0.27676801197230816,0.14521600306034088,1.905905727602929,0.9936876597906598,False,False,0.005152000114321709,1,decode_bs1,BLOCK_M16_BLOCK_N64_BLOCK_K128_GROUP_M8_SPLIT_K1_num_warps2_num_stages2
0.37017598934471607,0.2818560004234314,1.3133514588605595,0.996326877539102,False,False,0.015359999611973763,cast_not_priced,f01,BLOCK_M16_BLOCK_N128_BLOCK_K64_GROUP_M8_SPLIT_K2_num_warps4_num_stages3,0.28345601074397564,0.14521600306034088,1.9519612492446343,0.9936876597906598,False,False,0.005152000114321709,1,decode_bs1,BLOCK_M16_BLOCK_N64_BLOCK_K128_GROUP_M8_SPLIT_K1_num_warps8_num_stages2
0.9863680023699999,0.2818560004234314,3.4995458705444706,0.996326877539102,False,False,0.015359999611973763,cast_not_priced,f01,BLOCK_M16_BLOCK_N128_BLOCK_K64_GROUP_M8_SPLIT_K2_num_warps4_num_stages3,0.12102400325238705,0.14521600306034088,0.8334067919642337,0.9936876597906598,False,False,0.005152000114321709,1,decode_bs1,BLOCK_M16_BLOCK_N64_BLOCK_K128_GROUP_M8_SPLIT_K16_num_warps2_num_stages2
0.4175359923392534,0.2818560004234314,1.481380533719312,0.996326877539102,False,False,0.015359999611973763,cast_not_priced,f01,BLOCK_M16_BLOCK_N128_BLOCK_K64_GROUP_M8_SPLIT_K2_num_warps4_num_stages3,0.16582399420440197,0.14521600306034088,1.1419126729131772,0.9936876597906598,False,False,0.005152000114321709,1,decode_bs1,BLOCK_M16_BLOCK_N64_BLOCK_K128_GROUP_M8_SPLIT_K2_num_warps4_num_stages2
0.7170559782534838,0.2818560004234314,2.5440507818753293,0.996326877539102,False,False,0.015359999611973763,cast_not_priced,f01,BLOCK_M16_BLOCK_N128_BLOCK_K64_GROUP_M8_SPLIT_K2_num_warps4_num_stages3,0.7514240276068449,0.14521600306034088,5.174526304064501,0.9936876597906598,False,False,0.005152000114321709,1,decode_bs1,BLOCK_M16_BLOCK_N128_BLOCK_K32_GROUP_M8_SPLIT_K1_num_warps8_num_stages2
0.29824000783264637,0.2818560004234314,1.058128999860217,0.996326877539102,False,False,0.015359999611973763,cast_not_priced,f01,BLOCK_M16_BLOCK_N128_BLOCK_K64_GROUP_M8_SPLIT_K2_num_warps4_num_stages3,0.22179199568927288,0.14521600306034088,1.5273247508204226,0.9936876597906598,False,False,0.005152000114321709,1,decode_bs1,BLOCK_M16_BLOCK_N128_BLOCK_K32_GROUP_M8_SPLIT_K4_num_warps8_num_stages2
0.42009601183235645,0.2818560004234314,1.4904632549998849,0.996326877539102,False,False,0.015359999611973763,cast_not_priced,f01,BLOCK_M16_BLOCK_N128_BLOCK_K64_GROUP_M8_SPLIT_K2_num_warps4_num_stages3,0.1456000041216612,0.14521600306034088,1.0026443439650432,0.9936876597906598,False,False,0.005152000114321709,0,decode_bs1,BLOCK_M16_BLOCK_N64_BLOCK_K32_GROUP_M8_SPLIT_K8_num_warps8_num_stages2
1.826815964654088,0.2818560004234314,6.481380427983325,0.996326877539102,False,False,0.015359999611973763,cast_not_priced,f01,BLOCK_M16_BLOCK_N128_BLOCK_K64_GROUP_M8_SPLIT_K2_num_warps4_num_stages3,0.4964479934424162,0.14521600306034088,3.41868652889537,0.9936876597906598,False,False,0.005152000114321709,1,decode_bs1,BLOCK_M16_BLOCK_N128_BLOCK_K64_GROUP_M8_SPLIT_K1_num_warps2_num_stages2
2.1895679254084826,0.2818560004234314,7.768392094257711,0.996326877539102,False,False,0.015359999611973763,cast_not_priced,f01,BLOCK_M16_BLOCK_N128_BLOCK_K64_GROUP_M8_SPLIT_K2_num_warps4_num_stages3,0.26035199873149395,0.14521600306034088,1.7928602443582693,0.9936876597906598,False,False,0.005152000114321709,1,decode_bs1,BLOCK_M16_BLOCK_N128_BLOCK_K64_GROUP_M8_SPLIT_K1_num_warps2_num_stages3
0.3450880069285631,0.2818560004234314,1.224341530462855,0.996326877539102,False,False,0.015359999611973763,cast_not_priced,f01,BLOCK_M16_BLOCK_N128_BLOCK_K64_GROUP_M8_SPLIT_K2_num_warps4_num_stages3,0.11193600110709667,0.14521600306034088,0.7708241429877701,0.9936876597906598,False,False,0.005152000114321709,0,decode_bs1,BLOCK_M16_BLOCK_N128_BLOCK_K64_GROUP_M8_SPLIT_K16_num_warps4_num_stages2
0.32409599609673023,0.2818560004234314,1.1498637446420932,0.996326877539102,False,False,0.015359999611973763,cast_not_priced,f01,BLOCK_M16_BLOCK_N128_BLOCK_K64_GROUP_M8_SPLIT_K2_num_warps4_num_stages3,0.1349440049380064,0.14521600306034088,0.9292640073693104,0.9936876597906598,False,False,0.005152000114321709,0,decode_bs1,BLOCK_M16_BLOCK_N128_BLOCK_K64_GROUP_M8_SPLIT_K16_num_warps8_num_stages2
0.3299840111285448,0.2818560004234314,1.1707538978514236,0.996326877539102,False,False,0.015359999611973763,cast_not_priced,f01,BLOCK_M16_BLOCK_N128_BLOCK_K64_GROUP_M8_SPLIT_K2_num_warps4_num_stages3,0.11280000023543835,0.14521600306034088,0.7767738944623557,0.9936876597906598,False,False,0.005152000114321709,0,decode_bs1,BLOCK_M16_BLOCK_N128_BLOCK_K64_GROUP_M8_SPLIT_K16_num_warps4_num_stages3
0.30259201116859913,0.2818560004234314,1.0735695203012037,0.996326877539102,False,False,0.015359999611973763,cast_not_priced,f01,BLOCK_M16_BLOCK_N128_BLOCK_K64_GROUP_M8_SPLIT_K2_num_warps4_num_stages3,0.2543359976261854,0.14521600306034088,1.7514322957952675,0.9936876597906598,False,False,0.005152000114321709,1,decode_bs1,BLOCK_M16_BLOCK_N128_BLOCK_K64_GROUP_M8_SPLIT_K2_num_warps8_num_stages2
0.29644799418747425,0.2818560004234314,1.0517710949638162,0.996326877539102,False,False,0.015359999611973763,cast_not_priced,f01,BLOCK_M16_BLOCK_N128_BLOCK_K64_GROUP_M8_SPLIT_K2_num_warps4_num_stages3,0.15129600279033184,0.14521600306034088,1.0418686618682416,0.9936876597906598,False,False,0.005152000114321709,0,decode_bs1,BLOCK_M16_BLOCK_N128_BLOCK_K64_GROUP_M8_SPLIT_K2_num_warps4_num_stages3
0.33919999189674854,0.2818560004234314,1.2034513772535247,0.996326877539102,False,False,0.015359999611973763,cast_not_priced,f01,BLOCK_M16_BLOCK_N128_BLOCK_K64_GROUP_M8_SPLIT_K2_num_warps4_num_stages3,0.15516799502074718,0.14521600306034088,1.0685323363174444,0.9936876597906598,False,False,0.005152000114321709,0,decode_bs1,BLOCK_M16_BLOCK_N128_BLOCK_K64_GROUP_M8_SPLIT_K4_num_warps4_num_stages2
0.3363840002566576,0.2818560004234314,1.1934604895808816,0.996326877539102,False,False,0.015359999611973763,cast_not_priced,f01,BLOCK_M16_BLOCK_N128_BLOCK_K64_GROUP_M8_SPLIT_K2_num_warps4_num_stages3,0.11462399922311306,0.14521600306034088,0.7893344866094677,0.9936876597906598,False,False,0.005152000114321709,0,decode_bs1,BLOCK_M16_BLOCK_N128_BLOCK_K64_GROUP_M8_SPLIT_K8_num_warps4_num_stages2
0.3164159972220659,0.2818560004234314,1.1226157922723488,0.996326877539102,False,False,0.015359999611973763,cast_not_priced,f01,BLOCK_M16_BLOCK_N128_BLOCK_K64_GROUP_M8_SPLIT_K2_num_warps4_num_stages3,0.11251199804246426,0.14521600306034088,0.7747906268685326,0.9936876597906598,False,False,0.005152000114321709,0,decode_bs1,BLOCK_M16_BLOCK_N128_BLOCK_K64_GROUP_M8_SPLIT_K8_num_warps4_num_stages3
0.3143680114299059,0.2818560004234314,1.1153497209838776,0.996326877539102,False,False,0.015359999611973763,cast_not_priced,f01,BLOCK_M16_BLOCK_N128_BLOCK_K64_GROUP_M8_SPLIT_K2_num_warps4_num_stages3,0.11283200047910213,0.14521600306034088,0.7769942575283361,0.9936876597906598,False,False,0.005152000114321709,0,decode_bs1,BLOCK_M16_BLOCK_N128_BLOCK_K64_GROUP_M8_SPLIT_K8_num_warps8_num_stages3
0.36044800467789173,0.2818560004234314,1.2788374352023437,0.996326877539102,False,False,0.015359999611973763,cast_not_priced,f01,BLOCK_M16_BLOCK_N128_BLOCK_K64_GROUP_M8_SPLIT_K2_num_warps4_num_stages3,0.13529600016772747,0.14521600306034088,0.9316879497882103,0.9936876597906598,False,False,0.005152000114321709,0,decode_bs1,BLOCK_M16_BLOCK_N64_BLOCK_K64_GROUP_M8_SPLIT_K16_num_warps8_num_stages2
0.3287040013819933,0.2818560004234314,1.1662125372111372,0.996326877539102,False,False,0.015359999611973763,cast_not_priced,f01,BLOCK_M16_BLOCK_N128_BLOCK_K64_GROUP_M8_SPLIT_K2_num_warps4_num_stages3,0.13081599585711956,0.14521600306034088,0.9008373257784973,0.9936876597906598,False,False,0.005152000114321709,0,decode_bs1,BLOCK_M16_BLOCK_N64_BLOCK_K64_GROUP_M8_SPLIT_K16_num_warps4_num_stages3
0.3804160077124834,0.2818560004234314,1.3496821325108765,0.996326877539102,False,False,0.015359999611973763,cast_not_priced,f01,BLOCK_M16_BLOCK_N128_BLOCK_K64_GROUP_M8_SPLIT_K2_num_warps4_num_stages3,0.11462399922311306,0.14521600306034088,0.7893344866094677,0.9936876597906598,False,False,0.005152000114321709,0,decode_bs1,BLOCK_M16_BLOCK_N64_BLOCK_K64_GROUP_M8_SPLIT_K16_num_warps8_num_stages3
0.4464640039950609,0.2818560004234314,1.5840145440378754,0.996326877539102,False,False,0.015359999611973763,cast_not_priced,f01,BLOCK_M16_BLOCK_N128_BLOCK_K64_GROUP_M8_SPLIT_K2_num_warps4_num_stages3,0.11392000131309032,0.14521600306034088,0.7844865504647839,0.9936876597906598,False,False,0.005152000114321709,1,decode_bs1,BLOCK_M16_BLOCK_N64_BLOCK_K64_GROUP_M8_SPLIT_K4_num_warps2_num_stages3
1.1176960486918688,0.32281601428985596,3.4623314805203296,0.996326877539102,False,False,0.015359999611973763,cast_not_priced,f01,BLOCK_M16_BLOCK_N128_BLOCK_K64_GROUP_M8_SPLIT_K4_num_warps4_num_stages2,0.27676801197230816,0.14924800395965576,1.854416840624034,0.9936876597906598,False,False,0.005152000114321709,1,decode_bs1,BLOCK_M16_BLOCK_N64_BLOCK_K128_GROUP_M8_SPLIT_K1_num_warps2_num_stages2
0.37017598934471607,0.32281601428985596,1.1467088773741432,0.996326877539102,False,False,0.015359999611973763,cast_not_priced,f01,BLOCK_M16_BLOCK_N128_BLOCK_K64_GROUP_M8_SPLIT_K4_num_warps4_num_stages2,0.28345601074397564,0.14924800395965576,1.8992281519597312,0.9936876597906598,False,False,0.005152000114321709,1,decode_bs1,BLOCK_M16_BLOCK_N64_BLOCK_K128_GROUP_M8_SPLIT_K1_num_warps8_num_stages2
0.9863680023699999,0.32281601428985596,3.05551137089606,0.996326877539102,False,False,0.015359999611973763,cast_not_priced,f01,BLOCK_M16_BLOCK_N128_BLOCK_K64_GROUP_M8_SPLIT_K4_num_warps4_num_stages2,0.12102400325238705,0.14924800395965576,0.810891938528718,0.9936876597906598,False,False,0.005152000114321709,1,decode_bs1,BLOCK_M16_BLOCK_N64_BLOCK_K128_GROUP_M8_SPLIT_K16_num_warps2_num_stages2
0.4175359923392534,0.32281601428985596,1.2934178412981352,0.996326877539102,False,False,0.015359999611973763,cast_not_priced,f01,BLOCK_M16_BLOCK_N128_BLOCK_K64_GROUP_M8_SPLIT_K4_num_warps4_num_stages2,0.16582399420440197,0.14924800395965576,1.1110633965277483,0.9936876597906598,False,False,0.005152000114321709,1,decode_bs1,BLOCK_M16_BLOCK_N64_BLOCK_K128_GROUP_M8_SPLIT_K2_num_warps4_num_stages2
0.7170559782534838,0.32281601428985596,2.2212528081386953,0.996326877539102,False,False,0.015359999611973763,cast_not_priced,f01,BLOCK_M16_BLOCK_N128_BLOCK_K64_GROUP_M8_SPLIT_K4_num_warps4_num_stages2,0.7514240276068449,0.14924800395965576,5.034734185188617,0.9936876597906598,False,False,0.005152000114321709,1,decode_bs1,BLOCK_M16_BLOCK_N128_BLOCK_K32_GROUP_M8_SPLIT_K1_num_warps8_num_stages2
0.29824000783264637,0.32281601428985596,0.9238699278557388,0.996326877539102,False,False,0.015359999611973763,cast_not_priced,f01,BLOCK_M16_BLOCK_N128_BLOCK_K64_GROUP_M8_SPLIT_K4_num_warps4_num_stages2,0.22179199568927288,0.14924800395965576,1.4860633965277483,0.9936876597906598,False,False,0.005152000114321709,1,decode_bs1,BLOCK_M16_BLOCK_N128_BLOCK_K32_GROUP_M8_SPLIT_K4_num_warps8_num_stages2
0.42009601183235645,0.32281601428985596,1.3013481154474356,0.996326877539102,False,False,0.015359999611973763,cast_not_priced,f01,BLOCK_M16_BLOCK_N128_BLOCK_K64_GROUP_M8_SPLIT_K4_num_warps4_num_stages2,0.1456000041216612,0.14924800395965576,0.975557463140474,0.9936876597906598,False,False,0.005152000114321709,0,decode_bs1,BLOCK_M16_BLOCK_N64_BLOCK_K32_GROUP_M8_SPLIT_K8_num_warps8_num_stages2
1.826815964654088,0.32281601428985596,5.659000433026204,0.996326877539102,False,False,0.015359999611973763,cast_not_priced,f01,BLOCK_M16_BLOCK_N128_BLOCK_K64_GROUP_M8_SPLIT_K4_num_warps4_num_stages2,0.4964479934424162,0.14924800395965576,3.32632919885893,0.9936876597906598,False,False,0.005152000114321709,1,decode_bs1,BLOCK_M16_BLOCK_N128_BLOCK_K64_GROUP_M8_SPLIT_K1_num_warps2_num_stages2
2.1895679254084826,0.32281601428985596,6.782711601917224,0.996326877539102,False,False,0.015359999611973763,cast_not_priced,f01,BLOCK_M16_BLOCK_N128_BLOCK_K64_GROUP_M8_SPLIT_K4_num_warps4_num_stages2,0.26035199873149395,0.14924800395965576,1.7444253311546563,0.9936876597906598,False,False,0.005152000114321709,1,decode_bs1,BLOCK_M16_BLOCK_N128_BLOCK_K64_GROUP_M8_SPLIT_K1_num_warps2_num_stages3
0.3450880069285631,0.32281601428985596,1.0689928369498707,0.996326877539102,False,False,0.015359999611973763,cast_not_priced,f01,BLOCK_M16_BLOCK_N128_BLOCK_K64_GROUP_M8_SPLIT_K4_num_warps4_num_stages2,0.11193600110709667,0.14924800395965576,0.7499999875197986,0.9936876597906598,False,False,0.005152000114321709,0,decode_bs1,BLOCK_M16_BLOCK_N128_BLOCK_K64_GROUP_M8_SPLIT_K16_num_warps4_num_stages2
0.32409599609673023,0.32281601428985596,1.0039650505248015,0.996326877539102,False,False,0.015359999611973763,cast_not_priced,f01,BLOCK_M16_BLOCK_N128_BLOCK_K64_GROUP_M8_SPLIT_K4_num_warps4_num_stages2,0.1349440049380064,0.14924800395965576,0.9041595288234744,0.9936876597906598,False,False,0.005152000114321709,0,decode_bs1,BLOCK_M16_BLOCK_N128_BLOCK_K64_GROUP_M8_SPLIT_K16_num_warps8_num_stages2
0.3299840111285448,0.32281601428985596,1.0222045887483535,0.996326877539102,False,False,0.015359999611973763,cast_not_priced,f01,BLOCK_M16_BLOCK_N128_BLOCK_K64_GROUP_M8_SPLIT_K4_num_warps4_num_stages2,0.11280000023543835,0.14924800395965576,0.7557890038243331,0.9936876597906598,False,False,0.005152000114321709,0,decode_bs1,BLOCK_M16_BLOCK_N128_BLOCK_K64_GROUP_M8_SPLIT_K16_num_warps4_num_stages3
0.30259201116859913,0.32281601428985596,0.9373513015897107,0.996326877539102,False,False,0.015359999611973763,cast_not_priced,f01,BLOCK_M16_BLOCK_N128_BLOCK_K64_GROUP_M8_SPLIT_K4_num_warps4_num_stages2,0.2543359976261854,0.14924800395965576,1.704116576962307,0.9936876597906598,False,False,0.005152000114321709,1,decode_bs1,BLOCK_M16_BLOCK_N128_BLOCK_K64_GROUP_M8_SPLIT_K2_num_warps8_num_stages2
0.29644799418747425,0.32281601428985596,0.9183187359512285,0.996326877539102,False,False,0.015359999611973763,cast_not_priced,f01,BLOCK_M16_BLOCK_N128_BLOCK_K64_GROUP_M8_SPLIT_K4_num_warps4_num_stages2,0.15129600279033184,0.14924800395965576,1.0137221187308454,0.9936876597906598,False,False,0.005152000114321709,0,decode_bs1,BLOCK_M16_BLOCK_N128_BLOCK_K64_GROUP_M8_SPLIT_K2_num_warps4_num_stages3
0.33919999189674854,0.32281601428985596,1.0507532987263186,0.996326877539102,False,False,0.015359999611973763,cast_not_priced,f01,BLOCK_M16_BLOCK_N128_BLOCK_K64_GROUP_M8_SPLIT_K4_num_warps4_num_stages2,0.15516799502074718,0.14924800395965576,1.0396654622107488,0.9936876597906598,False,False,0.005152000114321709,0,decode_bs1,BLOCK_M16_BLOCK_N128_BLOCK_K64_GROUP_M8_SPLIT_K4_num_warps4_num_stages2
0.3363840002566576,0.32281601428985596,1.042030089481927,0.996326877539102,False,False,0.015359999611973763,cast_not_priced,f01,BLOCK_M16_BLOCK_N128_BLOCK_K64_GROUP_M8_SPLIT_K4_num_warps4_num_stages2,0.11462399922311306,0.14924800395965576,0.7680102660139954,0.9936876597906598,False,False,0.005152000114321709,0,decode_bs1,BLOCK_M16_BLOCK_N128_BLOCK_K64_GROUP_M8_SPLIT_K8_num_warps4_num_stages2
0.3164159972220659,0.32281601428985596,0.9801744127165777,0.996326877539102,False,False,0.015359999611973763,cast_not_priced,f01,BLOCK_M16_BLOCK_N128_BLOCK_K64_GROUP_M8_SPLIT_K4_num_warps4_num_stages2,0.11251199804246426,0.14924800395965576,0.753859315082553,0.9936876597906598,False,False,0.005152000114321709,0,decode_bs1,BLOCK_M16_BLOCK_N128_BLOCK_K64_GROUP_M8_SPLIT_K8_num_warps4_num_stages3
0.3143680114299059,0.32281601428985596,0.9738302857169762,0.996326877539102,False,False,0.015359999611973763,cast_not_priced,f01,BLOCK_M16_BLOCK_N128_BLOCK_K64_GROUP_M8_SPLIT_K4_num_warps4_num_stages2,0.11283200047910213,0.14924800395965576,0.7560034136845308,0.9936876597906598,False,False,0.005152000114321709,0,decode_bs1,BLOCK_M16_BLOCK_N128_BLOCK_K64_GROUP_M8_SPLIT_K8_num_warps8_num_stages3
0.36044800467789173,0.32281601428985596,1.116574112566318,0.996326877539102,False,False,0.015359999611973763,cast_not_priced,f01,BLOCK_M16_BLOCK_N128_BLOCK_K64_GROUP_M8_SPLIT_K4_num_warps4_num_stages2,0.13529600016772747,0.14924800395965576,0.9065179873648445,0.9936876597906598,False,False,0.005152000114321709,0,decode_bs1,BLOCK_M16_BLOCK_N64_BLOCK_K64_GROUP_M8_SPLIT_K16_num_warps8_num_stages2
0.3287040013819933,0.32281601428985596,1.0182394516737032,0.996326877539102,False,False,0.015359999611973763,cast_not_priced,f01,BLOCK_M16_BLOCK_N128_BLOCK_K64_GROUP_M8_SPLIT_K4_num_warps4_num_stages2,0.13081599585711956,0.14924800395965576,0.8765008066203774,0.9936876597906598,False,False,0.005152000114321709,0,decode_bs1,BLOCK_M16_BLOCK_N64_BLOCK_K64_GROUP_M8_SPLIT_K16_num_warps4_num_stages3
0.3804160077124834,0.32281601428985596,1.178429789331667,0.996326877539102,False,False,0.015359999611973763,cast_not_priced,f01,BLOCK_M16_BLOCK_N128_BLOCK_K64_GROUP_M8_SPLIT_K4_num_warps4_num_stages2,0.11462399922311306,0.14924800395965576,0.7680102660139954,0.9936876597906598,False,False,0.005152000114321709,0,decode_bs1,BLOCK_M16_BLOCK_N64_BLOCK_K64_GROUP_M8_SPLIT_K16_num_warps8_num_stages3
0.4464640039950609,0.32281601428985596,1.3830292929463581,0.996326877539102,False,False,0.015359999611973763,cast_not_priced,f01,BLOCK_M16_BLOCK_N128_BLOCK_K64_GROUP_M8_SPLIT_K4_num_warps4_num_stages2,0.11392000131309032,0.14924800395965576,0.7632932990104498,0.9936876597906598,False,False,0.005152000114321709,1,decode_bs1,BLOCK_M16_BLOCK_N64_BLOCK_K64_GROUP_M8_SPLIT_K4_num_warps2_num_stages3
1.1176960486918688,0.32204800844192505,3.4705882955131613,0.996326877539102,False,False,0.015359999611973763,cast_not_priced,f01,BLOCK_M16_BLOCK_N128_BLOCK_K64_GROUP_M8_SPLIT_K8_num_warps4_num_stages2,0.27676801197230816,0.10953599959611893,2.526731056390657,0.9936876597906598,False,False,0.005152000114321709,1,decode_bs1,BLOCK_M16_BLOCK_N64_BLOCK_K128_GROUP_M8_SPLIT_K1_num_warps2_num_stages2
0.37017598934471607,0.32204800844192505,1.1494434979916044,0.996326877539102,False,False,0.015359999611973763,cast_not_priced,f01,BLOCK_M16_BLOCK_N128_BLOCK_K64_GROUP_M8_SPLIT_K8_num_warps4_num_stages2,0.28345601074397564,0.10953599959611893,2.5877885972569246,0.9936876597906598,False,False,0.005152000114321709,1,decode_bs1,BLOCK_M16_BLOCK_N64_BLOCK_K128_GROUP_M8_SPLIT_K1_num_warps8_num_stages2
0.9863680023699999,0.32204800844192505,3.062798019283115,0.996326877539102,False,False,0.015359999611973763,cast_not_priced,f01,BLOCK_M16_BLOCK_N128_BLOCK_K64_GROUP_M8_SPLIT_K8_num_warps4_num_stages2,0.12102400325238705,0.10953599959611893,1.1048787950867904,0.9936876597906598,False,False,0.005152000114321709,1,decode_bs1,BLOCK_M16_BLOCK_N64_BLOCK_K128_GROUP_M8_SPLIT_K16_num_warps2_num_stages2
0.4175359923392534,0.32204800844192505,1.2965023269645455,0.996326877539102,False,False,0.015359999611973763,cast_not_priced,f01,BLOCK_M16_BLOCK_N128_BLOCK_K64_GROUP_M8_SPLIT_K8_num_warps4_num_stages2,0.16582399420440197,0.10953599959611893,1.5138766690022285,0.9936876597906598,False,False,0.005152000114321709,1,decode_bs1,BLOCK_M16_BLOCK_N64_BLOCK_K128_GROUP_M8_SPLIT_K2_num_warps4_num_stages2
0.7170559782534838,0.32204800844192505,2.2265499536004443,0.996326877539102,False,False,0.015359999611973763,cast_not_priced,f01,BLOCK_M16_BLOCK_N128_BLOCK_K64_GROUP_M8_SPLIT_K8_num_warps4_num_stages2,0.7514240276068449,0.10953599959611893,6.860064548436086,0.9936876597906598,False,False,0.005152000114321709,1,decode_bs1,BLOCK_M16_BLOCK_N128_BLOCK_K32_GROUP_M8_SPLIT_K1_num_warps8_num_stages2
0.29824000783264637,0.32204800844192505,0.9260731320014607,0.996326877539102,False,False,0.015359999611973763,cast_not_priced,f01,BLOCK_M16_BLOCK_N128_BLOCK_K64_GROUP_M8_SPLIT_K8_num_warps4_num_stages2,0.22179199568927288,0.10953599959611893,2.024831986808576,0.9936876597906598,False,False,0.005152000114321709,1,decode_bs1,BLOCK_M16_BLOCK_N128_BLOCK_K32_GROUP_M8_SPLIT_K4_num_warps8_num_stages2
0.42009601183235645,0.32204800844192505,1.30445151288092,0.996326877539102,False,False,0.015359999611973763,cast_not_priced,f01,BLOCK_M16_BLOCK_N128_BLOCK_K64_GROUP_M8_SPLIT_K8_num_warps4_num_stages2,0.1456000041216612,0.10953599959611893,1.329243396312787,0.9936876597906598,False,False,0.005152000114321709,0,decode_bs1,BLOCK_M16_BLOCK_N64_BLOCK_K32_GROUP_M8_SPLIT_K8_num_warps8_num_stages2
1.826815964654088,0.32204800844192505,5.672495766989095,0.996326877539102,False,False,0.015359999611973763,cast_not_priced,f01,BLOCK_M16_BLOCK_N128_BLOCK_K64_GROUP_M8_SPLIT_K8_num_warps4_num_stages2,0.4964479934424162,0.10953599959611893,4.532281581150662,0.9936876597906598,False,False,0.005152000114321709,1,decode_bs1,BLOCK_M16_BLOCK_N128_BLOCK_K64_GROUP_M8_SPLIT_K1_num_warps2_num_stages2
2.1895679254084826,0.32204800844192505,6.798886712579462,0.996326877539102,False,False,0.015359999611973763,cast_not_priced,f01,BLOCK_M16_BLOCK_N128_BLOCK_K64_GROUP_M8_SPLIT_K8_num_warps4_num_stages2,0.26035199873149395,0.10953599959611893,2.3768623985855215,0.9936876597906598,False,False,0.005152000114321709,1,decode_bs1,BLOCK_M16_BLOCK_N128_BLOCK_K64_GROUP_M8_SPLIT_K1_num_warps2_num_stages3
0.3450880069285631,0.32204800844192505,1.071542123791127,0.996326877539102,False,False,0.015359999611973763,cast_not_priced,f01,BLOCK_M16_BLOCK_N128_BLOCK_K64_GROUP_M8_SPLIT_K8_num_warps4_num_stages2,0.11193600110709667,0.10953599959611893,1.0219106186078277,0.9936876597906598,False,False,0.005152000114321709,0,decode_bs1,BLOCK_M16_BLOCK_N128_BLOCK_K64_GROUP_M8_SPLIT_K16_num_warps4_num_stages2
0.32409599609673023,0.32204800844192505,1.0063592619768507,0.996326877539102,False,False,0.015359999611973763,cast_not_priced,f01,BLOCK_M16_BLOCK_N128_BLOCK_K64_GROUP_M8_SPLIT_K8_num_warps4_num_stages2,0.1349440049380064,0.10953599959611893,1.2319603183936958,0.9936876597906598,False,False,0.005152000114321709,0,decode_bs1,BLOCK_M16_BLOCK_N128_BLOCK_K64_GROUP_M8_SPLIT_K16_num_warps8_num_stages2
0.3299840111285448,0.32204800844192505,1.024642297044513,0.996326877539102,False,False,0.015359999611973763,cast_not_priced,f01,BLOCK_M16_BLOCK_N128_BLOCK_K64_GROUP_M8_SPLIT_K8_num_warps4_num_stages2,0.11280000023543835,0.10953599959611893,1.0297984283829467,0.9936876597906598,False,False,0.005152000114321709,0,decode_bs1,BLOCK_M16_BLOCK_N128_BLOCK_K64_GROUP_M8_SPLIT_K16_num_warps4_num_stages3
0.30259201116859913,0.32204800844192505,0.9395866555192984,0.996326877539102,False,False,0.015359999611973763,cast_not_priced,f01,BLOCK_M16_BLOCK_N128_BLOCK_K64_GROUP_M8_SPLIT_K8_num_warps4_num_stages2,0.2543359976261854,0.10953599959611893,2.3219398057622422,0.9936876597906598,False,False,0.005152000114321709,1,decode_bs1,BLOCK_M16_BLOCK_N128_BLOCK_K64_GROUP_M8_SPLIT_K2_num_warps8_num_stages2
0.29644799418747425,0.32204800844192505,0.9205087018599984,0.996326877539102,False,False,0.015359999611973763,cast_not_priced,f01,BLOCK_M16_BLOCK_N128_BLOCK_K64_GROUP_M8_SPLIT_K8_num_warps4_num_stages2,0.15129600279033184,0.10953599959611893,1.3812445529158484,0.9936876597906598,False,False,0.005152000114321709,0,decode_bs1,BLOCK_M16_BLOCK_N128_BLOCK_K64_GROUP_M8_SPLIT_K2_num_warps4_num_stages3
0.33919999189674854,0.32204800844192505,1.0532590887234643,0.996326877539102,False,False,0.015359999611973763,cast_not_priced,f01,BLOCK_M16_BLOCK_N128_BLOCK_K64_GROUP_M8_SPLIT_K8_num_warps4_num_stages2,0.15516799502074718,0.10953599959611893,1.4165935910831373,0.9936876597906598,False,False,0.005152000114321709,0,decode_bs1,BLOCK_M16_BLOCK_N128_BLOCK_K64_GROUP_M8_SPLIT_K4_num_warps4_num_stages2
0.3363840002566576,0.32204800844192505,1.0445150767554514,0.996326877539102,False,False,0.015359999611973763,cast_not_priced,f01,BLOCK_M16_BLOCK_N128_BLOCK_K64_GROUP_M8_SPLIT_K8_num_warps4_num_stages2,0.11462399922311306,0.10953599959611893,1.0464504787992497,0.9936876597906598,False,False,0.005152000114321709,0,decode_bs1,BLOCK_M16_BLOCK_N128_BLOCK_K64_GROUP_M8_SPLIT_K8_num_warps4_num_stages2
0.3164159972220659,0.32204800844192505,0.9825118893077249,0.996326877539102,False,False,0.015359999611973763,cast_not_priced,f01,BLOCK_M16_BLOCK_N128_BLOCK_K64_GROUP_M8_SPLIT_K8_num_warps4_num_stages2,0.11251199804246426,0.10953599959611893,1.0271691357847506,0.9936876597906598,False,False,0.005152000114321709,0,decode_bs1,BLOCK_M16_BLOCK_N128_BLOCK_K64_GROUP_M8_SPLIT_K8_num_warps4_num_stages3
0.3143680114299059,0.32204800844192505,0.9761526331146243,0.996326877539102,False,False,0.015359999611973763,cast_not_priced,f01,BLOCK_M16_BLOCK_N128_BLOCK_K64_GROUP_M8_SPLIT_K8_num_warps4_num_stages2,0.11283200047910213,0.10953599959611893,1.0300905720049685,0.9936876597906598,False,False,0.005152000114321709,0,decode_bs1,BLOCK_M16_BLOCK_N128_BLOCK_K64_GROUP_M8_SPLIT_K8_num_warps8_num_stages3
0.36044800467789173,0.32204800844192505,1.1192368691293781,0.996326877539102,False,False,0.015359999611973763,cast_not_priced,f01,BLOCK_M16_BLOCK_N128_BLOCK_K64_GROUP_M8_SPLIT_K8_num_warps4_num_stages2,0.13529600016772747,0.10953599959611893,1.2351738302164659,0.9936876597906598,False,False,0.005152000114321709,0,decode_bs1,BLOCK_M16_BLOCK_N64_BLOCK_K64_GROUP_M8_SPLIT_K16_num_warps8_num_stages2
0.3287040013819933,0.32204800844192505,1.0206677040863257,0.996326877539102,False,False,0.015359999611973763,cast_not_priced,f01,BLOCK_M16_BLOCK_N128_BLOCK_K64_GROUP_M8_SPLIT_K8_num_warps4_num_stages2,0.13081599585711956,0.10953599959611893,1.1942739952112933,0.9936876597906598,False,False,0.005152000114321709,0,decode_bs1,BLOCK_M16_BLOCK_N64_BLOCK_K64_GROUP_M8_SPLIT_K16_num_warps4_num_stages3
0.3804160077124834,0.32204800844192505,1.1812400565771046,0.996326877539102,False,False,0.015359999611973763,cast_not_priced,f01,BLOCK_M16_BLOCK_N128_BLOCK_K64_GROUP_M8_SPLIT_K8_num_warps4_num_stages2,0.11462399922311306,0.10953599959611893,1.0464504787992497,0.9936876597906598,False,False,0.005152000114321709,0,decode_bs1,BLOCK_M16_BLOCK_N64_BLOCK_K64_GROUP_M8_SPLIT_K16_num_warps8_num_stages3
0.4464640039950609,0.32204800844192505,1.3863274800395848,0.996326877539102,False,False,0.015359999611973763,cast_not_priced,f01,BLOCK_M16_BLOCK_N128_BLOCK_K64_GROUP_M8_SPLIT_K8_num_warps4_num_stages2,0.11392000131309032,0.10953599959611893,1.0400233871342397,0.9936876597906598,False,False,0.005152000114321709,1,decode_bs1,BLOCK_M16_BLOCK_N64_BLOCK_K64_GROUP_M8_SPLIT_K4_num_warps2_num_stages3
1.1176960486918688,0.3043839931488037,3.671993514276102,0.996326877539102,False,False,0.015359999611973763,cast_not_priced,f01,BLOCK_M16_BLOCK_N128_BLOCK_K64_GROUP_M8_SPLIT_K8_num_warps4_num_stages3,0.27676801197230816,0.10700800269842148,2.586423491636583,0.9936876597906598,False,False,0.005152000114321709,1,decode_bs1,BLOCK_M16_BLOCK_N64_BLOCK_K128_GROUP_M8_SPLIT_K1_num_warps2_num_stages2
0.37017598934471607,0.3043839931488037,1.2161480159166869,0.996326877539102,False,False,0.015359999611973763,cast_not_priced,f01,BLOCK_M16_BLOCK_N128_BLOCK_K64_GROUP_M8_SPLIT_K8_num_warps4_num_stages3,0.28345601074397564,0.10700800269842148,2.648923478581635,0.9936876597906598,False,False,0.005152000114321709,1,decode_bs1,BLOCK_M16_BLOCK_N64_BLOCK_K128_GROUP_M8_SPLIT_K1_num_warps8_num_stages2
0.9863680023699999,0.3043839931488037,3.240538348177185,0.996326877539102,False,False,0.015359999611973763,cast_not_priced,f01,BLOCK_M16_BLOCK_N128_BLOCK_K64_GROUP_M8_SPLIT_K8_num_warps4_num_stages3,0.12102400325238705,0.10700800269842148,1.130980863117935,0.9936876597906598,False,False,0.005152000114321709,1,decode_bs1,BLOCK_M16_BLOCK_N64_BLOCK_K128_GROUP_M8_SPLIT_K16_num_warps2_num_stages2
0.4175359923392534,0.3043839931488037,1.371740964496557,0.996326877539102,False,False,0.015359999611973763,cast_not_priced,f01,BLOCK_M16_BLOCK_N128_BLOCK_K64_GROUP_M8_SPLIT_K8_num_warps4_num_stages3,0.16582399420440197,0.10700800269842148,1.5496410550876314,0.9936876597906598,False,False,0.005152000114321709,1,decode_bs1,BLOCK_M16_BLOCK_N64_BLOCK_K128_GROUP_M8_SPLIT_K2_num_warps4_num_stages2
0.7170559782534838,0.3043839931488037,2.3557611253983968,0.996326877539102,False,False,0.015359999611973763,cast_not_priced,f01,BLOCK_M16_BLOCK_N128_BLOCK_K64_GROUP_M8_SPLIT_K8_num_warps4_num_stages3,0.7514240276068449,0.10700800269842148,7.022129267514396,0.9936876597906598,False,False,0.005152000114321709,1,decode_bs1,BLOCK_M16_BLOCK_N128_BLOCK_K32_GROUP_M8_SPLIT_K1_num_warps8_num_stages2
0.29824000783264637,0.3043839931488037,0.9798150183503449,0.996326877539102,False,False,0.015359999611973763,cast_not_priced,f01,BLOCK_M16_BLOCK_N128_BLOCK_K64_GROUP_M8_SPLIT_K8_num_warps4_num_stages3,0.22179199568927288,0.10700800269842148,2.0726673715642074,0.9936876597906598,False,False,0.005152000114321709,1,decode_bs1,BLOCK_M16_BLOCK_N128_BLOCK_K32_GROUP_M8_SPLIT_K4_num_warps8_num_stages2
0.42009601183235645,0.3043839931488037,1.3801514576588947,0.996326877539102,False,False,0.015359999611973763,cast_not_priced,f01,BLOCK_M16_BLOCK_N128_BLOCK_K64_GROUP_M8_SPLIT_K8_num_warps4_num_stages3,0.1456000041216612,0.10700800269842148,1.3606459372202542,0.9936876597906598,False,False,0.005152000114321709,0,decode_bs1,BLOCK_M16_BLOCK_N64_BLOCK_K32_GROUP_M8_SPLIT_K8_num_warps8_num_stages2
1.826815964654088,0.3043839931488037,6.00168210475186,0.996326877539102,False,False,0.015359999611973763,cast_not_priced,f01,BLOCK_M16_BLOCK_N128_BLOCK_K64_GROUP_M8_SPLIT_K8_num_warps4_num_stages3,0.4964479934424162,0.10700800269842148,4.639353888713779,0.9936876597906598,False,False,0.005152000114321709,1,decode_bs1,BLOCK_M16_BLOCK_N128_BLOCK_K64_GROUP_M8_SPLIT_K1_num_warps2_num_stages2
2.1895679254084826,0.3043839931488037,7.193439782288657,0.996326877539102,False,False,0.015359999611973763,cast_not_priced,f01,BLOCK_M16_BLOCK_N128_BLOCK_K64_GROUP_M8_SPLIT_K8_num_warps4_num_stages3,0.26035199873149395,0.10700800269842148,2.433014280859337,0.9936876597906598,False,False,0.005152000114321709,1,decode_bs1,BLOCK_M16_BLOCK_N128_BLOCK_K64_GROUP_M8_SPLIT_K1_num_warps2_num_stages3
0.3450880069285631,0.3043839931488037,1.1337258682977476,0.996326877539102,False,False,0.015359999611973763,cast_not_priced,f01,BLOCK_M16_BLOCK_N128_BLOCK_K64_GROUP_M8_SPLIT_K8_num_warps4_num_stages3,0.11193600110709667,0.10700800269842148,1.0460526155465557,0.9936876597906598,False,False,0.005152000114321709,0,decode_bs1,BLOCK_M16_BLOCK_N128_BLOCK_K64_GROUP_M8_SPLIT_K16_num_warps4_num_stages2
0.32409599609673023,0.3043839931488037,1.0647603139179858,0.996326877539102,False,False,0.015359999611973763,cast_not_priced,f01,BLOCK_M16_BLOCK_N128_BLOCK_K64_GROUP_M8_SPLIT_K8_num_warps4_num_stages3,0.1349440049380064,0.10700800269842148,1.2610646076473029,0.9936876597906598,False,False,0.005152000114321709,0,decode_bs1,BLOCK_M16_BLOCK_N128_BLOCK_K64_GROUP_M8_SPLIT_K16_num_warps8_num_stages2
0.3299840111285448,0.3043839931488037,1.0841043502810808,0.996326877539102,False,False,0.015359999611973763,cast_not_priced,f01,BLOCK_M16_BLOCK_N128_BLOCK_K64_GROUP_M8_SPLIT_K8_num_warps4_num_stages3,0.11280000023543835,0.10700800269842148,1.054126769876645,0.9936876597906598,False,False,0.005152000114321709,0,decode_bs1,BLOCK_M16_BLOCK_N128_BLOCK_K64_GROUP_M8_SPLIT_K16_num_warps4_num_stages3
0.30259201116859913,0.3043839931488037,0.9941127588160376,0.996326877539102,False,False,0.015359999611973763,cast_not_priced,f01,BLOCK_M16_BLOCK_N128_BLOCK_K64_GROUP_M8_SPLIT_K8_num_warps4_num_stages3,0.2543359976261854,0.10700800269842148,2.376794176254046,0.9936876597906598,False,False,0.005152000114321709,1,decode_bs1,BLOCK_M16_BLOCK_N128_BLOCK_K64_GROUP_M8_SPLIT_K2_num_warps8_num_stages2
0.29644799418747425,0.3043839931488037,0.9739276731367086,0.996326877539102,False,False,0.015359999611973763,cast_not_priced,f01,BLOCK_M16_BLOCK_N128_BLOCK_K64_GROUP_M8_SPLIT_K8_num_warps4_num_stages3,0.15129600279033184,0.10700800269842148,1.4138755885083318,0.9936876597906598,False,False,0.005152000114321709,0,decode_bs1,BLOCK_M16_BLOCK_N128_BLOCK_K64_GROUP_M8_SPLIT_K2_num_warps4_num_stages3
0.33919999189674854,0.3043839931488037,1.1143818319346523,0.996326877539102,False,False,0.015359999611973763,cast_not_priced,f01,BLOCK_M16_BLOCK_N128_BLOCK_K64_GROUP_M8_SPLIT_K8_num_warps4_num_stages3,0.15516799502074718,0.10700800269842148,1.45005972551468,0.9936876597906598,False,False,0.005152000114321709,0,decode_bs1,BLOCK_M16_BLOCK_N128_BLOCK_K64_GROUP_M8_SPLIT_K4_num_warps4_num_stages2
0.3363840002566576,0.3043839931488037,1.1051303873663623,0.996326877539102,False,False,0.015359999611973763,cast_not_priced,f01,BLOCK_M16_BLOCK_N128_BLOCK_K64_GROUP_M8_SPLIT_K8_num_warps4_num_stages3,0.11462399922311306,0.10700800269842148,1.0711722145319877,0.9936876597906598,False,False,0.005152000114321709,0,decode_bs1,BLOCK_M16_BLOCK_N128_BLOCK_K64_GROUP_M8_SPLIT_K8_num_warps4_num_stages2
0.3164159972220659,0.3043839931488037,1.0395290302515354,0.996326877539102,False,False,0.015359999611973763,cast_not_priced,f01,BLOCK_M16_BLOCK_N128_BLOCK_K64_GROUP_M8_SPLIT_K8_num_warps4_num_stages3,0.11251199804246426,0.10700800269842148,1.051435361891153,0.9936876597906598,False,False,0.005152000114321709,0,decode_bs1,BLOCK_M16_BLOCK_N128_BLOCK_K64_GROUP_M8_SPLIT_K8_num_warps4_num_stages3
0.3143680114299059,0.3043839931488037,1.0328007336319467,0.996326877539102,False,False,0.015359999611973763,cast_not_priced,f01,BLOCK_M16_BLOCK_N128_BLOCK_K64_GROUP_M8_SPLIT_K8_num_warps4_num_stages3,0.11283200047910213,0.10700800269842148,1.0544258152083663,0.9936876597906598,False,False,0.005152000114321709,0,decode_bs1,BLOCK_M16_BLOCK_N128_BLOCK_K64_GROUP_M8_SPLIT_K8_num_warps8_num_stages3
0.36044800467789173,0.3043839931488037,1.184188435630648,0.996326877539102,False,False,0.015359999611973763,cast_not_priced,f01,BLOCK_M16_BLOCK_N128_BLOCK_K64_GROUP_M8_SPLIT_K8_num_warps4_num_stages3,0.13529600016772747,0.10700800269842148,1.2643540366698507,0.9936876597906598,False,False,0.005152000114321709,0,decode_bs1,BLOCK_M16_BLOCK_N64_BLOCK_K64_GROUP_M8_SPLIT_K16_num_warps8_num_stages2
0.3287040013819933,0.3043839931488037,1.079899103699912,0.996326877539102,False,False,0.015359999611973763,cast_not_priced,f01,BLOCK_M16_BLOCK_N128_BLOCK_K64_GROUP_M8_SPLIT_K8_num_warps4_num_stages3,0.13081599585711956,0.10700800269842148,1.2224879687344101,0.9936876597906598,False,False,0.005152000114321709,0,decode_bs1,BLOCK_M16_BLOCK_N64_BLOCK_K64_GROUP_M8_SPLIT_K16_num_warps4_num_stages3
0.3804160077124834,0.3043839931488037,1.2497897927454749,0.996326877539102,False,False,0.015359999611973763,cast_not_priced,f01,BLOCK_M16_BLOCK_N128_BLOCK_K64_GROUP_M8_SPLIT_K8_num_warps4_num_stages3,0.11462399922311306,0.10700800269842148,1.0711722145319877,0.9936876597906598,False,False,0.005152000114321709,0,decode_bs1,BLOCK_M16_BLOCK_N64_BLOCK_K64_GROUP_M8_SPLIT_K16_num_warps8_num_stages3
0.4464640039950609,0.3043839931488037,1.466778851859003,0.996326877539102,False,False,0.015359999611973763,cast_not_priced,f01,BLOCK_M16_BLOCK_N128_BLOCK_K64_GROUP_M8_SPLIT_K8_num_warps4_num_stages3,0.11392000131309032,0.10700800269842148,1.064593286860505,0.9936876597906598,False,False,0.005152000114321709,1,decode_bs1,BLOCK_M16_BLOCK_N64_BLOCK_K64_GROUP_M8_SPLIT_K4_num_warps2_num_stages3
1.1176960486918688,0.30054399371147156,3.7189099502180705,0.996326877539102,False,False,0.015359999611973763,cast_not_priced,f01,BLOCK_M16_BLOCK_N128_BLOCK_K64_GROUP_M8_SPLIT_K8_num_warps8_num_stages3,0.27676801197230816,0.10755199939012527,2.573341393388538,0.9936876597906598,False,False,0.005152000114321709,1,decode_bs1,BLOCK_M16_BLOCK_N64_BLOCK_K128_GROUP_M8_SPLIT_K1_num_warps2_num_stages2
0.37017598934471607,0.30054399371147156,1.2316865320559114,0.996326877539102,False,False,0.015359999611973763,cast_not_priced,f01,BLOCK_M16_BLOCK_N128_BLOCK_K64_GROUP_M8_SPLIT_K8_num_warps8_num_stages3,0.28345601074397564,0.10755199939012527,2.635525256167397,0.9936876597906598,False,False,0.005152000114321709,1,decode_bs1,BLOCK_M16_BLOCK_N64_BLOCK_K128_GROUP_M8_SPLIT_K1_num_warps8_num_stages2
0.9863680023699999,0.30054399371147156,3.2819421549210315,0.996326877539102,False,False,0.015359999611973763,cast_not_priced,f01,BLOCK_M16_BLOCK_N128_BLOCK_K64_GROUP_M8_SPLIT_K8_num_warps8_num_stages3,0.12102400325238705,0.10755199939012527,1.1252603758057025,0.9936876597906598,False,False,0.005152000114321709,1,decode_bs1,BLOCK_M16_BLOCK_N64_BLOCK_K128_GROUP_M8_SPLIT_K16_num_warps2_num_stages2
0.4175359923392534,0.30054399371147156,1.389267465248687,0.996326877539102,False,False,0.015359999611973763,cast_not_priced,f01,BLOCK_M16_BLOCK_N128_BLOCK_K64_GROUP_M8_SPLIT_K8_num_warps8_num_stages3,0.16582399420440197,0.10755199939012527,1.5418029896674041,0.9936876597906598,False,False,0.005152000114321709,1,decode_bs1,BLOCK_M16_BLOCK_N64_BLOCK_K128_GROUP_M8_SPLIT_K2_num_warps4_num_stages2
0.7170559782534838,0.30054399371147156,2.385860284208083,0.996326877539102,False,False,0.015359999611973763,cast_not_priced,f01,BLOCK_M16_BLOCK_N128_BLOCK_K64_GROUP_M8_SPLIT_K8_num_warps8_num_stages3,0.7514240276068449,0.10755199939012527,6.986611423941931,0.9936876597906598,False,False,0.005152000114321709,1,decode_bs1,BLOCK_M16_BLOCK_N128_BLOCK_K32_GROUP_M8_SPLIT_K1_num_warps8_num_stages2
0.29824000783264637,0.30054399371147156,0.9923339480174838,0.996326877539102,False,False,0.015359999611973763,cast_not_priced,f01,BLOCK_M16_BLOCK_N128_BLOCK_K64_GROUP_M8_SPLIT_K8_num_warps8_num_stages3,0.22179199568927288,0.10755199939012527,2.0621838454603045,0.9936876597906598,False,False,0.005152000114321709,1,decode_bs1,BLOCK_M16_BLOCK_N128_BLOCK_K32_GROUP_M8_SPLIT_K4_num_warps8_num_stages2
0.42009601183235645,0.30054399371147156,1.3977854178501976,0.996326877539102,False,False,0.015359999611973763,cast_not_priced,f01,BLOCK_M16_BLOCK_N128_BLOCK_K64_GROUP_M8_SPLIT_K8_num_warps8_num_stages3,0.1456000041216612,0.10755199939012527,1.353763806784509,0.9936876597906598,False,False,0.005152000114321709,0,decode_bs1,BLOCK_M16_BLOCK_N64_BLOCK_K32_GROUP_M8_SPLIT_K8_num_warps8_num_stages2
1.826815964654088,0.30054399371147156,6.078364575163891,0.996326877539102,False,False,0.015359999611973763,cast_not_priced,f01,BLOCK_M16_BLOCK_N128_BLOCK_K64_GROUP_M8_SPLIT_K8_num_warps8_num_stages3,0.4964479934424162,0.10755199939012527,4.615888093736329,0.9936876597906598,False,False,0.005152000114321709,1,decode_bs1,BLOCK_M16_BLOCK_N128_BLOCK_K64_GROUP_M8_SPLIT_K1_num_warps2_num_stages2
2.1895679254084826,0.30054399371147156,7.285349137639107,0.996326877539102,False,False,0.015359999611973763,cast_not_priced,f01,BLOCK_M16_BLOCK_N128_BLOCK_K64_GROUP_M8_SPLIT_K8_num_warps8_num_stages3,0.26035199873149395,0.10755199939012527,2.420708124514864,0.9936876597906598,False,False,0.005152000114321709,1,decode_bs1,BLOCK_M16_BLOCK_N128_BLOCK_K64_GROUP_M8_SPLIT_K1_num_warps2_num_stages3
0.3450880069285631,0.30054399371147156,1.148211290689957,0.996326877539102,False,False,0.015359999611973763,cast_not_priced,f01,BLOCK_M16_BLOCK_N128_BLOCK_K64_GROUP_M8_SPLIT_K8_num_warps8_num_stages3,0.11193600110709667,0.10755199939012527,1.0407616942672469,0.9936876597906598,False,False,0.005152000114321709,0,decode_bs1,BLOCK_M16_BLOCK_N128_BLOCK_K64_GROUP_M8_SPLIT_K16_num_warps4_num_stages2
0.32409599609673023,0.30054399371147156,1.0783645751638913,0.996326877539102,False,False,0.015359999611973763,cast_not_priced,f01,BLOCK_M16_BLOCK_N128_BLOCK_K64_GROUP_M8_SPLIT_K8_num_warps8_num_stages3,0.1349440049380064,0.10755199939012527,1.254686158353241,0.9936876597906598,False,False,0.005152000114321709,0,decode_bs1,BLOCK_M16_BLOCK_N128_BLOCK_K64_GROUP_M8_SPLIT_K16_num_warps8_num_stages2
0.3299840111285448,0.30054399371147156,1.0979557669861015,0.996326877539102,False,False,0.015359999611973763,cast_not_priced,f01,BLOCK_M16_BLOCK_N128_BLOCK_K64_GROUP_M8_SPLIT_K8_num_warps8_num_stages3,0.11280000023543835,0.10755199939012527,1.0487950096239207,0.9936876597906598,False,False,0.005152000114321709,0,decode_bs1,BLOCK_M16_BLOCK_N128_BLOCK_K64_GROUP_M8_SPLIT_K16_num_warps4_num_stages3
0.30259201116859913,0.30054399371147156,1.0068143682787876,0.996326877539102,False,False,0.015359999611973763,cast_not_priced,f01,BLOCK_M16_BLOCK_N128_BLOCK_K64_GROUP_M8_SPLIT_K8_num_warps8_num_stages3,0.2543359976261854,0.10755199939012527,2.3647723805080365,0.9936876597906598,False,False,0.005152000114321709,1,decode_bs1,BLOCK_M16_BLOCK_N128_BLOCK_K64_GROUP_M8_SPLIT_K2_num_warps8_num_stages2
0.29644799418747425,0.30054399371147156,0.9863713811964263,0.996326877539102,False,False,0.015359999611973763,cast_not_priced,f01,BLOCK_M16_BLOCK_N128_BLOCK_K64_GROUP_M8_SPLIT_K8_num_warps8_num_stages3,0.15129600279033184,0.10755199939012527,1.406724223150266,0.9936876597906598,False,False,0.005152000114321709,0,decode_bs1,BLOCK_M16_BLOCK_N128_BLOCK_K64_GROUP_M8_SPLIT_K2_num_warps4_num_stages3
0.33919999189674854,0.30054399371147156,1.1286200988677468,0.996326877539102,False,False,0.015359999611973763,cast_not_priced,f01,BLOCK_M16_BLOCK_N128_BLOCK_K64_GROUP_M8_SPLIT_K8_num_warps8_num_stages3,0.15516799502074718,0.10755199939012527,1.442725341236136,0.9936876597906598,False,False,0.005152000114321709,0,decode_bs1,BLOCK_M16_BLOCK_N128_BLOCK_K64_GROUP_M8_SPLIT_K4_num_warps4_num_stages2
0.3363840002566576,0.30054399371147156,1.1192504501673495,0.996326877539102,False,False,0.015359999611973763,cast_not_priced,f01,BLOCK_M16_BLOCK_N128_BLOCK_K64_GROUP_M8_SPLIT_K8_num_warps8_num_stages3,0.11462399922311306,0.10755199939012527,1.0657542386295897,0.9936876597906598,False,False,0.005152000114321709,0,decode_bs1,BLOCK_M16_BLOCK_N128_BLOCK_K64_GROUP_M8_SPLIT_K8_num_warps4_num_stages2
0.3164159972220659,0.30054399371147156,1.052810915681888,0.996326877539102,False,False,0.015359999611973763,cast_not_priced,f01,BLOCK_M16_BLOCK_N128_BLOCK_K64_GROUP_M8_SPLIT_K8_num_warps8_num_stages3,0.11251199804246426,0.10755199939012527,1.0461172147469568,0.9936876597906598,False,False,0.005152000114321709,0,decode_bs1,BLOCK_M16_BLOCK_N128_BLOCK_K64_GROUP_M8_SPLIT_K8_num_warps4_num_stages3
0.3143680114299059,0.30054399371147156,1.0459966527619438,0.996326877539102,False,False,0.015359999611973763,cast_not_priced,f01,BLOCK_M16_BLOCK_N128_BLOCK_K64_GROUP_M8_SPLIT_K8_num_warps8_num_stages3,0.11283200047910213,0.10755199939012527,1.0490925423880277,0.9936876597906598,False,False,0.005152000114321709,0,decode_bs1,BLOCK_M16_BLOCK_N128_BLOCK_K64_GROUP_M8_SPLIT_K8_num_warps8_num_stages3
0.36044800467789173,0.30054399371147156,1.1993186096539639,0.996326877539102,False,False,0.015359999611973763,cast_not_priced,f01,BLOCK_M16_BLOCK_N128_BLOCK_K64_GROUP_M8_SPLIT_K8_num_warps8_num_stages3,0.13529600016772747,0.10755199939012527,1.2579589494842014,0.9936876597906598,False,False,0.005152000114321709,0,decode_bs1,BLOCK_M16_BLOCK_N64_BLOCK_K64_GROUP_M8_SPLIT_K16_num_warps8_num_stages2
0.3287040013819933,0.30054399371147156,1.093696790685346,0.996326877539102,False,False,0.015359999611973763,cast_not_priced,f01,BLOCK_M16_BLOCK_N128_BLOCK_K64_GROUP_M8_SPLIT_K8_num_warps8_num_stages3,0.13081599585711956,0.10755199939012527,1.216304639606079,0.9936876597906598,False,False,0.005152000114321709,0,decode_bs1,BLOCK_M16_BLOCK_N64_BLOCK_K64_GROUP_M8_SPLIT_K16_num_warps4_num_stages3
0.3804160077124834,0.30054399371147156,1.2657581441394254,0.996326877539102,False,False,0.015359999611973763,cast_not_priced,f01,BLOCK_M16_BLOCK_N128_BLOCK_K64_GROUP_M8_SPLIT_K8_num_warps8_num_stages3,0.11462399922311306,0.10755199939012527,1.0657542386295897,0.9936876597906598,False,False,0.005152000114321709,0,decode_bs1,BLOCK_M16_BLOCK_N64_BLOCK_K64_GROUP_M8_SPLIT_K16_num_warps8_num_stages3
0.4464640039950609,0.30054399371147156,1.4855196355169074,0.996326877539102,False,False,0.015359999611973763,cast_not_priced,f01,BLOCK_M16_BLOCK_N128_BLOCK_K64_GROUP_M8_SPLIT_K8_num_warps8_num_stages3,0.11392000131309032,0.10755199939012527,1.0592085870934513,0.9936876597906598,False,False,0.005152000114321709,1,decode_bs1,BLOCK_M16_BLOCK_N64_BLOCK_K64_GROUP_M8_SPLIT_K4_num_warps2_num_stages3
1.1176960486918688,0.3491840064525604,3.2008798456916643,0.996326877539102,False,False,0.015359999611973763,cast_not_priced,f01,BLOCK_M16_BLOCK_N64_BLOCK_K64_GROUP_M8_SPLIT_K16_num_warps8_num_stages2,0.27676801197230816,0.12950399518013,2.137138793188159,0.9936876597906598,False,False,0.005152000114321709,1,decode_bs1,BLOCK_M16_BLOCK_N64_BLOCK_K128_GROUP_M8_SPLIT_K1_num_warps2_num_stages2
0.37017598934471607,0.3491840064525604,1.0601172519481004,0.996326877539102,False,False,0.015359999611973763,cast_not_priced,f01,BLOCK_M16_BLOCK_N64_BLOCK_K64_GROUP_M8_SPLIT_K16_num_warps8_num_stages2,0.28345601074397564,0.12950399518013,2.1887819781135733,0.9936876597906598,False,False,0.005152000114321709,1,decode_bs1,BLOCK_M16_BLOCK_N64_BLOCK_K128_GROUP_M8_SPLIT_K1_num_warps8_num_stages2
0.9863680023699999,0.3491840064525604,2.8247800132392555,0.996326877539102,False,False,0.015359999611973763,cast_not_priced,f01,BLOCK_M16_BLOCK_N64_BLOCK_K64_GROUP_M8_SPLIT_K16_num_warps8_num_stages2,0.12102400325238705,0.12950399518013,0.9345194569793159,0.9936876597906598,False,False,0.005152000114321709,1,decode_bs1,BLOCK_M16_BLOCK_N64_BLOCK_K128_GROUP_M8_SPLIT_K16_num_warps2_num_stages2
0.4175359923392534,0.3491840064525604,1.1957477565513277,0.996326877539102,False,False,0.015359999611973763,cast_not_priced,f01,BLOCK_M16_BLOCK_N64_BLOCK_K64_GROUP_M8_SPLIT_K16_num_warps8_num_stages2,0.16582399420440197,0.12950399518013,1.280454660674782,0.9936876597906598,False,False,0.005152000114321709,1,decode_bs1,BLOCK_M16_BLOCK_N64_BLOCK_K128_GROUP_M8_SPLIT_K2_num_warps4_num_stages2
0.7170559782534838,0.3491840064525604,2.0535189613585634,0.996326877539102,False,False,0.015359999611973763,cast_not_priced,f01,BLOCK_M16_BLOCK_N64_BLOCK_K64_GROUP_M8_SPLIT_K16_num_warps8_num_stages2,0.7514240276068449,0.12950399518013,5.802323137303003,0.9936876597906598,False,False,0.005152000114321709,1,decode_bs1,BLOCK_M16_BLOCK_N128_BLOCK_K32_GROUP_M8_SPLIT_K1_num_warps8_num_stages2
0.29824000783264637,0.3491840064525604,0.8541055784958032,0.996326877539102,False,False,0.015359999611973763,cast_not_priced,f01,BLOCK_M16_BLOCK_N64_BLOCK_K64_GROUP_M8_SPLIT_K16_num_warps8_num_stages2,0.22179199568927288,0.12950399518013,1.7126266674690416,0.9936876597906598,False,False,0.005152000114321709,1,decode_bs1,BLOCK_M16_BLOCK_N128_BLOCK_K32_GROUP_M8_SPLIT_K4_num_warps8_num_stages2
0.42009601183235645,0.3491840064525604,1.203079190539702,0.996326877539102,False,False,0.015359999611973763,cast_not_priced,f01,BLOCK_M16_BLOCK_N64_BLOCK_K64_GROUP_M8_SPLIT_K16_num_warps8_num_stages2,0.1456000041216612,0.12950399518013,1.1242896709027617,0.9936876597906598,False,False,0.005152000114321709,0,decode_bs1,BLOCK_M16_BLOCK_N64_BLOCK_K32_GROUP_M8_SPLIT_K8_num_warps8_num_stages2
1.826815964654088,0.3491840064525604,5.231671356351987,0.996326877539102,False,False,0.015359999611973763,cast_not_priced,f01,BLOCK_M16_BLOCK_N64_BLOCK_K64_GROUP_M8_SPLIT_K16_num_warps8_num_stages2,0.4964479934424162,0.12950399518013,3.833456973677882,0.9936876597906598,False,False,0.005152000114321709,1,decode_bs1,BLOCK_M16_BLOCK_N128_BLOCK_K64_GROUP_M8_SPLIT_K1_num_warps2_num_stages2
2.1895679254084826,0.3491840064525604,6.270527529747998,0.996326877539102,False,False,0.015359999611973763,cast_not_priced,f01,BLOCK_M16_BLOCK_N64_BLOCK_K64_GROUP_M8_SPLIT_K16_num_warps8_num_stages2,0.26035199873149395,0.12950399518013,2.0103781228475968,0.9936876597906598,False,False,0.005152000114321709,1,decode_bs1,BLOCK_M16_BLOCK_N128_BLOCK_K64_GROUP_M8_SPLIT_K1_num_warps2_num_stages3
0.3450880069285631,0.3491840064525604,0.9882697963013556,0.996326877539102,False,False,0.015359999611973763,cast_not_priced,f01,BLOCK_M16_BLOCK_N64_BLOCK_K64_GROUP_M8_SPLIT_K16_num_warps8_num_stages2,0.11193600110709667,0.12950399518013,0.8643439992056028,0.9936876597906598,False,False,0.005152000114321709,0,decode_bs1,BLOCK_M16_BLOCK_N128_BLOCK_K64_GROUP_M8_SPLIT_K16_num_warps4_num_stages2
0.32409599609673023,0.3491840064525604,0.9281524643390602,0.996326877539102,False,False,0.015359999611973763,cast_not_priced,f01,BLOCK_M16_BLOCK_N64_BLOCK_K64_GROUP_M8_SPLIT_K16_num_warps8_num_stages2,0.1349440049380064,0.12950399518013,1.0420065014234485,0.9936876597906598,False,False,0.005152000114321709,0,decode_bs1,BLOCK_M16_BLOCK_N128_BLOCK_K64_GROUP_M8_SPLIT_K16_num_warps8_num_stages2
0.3299840111285448,0.3491840064525604,0.9450146771638462,0.996326877539102,False,False,0.015359999611973763,cast_not_priced,f01,BLOCK_M16_BLOCK_N64_BLOCK_K64_GROUP_M8_SPLIT_K16_num_warps8_num_stages2,0.11280000023543835,0.12950399518013,0.8710156013221237,0.9936876597906598,False,False,0.005152000114321709,0,decode_bs1,BLOCK_M16_BLOCK_N128_BLOCK_K64_GROUP_M8_SPLIT_K16_num_warps4_num_stages3
0.30259201116859913,0.3491840064525604,0.8665689309275647,0.996326877539102,False,False,0.015359999611973763,cast_not_priced,f01,BLOCK_M16_BLOCK_N64_BLOCK_K64_GROUP_M8_SPLIT_K16_num_warps8_num_stages2,0.2543359976261854,0.12950399518013,1.9639239490057723,0.9936876597906598,False,False,0.005152000114321709,1,decode_bs1,BLOCK_M16_BLOCK_N128_BLOCK_K64_GROUP_M8_SPLIT_K2_num_warps8_num_stages2
0.29644799418747425,0.3491840064525604,0.8489735747039411,0.996326877539102,False,False,0.015359999611973763,cast_not_priced,f01,BLOCK_M16_BLOCK_N64_BLOCK_K64_GROUP_M8_SPLIT_K16_num_warps8_num_stages2,0.15129600279033184,0.12950399518013,1.1682728596897018,0.9936876597906598,False,False,0.005152000114321709,0,decode_bs1,BLOCK_M16_BLOCK_N128_BLOCK_K64_GROUP_M8_SPLIT_K2_num_warps4_num_stages3
0.33919999189674854,0.3491840064525604,0.9714075834765694,0.996326877539102,False,False,0.015359999611973763,cast_not_priced,f01,BLOCK_M16_BLOCK_N64_BLOCK_K64_GROUP_M8_SPLIT_K16_num_warps8_num_stages2,0.15516799502074718,0.12950399518013,1.1981714911954688,0.9936876597906598,False,False,0.005152000114321709,0,decode_bs1,BLOCK_M16_BLOCK_N128_BLOCK_K64_GROUP_M8_SPLIT_K4_num_warps4_num_stages2
0.3363840002566576,0.3491840064525604,0.9633430914378325,0.996326877539102,False,False,0.015359999611973763,cast_not_priced,f01,BLOCK_M16_BLOCK_N64_BLOCK_K64_GROUP_M8_SPLIT_K16_num_warps8_num_stages2,0.11462399922311306,0.12950399518013,0.8851001010716308,0.9936876597906598,False,False,0.005152000114321709,0,decode_bs1,BLOCK_M16_BLOCK_N128_BLOCK_K64_GROUP_M8_SPLIT_K8_num_warps4_num_stages2
0.3164159972220659,0.3491840064525604,0.9061583330708868,0.996326877539102,False,False,0.015359999611973763,cast_not_priced,f01,BLOCK_M16_BLOCK_N64_BLOCK_K64_GROUP_M8_SPLIT_K16_num_warps8_num_stages2,0.11251199804246426,0.12950399518013,0.8687917147727281,0.9936876597906598,False,False,0.005152000114321709,0,decode_bs1,BLOCK_M16_BLOCK_N128_BLOCK_K64_GROUP_M8_SPLIT_K8_num_warps4_num_stages3
0.3143680114299059,0.3491840064525604,0.9002932712286621,0.996326877539102,False,False,0.015359999611973763,cast_not_priced,f01,BLOCK_M16_BLOCK_N64_BLOCK_K64_GROUP_M8_SPLIT_K16_num_warps8_num_stages2,0.11283200047910213,0.12950399518013,0.8712626998276121,0.9936876597906598,False,False,0.005152000114321709,0,decode_bs1,BLOCK_M16_BLOCK_N128_BLOCK_K64_GROUP_M8_SPLIT_K8_num_warps8_num_stages3
0.36044800467789173,0.3491840064525604,1.0322580588377024,0.996326877539102,False,False,0.015359999611973763,cast_not_priced,f01,BLOCK_M16_BLOCK_N64_BLOCK_K64_GROUP_M8_SPLIT_K16_num_warps8_num_stages2,0.13529600016772747,0.12950399518013,1.044724527452155,0.9936876597906598,False,False,0.005152000114321709,0,decode_bs1,BLOCK_M16_BLOCK_N64_BLOCK_K64_GROUP_M8_SPLIT_K16_num_warps8_num_stages2
0.3287040013819933,0.3491840064525604,0.9413489601696591,0.996326877539102,False,False,0.015359999611973763,cast_not_priced,f01,BLOCK_M16_BLOCK_N64_BLOCK_K64_GROUP_M8_SPLIT_K16_num_warps8_num_stages2,0.13081599585711956,0.12950399518013,1.0101309668104421,0.9936876597906598,False,False,0.005152000114321709,0,decode_bs1,BLOCK_M16_BLOCK_N64_BLOCK_K64_GROUP_M8_SPLIT_K16_num_warps4_num_stages3
0.3804160077124834,0.3491840064525604,1.089442817204648,0.996326877539102,False,False,0.015359999611973763,cast_not_priced,f01,BLOCK_M16_BLOCK_N64_BLOCK_K64_GROUP_M8_SPLIT_K16_num_warps8_num_stages2,0.11462399922311306,0.12950399518013,0.8851001010716308,0.9936876597906598,False,False,0.005152000114321709,0,decode_bs1,BLOCK_M16_BLOCK_N64_BLOCK_K64_GROUP_M8_SPLIT_K16_num_warps8_num_stages3
0.4464640039950609,0.3491840064525604,1.2785923631806337,0.996326877539102,False,False,0.015359999611973763,cast_not_priced,f01,BLOCK_M16_BLOCK_N64_BLOCK_K64_GROUP_M8_SPLIT_K16_num_warps8_num_stages2,0.11392000131309032,0.12950399518013,0.8796639914825519,0.9936876597906598,False,False,0.005152000114321709,1,decode_bs1,BLOCK_M16_BLOCK_N64_BLOCK_K64_GROUP_M8_SPLIT_K4_num_warps2_num_stages3
1.1176960486918688,0.3169279992580414,3.526656058500674,0.996326877539102,False,False,0.015359999611973763,cast_not_priced,f01,BLOCK_M16_BLOCK_N64_BLOCK_K64_GROUP_M8_SPLIT_K16_num_warps4_num_stages3,0.27676801197230816,0.12544000148773193,2.206377620295039,0.9936876597906598,False,False,0.005152000114321709,1,decode_bs1,BLOCK_M16_BLOCK_N64_BLOCK_K128_GROUP_M8_SPLIT_K1_num_warps2_num_stages2
0.37017598934471607,0.3169279992580414,1.1680128931849925,0.996326877539102,False,False,0.015359999611973763,cast_not_priced,f01,BLOCK_M16_BLOCK_N64_BLOCK_K64_GROUP_M8_SPLIT_K16_num_warps4_num_stages3,0.28345601074397564,0.12544000148773193,2.2596939364011224,0.9936876597906598,False,False,0.005152000114321709,1,decode_bs1,BLOCK_M16_BLOCK_N64_BLOCK_K128_GROUP_M8_SPLIT_K1_num_warps8_num_stages2
0.9863680023699999,0.3169279992580414,3.112277882292449,0.996326877539102,False,False,0.015359999611973763,cast_not_priced,f01,BLOCK_M16_BLOCK_N64_BLOCK_K64_GROUP_M8_SPLIT_K16_num_warps4_num_stages3,0.12102400325238705,0.12544000148773193,0.9647959328525935,0.9936876597906598,False,False,0.005152000114321709,1,decode_bs1,BLOCK_M16_BLOCK_N64_BLOCK_K128_GROUP_M8_SPLIT_K16_num_warps2_num_stages2
0.4175359923392534,0.3169279992580414,1.3174474748736147,0.996326877539102,False,False,0.015359999611973763,cast_not_priced,f01,BLOCK_M16_BLOCK_N64_BLOCK_K64_GROUP_M8_SPLIT_K16_num_warps4_num_stages3,0.16582399420440197,0.12544000148773193,1.3219387136297156,0.9936876597906598,False,False,0.005152000114321709,1,decode_bs1,BLOCK_M16_BLOCK_N64_BLOCK_K128_GROUP_M8_SPLIT_K2_num_warps4_num_stages2
0.7170559782534838,0.3169279992580414,2.262520130541259,0.996326877539102,False,False,0.015359999611973763,cast_not_priced,f01,BLOCK_M16_BLOCK_N64_BLOCK_K64_GROUP_M8_SPLIT_K16_num_warps4_num_stages3,0.7514240276068449,0.12544000148773193,5.990306271483378,0.9936876597906598,False,False,0.005152000114321709,1,decode_bs1,BLOCK_M16_BLOCK_N128_BLOCK_K32_GROUP_M8_SPLIT_K1_num_warps8_num_stages2
0.29824000783264637,0.3169279992580414,0.9410339526039183,0.996326877539102,False,False,0.015359999611973763,cast_not_priced,f01,BLOCK_M16_BLOCK_N64_BLOCK_K64_GROUP_M8_SPLIT_K16_num_warps4_num_stages3,0.22179199568927288,0.12544000148773193,1.7681121895631051,0.9936876597906598,False,False,0.005152000114321709,1,decode_bs1,BLOCK_M16_BLOCK_N128_BLOCK_K32_GROUP_M8_SPLIT_K4_num_warps8_num_stages2
0.42009601183235645,0.3169279992580414,1.325525080825428,0.996326877539102,False,False,0.015359999611973763,cast_not_priced,f01,BLOCK_M16_BLOCK_N64_BLOCK_K64_GROUP_M8_SPLIT_K16_num_warps4_num_stages3,0.1456000041216612,0.12544000148773193,1.1607143048057194,0.9936876597906598,False,False,0.005152000114321709,0,decode_bs1,BLOCK_M16_BLOCK_N64_BLOCK_K32_GROUP_M8_SPLIT_K8_num_warps8_num_stages2
1.826815964654088,0.3169279992580414,5.764135604714125,0.996326877539102,False,False,0.015359999611973763,cast_not_priced,f01,BLOCK_M16_BLOCK_N64_BLOCK_K64_GROUP_M8_SPLIT_K16_num_warps4_num_stages3,0.4964479934424162,0.12544000148773193,3.957652962009642,0.9936876597906598,False,False,0.005152000114321709,1,decode_bs1,BLOCK_M16_BLOCK_N128_BLOCK_K64_GROUP_M8_SPLIT_K1_num_warps2_num_stages2
2.1895679254084826,0.3169279992580414,6.908723528796665,0.996326877539102,False,False,0.015359999611973763,cast_not_priced,f01,BLOCK_M16_BLOCK_N64_BLOCK_K64_GROUP_M8_SPLIT_K16_num_warps4_num_stages3,0.26035199873149395,0.12544000148773193,2.0755101693534055,0.9936876597906598,False,False,0.005152000114321709,1,decode_bs1,BLOCK_M16_BLOCK_N128_BLOCK_K64_GROUP_M8_SPLIT_K1_num_warps2_num_stages3
0.3450880069285631,0.3169279992580414,1.0888530131021779,0.996326877539102,False,False,0.015359999611973763,cast_not_priced,f01,BLOCK_M16_BLOCK_N64_BLOCK_K64_GROUP_M8_SPLIT_K16_num_warps4_num_stages3,0.11193600110709667,0.12544000148773193,0.8923469370178861,0.9936876597906598,False,False,0.005152000114321709,0,decode_bs1,BLOCK_M16_BLOCK_N128_BLOCK_K64_GROUP_M8_SPLIT_K16_num_warps4_num_stages2
0.32409599609673023,0.3169279992580414,1.022617114472277,0.996326877539102,False,False,0.015359999611973763,cast_not_priced,f01,BLOCK_M16_BLOCK_N64_BLOCK_K64_GROUP_M8_SPLIT_K16_num_warps4_num_stages3,0.1349440049380064,0.12544000148773193,1.0757653327292407,0.9936876597906598,False,False,0.005152000114321709,0,decode_bs1,BLOCK_M16_BLOCK_N128_BLOCK_K64_GROUP_M8_SPLIT_K16_num_warps8_num_stages2
0.3299840111285448,0.3169279992580414,1.041195514126454,0.996326877539102,False,False,0.015359999611973763,cast_not_priced,f01,BLOCK_M16_BLOCK_N64_BLOCK_K64_GROUP_M8_SPLIT_K16_num_warps4_num_stages3,0.11280000023543835,0.12544000148773193,0.8992346850894307,0.9936876597906598,False,False,0.005152000114321709,0,decode_bs1,BLOCK_M16_BLOCK_N128_BLOCK_K64_GROUP_M8_SPLIT_K16_num_warps4_num_stages3
0.30259201116859913,0.3169279992580414,0.9547657886870072,0.996326877539102,False,False,0.015359999611973763,cast_not_priced,f01,BLOCK_M16_BLOCK_N64_BLOCK_K64_GROUP_M8_SPLIT_K16_num_warps4_num_stages3,0.2543359976261854,0.12544000148773193,2.0275509774372855,0.9936876597906598,False,False,0.005152000114321709,1,decode_bs1,BLOCK_M16_BLOCK_N128_BLOCK_K64_GROUP_M8_SPLIT_K2_num_warps8_num_stages2
0.29644799418747425,0.3169279992580414,0.935379628437649,0.996326877539102,False,False,0.015359999611973763,cast_not_priced,f01,BLOCK_M16_BLOCK_N64_BLOCK_K64_GROUP_M8_SPLIT_K16_num_warps4_num_stages3,0.15129600279033184,0.12544000148773193,1.206122456919204,0.9936876597906598,False,False,0.005152000114321709,0,decode_bs1,BLOCK_M16_BLOCK_N128_BLOCK_K64_GROUP_M8_SPLIT_K2_num_warps4_num_stages3
0.33919999189674854,0.3169279992580414,1.0702746134480008,0.996326877539102,False,False,0.015359999611973763,cast_not_priced,f01,BLOCK_M16_BLOCK_N64_BLOCK_K64_GROUP_M8_SPLIT_K16_num_warps4_num_stages3,0.15516799502074718,0.12544000148773193,1.236989741553237,0.9936876597906598,False,False,0.005152000114321709,0,decode_bs1,BLOCK_M16_BLOCK_N128_BLOCK_K64_GROUP_M8_SPLIT_K4_num_warps4_num_stages2
0.3363840002566576,0.3169279992580414,1.0613893409359998,0.996326877539102,False,False,0.015359999611973763,cast_not_priced,f01,BLOCK_M16_BLOCK_N64_BLOCK_K64_GROUP_M8_SPLIT_K16_num_warps4_num_stages3,0.11462399922311306,0.12544000148773193,0.9137754931733105,0.9936876597906598,False,False,0.005152000114321709,0,decode_bs1,BLOCK_M16_BLOCK_N128_BLOCK_K64_GROUP_M8_SPLIT_K8_num_warps4_num_stages2
0.3164159972220659,0.3169279992580414,0.9983844846868244,0.996326877539102,False,False,0.015359999611973763,cast_not_priced,f01,BLOCK_M16_BLOCK_N64_BLOCK_K64_GROUP_M8_SPLIT_K16_num_warps4_num_stages3,0.11251199804246426,0.12544000148773193,0.8969387492670586,0.9936876597906598,False,False,0.005152000114321709,0,decode_bs1,BLOCK_M16_BLOCK_N128_BLOCK_K64_GROUP_M8_SPLIT_K8_num_warps4_num_stages3
0.3143680114299059,0.3169279992580414,0.9919224939603675,0.996326877539102,False,False,0.015359999611973763,cast_not_priced,f01,BLOCK_M16_BLOCK_N64_BLOCK_K64_GROUP_M8_SPLIT_K16_num_warps4_num_stages3,0.11283200047910213,0.12544000148773193,0.8994897890696942,0.9936876597906598,False,False,0.005152000114321709,0,decode_bs1,BLOCK_M16_BLOCK_N128_BLOCK_K64_GROUP_M8_SPLIT_K8_num_warps8_num_stages3
0.36044800467789173,0.3169279992580414,1.1373182726730828,0.996326877539102,False,False,0.015359999611973763,cast_not_priced,f01,BLOCK_M16_BLOCK_N64_BLOCK_K64_GROUP_M8_SPLIT_K16_num_warps4_num_stages3,0.13529600016772747,0.12544000148773193,1.0785714171165683,0.9936876597906598,False,False,0.005152000114321709,0,decode_bs1,BLOCK_M16_BLOCK_N64_BLOCK_K64_GROUP_M8_SPLIT_K16_num_warps8_num_stages2
0.3287040013819933,0.3169279992580414,1.0371567111505473,0.996326877539102,False,False,0.015359999611973763,cast_not_priced,f01,BLOCK_M16_BLOCK_N64_BLOCK_K64_GROUP_M8_SPLIT_K16_num_warps4_num_stages3,0.13081599585711956,0.12544000148773193,1.042857097461956,0.9936876597906598,False,False,0.005152000114321709,0,decode_bs1,BLOCK_M16_BLOCK_N64_BLOCK_K64_GROUP_M8_SPLIT_K16_num_warps4_num_stages3
0.3804160077124834,0.3169279992580414,1.2003231289222585,0.996326877539102,False,False,0.015359999611973763,cast_not_priced,f01,BLOCK_M16_BLOCK_N64_BLOCK_K64_GROUP_M8_SPLIT_K16_num_warps4_num_stages3,0.11462399922311306,0.12544000148773193,0.9137754931733105,0.9936876597906598,False,False,0.005152000114321709,0,decode_bs1,BLOCK_M16_BLOCK_N64_BLOCK_K64_GROUP_M8_SPLIT_K16_num_warps8_num_stages3
0.4464640039950609,0.3169279992580414,1.4087237638841492,0.996326877539102,False,False,0.015359999611973763,cast_not_priced,f01,BLOCK_M16_BLOCK_N64_BLOCK_K64_GROUP_M8_SPLIT_K16_num_warps4_num_stages3,0.11392000131309032,0.12544000148773193,0.9081632650030839,0.9936876597906598,False,False,0.005152000114321709,1,decode_bs1,BLOCK_M16_BLOCK_N64_BLOCK_K64_GROUP_M8_SPLIT_K4_num_warps2_num_stages3
1.1176960486918688,0.36454400420188904,3.0660113341841573,0.996326877539102,False,False,0.015359999611973763,cast_not_priced,f01,BLOCK_M16_BLOCK_N64_BLOCK_K64_GROUP_M8_SPLIT_K16_num_warps8_num_stages3,0.27676801197230816,0.10915199667215347,2.535620239761646,0.9936876597906598,False,False,0.005152000114321709,1,decode_bs1,BLOCK_M16_BLOCK_N64_BLOCK_K128_GROUP_M8_SPLIT_K1_num_warps2_num_stages2
0.37017598934471607,0.36454400420188904,1.015449397268671,0.996326877539102,False,False,0.015359999611973763,cast_not_priced,f01,BLOCK_M16_BLOCK_N64_BLOCK_K64_GROUP_M8_SPLIT_K16_num_warps8_num_stages3,0.28345601074397564,0.10915199667215347,2.5968925845246593,0.9936876597906598,False,False,0.005152000114321709,1,decode_bs1,BLOCK_M16_BLOCK_N64_BLOCK_K128_GROUP_M8_SPLIT_K1_num_warps8_num_stages2
0.9863680023699999,0.36454400420188904,2.7057584022798435,0.996326877539102,False,False,0.015359999611973763,cast_not_priced,f01,BLOCK_M16_BLOCK_N64_BLOCK_K64_GROUP_M8_SPLIT_K16_num_warps8_num_stages3,0.12102400325238705,0.10915199667215347,1.1087658214433957,0.9936876597906598,False,False,0.005152000114321709,1,decode_bs1,BLOCK_M16_BLOCK_N64_BLOCK_K128_GROUP_M8_SPLIT_K16_num_warps2_num_stages2
0.4175359923392534,0.36454400420188904,1.14536513432276,0.996326877539102,False,False,0.015359999611973763,cast_not_priced,f01,BLOCK_M16_BLOCK_N64_BLOCK_K64_GROUP_M8_SPLIT_K16_num_warps8_num_stages3,0.16582399420440197,0.10915199667215347,1.5192025731097458,0.9936876597906598,False,False,0.005152000114321709,1,decode_bs1,BLOCK_M16_BLOCK_N64_BLOCK_K128_GROUP_M8_SPLIT_K2_num_warps4_num_stages2
0.7170559782534838,0.36454400420188904,1.9669942996960366,0.996326877539102,False,False,0.015359999611973763,cast_not_priced,f01,BLOCK_M16_BLOCK_N64_BLOCK_K64_GROUP_M8_SPLIT_K16_num_warps8_num_stages3,0.7514240276068449,0.10915199667215347,6.884198645159057,0.9936876597906598,False,False,0.005152000114321709,1,decode_bs1,BLOCK_M16_BLOCK_N128_BLOCK_K32_GROUP_M8_SPLIT_K1_num_warps8_num_stages2
0.29824000783264637,0.36454400420188904,0.8181179895842624,0.996326877539102,False,False,0.015359999611973763,cast_not_priced,f01,BLOCK_M16_BLOCK_N64_BLOCK_K64_GROUP_M8_SPLIT_K16_num_warps8_num_stages3,0.22179199568927288,0.10915199667215347,2.0319554607456465,0.9936876597906598,False,False,0.005152000114321709,1,decode_bs1,BLOCK_M16_BLOCK_N128_BLOCK_K32_GROUP_M8_SPLIT_K4_num_warps8_num_stages2
0.42009601183235645,0.36454400420188904,1.1523876596244935,0.996326877539102,False,False,0.015359999611973763,cast_not_priced,f01,BLOCK_M16_BLOCK_N64_BLOCK_K64_GROUP_M8_SPLIT_K16_num_warps8_num_stages3,0.1456000041216612,0.10915199667215347,1.3339197500800846,0.9936876597906598,False,False,0.005152000114321709,0,decode_bs1,BLOCK_M16_BLOCK_N64_BLOCK_K32_GROUP_M8_SPLIT_K8_num_warps8_num_stages2
1.826815964654088,0.36454400420188904,5.011235800335299,0.996326877539102,False,False,0.015359999611973763,cast_not_priced,f01,BLOCK_M16_BLOCK_N64_BLOCK_K64_GROUP_M8_SPLIT_K16_num_warps8_num_stages3,0.4964479934424162,0.10915199667215347,4.548226405180076,0.9936876597906598,False,False,0.005152000114321709,1,decode_bs1,BLOCK_M16_BLOCK_N128_BLOCK_K64_GROUP_M8_SPLIT_K1_num_warps2_num_stages2
2.1895679254084826,0.36454400420188904,6.006319950871753,0.996326877539102,False,False,0.015359999611973763,cast_not_priced,f01,BLOCK_M16_BLOCK_N64_BLOCK_K64_GROUP_M8_SPLIT_K16_num_warps8_num_stages3,0.26035199873149395,0.10915199667215347,2.3852243355060327,0.9936876597906598,False,False,0.005152000114321709,1,decode_bs1,BLOCK_M16_BLOCK_N128_BLOCK_K64_GROUP_M8_SPLIT_K1_num_warps2_num_stages3
0.3450880069285631,0.36454400420188904,0.9466292215780048,0.996326877539102,False,False,0.015359999611973763,cast_not_priced,f01,BLOCK_M16_BLOCK_N64_BLOCK_K64_GROUP_M8_SPLIT_K16_num_warps8_num_stages3,0.11193600110709667,0.10915199667215347,1.0255057582071099,0.9936876597906598,False,False,0.005152000114321709,0,decode_bs1,BLOCK_M16_BLOCK_N128_BLOCK_K64_GROUP_M8_SPLIT_K16_num_warps4_num_stages2
0.32409599609673023,0.36454400420188904,0.8890449228654487,0.996326877539102,False,False,0.015359999611973763,cast_not_priced,f01,BLOCK_M16_BLOCK_N64_BLOCK_K64_GROUP_M8_SPLIT_K16_num_warps8_num_stages3,0.1349440049380064,0.10915199667215347,1.2362944247673382,0.9936876597906598,False,False,0.005152000114321709,0,decode_bs1,BLOCK_M16_BLOCK_N128_BLOCK_K64_GROUP_M8_SPLIT_K16_num_warps8_num_stages2
0.3299840111285448,0.36454400420188904,0.905196649307104,0.996326877539102,False,False,0.015359999611973763,cast_not_priced,f01,BLOCK_M16_BLOCK_N64_BLOCK_K64_GROUP_M8_SPLIT_K16_num_warps8_num_stages3,0.11280000023543835,0.10915199667215347,1.0334213177450335,0.9936876597906598,False,False,0.005152000114321709,0,decode_bs1,BLOCK_M16_BLOCK_N128_BLOCK_K64_GROUP_M8_SPLIT_K16_num_warps4_num_stages3
0.30259201116859913,0.36454400420188904,0.8300562008448776,0.996326877539102,False,False,0.015359999611973763,cast_not_priced,f01,BLOCK_M16_BLOCK_N64_BLOCK_K64_GROUP_M8_SPLIT_K16_num_warps8_num_stages3,0.2543359976261854,0.10915199667215347,2.3301085218816784,0.9936876597906598,False,False,0.005152000114321709,1,decode_bs1,BLOCK_M16_BLOCK_N128_BLOCK_K64_GROUP_M8_SPLIT_K2_num_warps8_num_stages2
0.29644799418747425,0.36454400420188904,0.8132022218730489,0.996326877539102,False,False,0.015359999611973763,cast_not_priced,f01,BLOCK_M16_BLOCK_N64_BLOCK_K64_GROUP_M8_SPLIT_K16_num_warps8_num_stages3,0.15129600279033184,0.10915199667215347,1.3861038497056648,0.9936876597906598,False,False,0.005152000114321709,0,decode_bs1,BLOCK_M16_BLOCK_N128_BLOCK_K64_GROUP_M8_SPLIT_K2_num_warps4_num_stages3
0.33919999189674854,0.36454400420188904,0.9304774951363494,0.996326877539102,False,False,0.015359999611973763,cast_not_priced,f01,BLOCK_M16_BLOCK_N64_BLOCK_K64_GROUP_M8_SPLIT_K16_num_warps8_num_stages3,0.15516799502074718,0.10915199667215347,1.4215772477969995,0.9936876597906598,False,False,0.005152000114321709,0,decode_bs1,BLOCK_M16_BLOCK_N128_BLOCK_K64_GROUP_M8_SPLIT_K4_num_warps4_num_stages2
0.3363840002566576,0.36454400420188904,0.9227527990567743,0.996326877539102,False,False,0.015359999611973763,cast_not_priced,f01,BLOCK_M16_BLOCK_N64_BLOCK_K64_GROUP_M8_SPLIT_K16_num_warps8_num_stages3,0.11462399922311306,0.10915199667215347,1.050131951020513,0.9936876597906598,False,False,0.005152000114321709,0,decode_bs1,BLOCK_M16_BLOCK_N128_BLOCK_K64_GROUP_M8_SPLIT_K8_num_warps4_num_stages2
0.3164159972220659,0.36454400420188904,0.8679775104649116,0.996326877539102,False,False,0.015359999611973763,cast_not_priced,f01,BLOCK_M16_BLOCK_N64_BLOCK_K64_GROUP_M8_SPLIT_K16_num_warps8_num_stages3,0.11251199804246426,0.10915199667215347,1.030782775146137,0.9936876597906598,False,False,0.005152000114321709,0,decode_bs1,BLOCK_M16_BLOCK_N128_BLOCK_K64_GROUP_M8_SPLIT_K8_num_warps4_num_stages3
0.3143680114299059,0.36454400420188904,0.8623595719758566,0.996326877539102,False,False,0.015359999611973763,cast_not_priced,f01,BLOCK_M16_BLOCK_N64_BLOCK_K64_GROUP_M8_SPLIT_K16_num_warps8_num_stages3,0.11283200047910213,0.10915199667215347,1.0337144891449108,0.9936876597906598,False,False,0.005152000114321709,0,decode_bs1,BLOCK_M16_BLOCK_N128_BLOCK_K64_GROUP_M8_SPLIT_K8_num_warps8_num_stages3
0.36044800467789173,0.36454400420188904,0.9887640463790789,0.996326877539102,False,False,0.015359999611973763,cast_not_priced,f01,BLOCK_M16_BLOCK_N64_BLOCK_K64_GROUP_M8_SPLIT_K16_num_warps8_num_stages3,0.13529600016772747,0.10915199667215347,1.2395192419072236,0.9936876597906598,False,False,0.005152000114321709,0,decode_bs1,BLOCK_M16_BLOCK_N64_BLOCK_K64_GROUP_M8_SPLIT_K16_num_warps8_num_stages2
0.3287040013819933,0.36454400420188904,0.9016853866562372,0.996326877539102,False,False,0.015359999611973763,cast_not_priced,f01,BLOCK_M16_BLOCK_N64_BLOCK_K64_GROUP_M8_SPLIT_K16_num_warps8_num_stages3,0.13081599585711956,0.10915199667215347,1.1984755189594525,0.9936876597906598,False,False,0.005152000114321709,0,decode_bs1,BLOCK_M16_BLOCK_N64_BLOCK_K64_GROUP_M8_SPLIT_K16_num_warps4_num_stages3
0.3804160077124834,0.36454400420188904,1.0435393349709416,0.996326877539102,False,False,0.015359999611973763,cast_not_priced,f01,BLOCK_M16_BLOCK_N64_BLOCK_K64_GROUP_M8_SPLIT_K16_num_warps8_num_stages3,0.11462399922311306,0.10915199667215347,1.050131951020513,0.9936876597906598,False,False,0.005152000114321709,0,decode_bs1,BLOCK_M16_BLOCK_N64_BLOCK_K64_GROUP_M8_SPLIT_K16_num_warps8_num_stages3
0.4464640039950609,0.36454400420188904,1.2247190979660265,0.996326877539102,False,False,0.015359999611973763,cast_not_priced,f01,BLOCK_M16_BLOCK_N64_BLOCK_K64_GROUP_M8_SPLIT_K16_num_warps8_num_stages3,0.11392000131309032,0.10915199667215347,1.0436822484819763,0.9936876597906598,False,False,0.005152000114321709,1,decode_bs1,BLOCK_M16_BLOCK_N64_BLOCK_K64_GROUP_M8_SPLIT_K4_num_warps2_num_stages3
1.1176960486918688,0.4257279932498932,2.6253759828186944,0.996326877539102,False,False,0.015359999611973763,cast_not_priced,f01,BLOCK_M16_BLOCK_N64_BLOCK_K64_GROUP_M8_SPLIT_K4_num_warps2_num_stages3,0.27676801197230816,0.10956799983978271,2.5259931036161647,0.9936876597906598,False,False,0.005152000114321709,1,decode_bs1,BLOCK_M16_BLOCK_N64_BLOCK_K128_GROUP_M8_SPLIT_K1_num_warps2_num_stages2
0.37017598934471607,0.4257279932498932,0.8695129172007036,0.996326877539102,False,False,0.015359999611973763,cast_not_priced,f01,BLOCK_M16_BLOCK_N64_BLOCK_K64_GROUP_M8_SPLIT_K4_num_warps2_num_stages3,0.28345601074397564,0.10956799983978271,2.5870328121209023,0.9936876597906598,False,False,0.005152000114321709,1,decode_bs1,BLOCK_M16_BLOCK_N64_BLOCK_K128_GROUP_M8_SPLIT_K1_num_warps8_num_stages2
0.9863680023699999,0.4257279932498932,2.3168972160846915,0.996326877539102,False,False,0.015359999611973763,cast_not_priced,f01,BLOCK_M16_BLOCK_N64_BLOCK_K64_GROUP_M8_SPLIT_K4_num_warps2_num_stages3,0.12102400325238705,0.10956799983978271,1.1045561060652382,0.9936876597906598,False,False,0.005152000114321709,1,decode_bs1,BLOCK_M16_BLOCK_N64_BLOCK_K128_GROUP_M8_SPLIT_K16_num_warps2_num_stages2
0.4175359923392534,0.4257279932498932,0.9807576644229941,0.996326877539102,False,False,0.015359999611973763,cast_not_priced,f01,BLOCK_M16_BLOCK_N64_BLOCK_K64_GROUP_M8_SPLIT_K4_num_warps2_num_stages3,0.16582399420440197,0.10956799983978271,1.5134345287573046,0.9936876597906598,False,False,0.005152000114321709,1,decode_bs1,BLOCK_M16_BLOCK_N64_BLOCK_K128_GROUP_M8_SPLIT_K2_num_warps4_num_stages2
0.7170559782534838,0.4257279932498932,1.6843054476631216,0.996326877539102,False,False,0.015359999611973763,cast_not_priced,f01,BLOCK_M16_BLOCK_N64_BLOCK_K64_GROUP_M8_SPLIT_K4_num_warps2_num_stages3,0.7514240276068449,0.10956799983978271,6.85806100965268,0.9936876597906598,False,False,0.005152000114321709,1,decode_bs1,BLOCK_M16_BLOCK_N128_BLOCK_K32_GROUP_M8_SPLIT_K1_num_warps8_num_stages2
0.29824000783264637,0.4257279932498932,0.7005412201249963,0.996326877539102,False,False,0.015359999611973763,cast_not_priced,f01,BLOCK_M16_BLOCK_N64_BLOCK_K64_GROUP_M8_SPLIT_K4_num_warps2_num_stages3,0.22179199568927288,0.10956799983978271,2.0242406178226418,0.9936876597906598,False,False,0.005152000114321709,1,decode_bs1,BLOCK_M16_BLOCK_N128_BLOCK_K32_GROUP_M8_SPLIT_K4_num_warps8_num_stages2
0.42009601183235645,0.4257279932498932,0.9867709394100592,0.996326877539102,False,False,0.015359999611973763,cast_not_priced,f01,BLOCK_M16_BLOCK_N64_BLOCK_K64_GROUP_M8_SPLIT_K4_num_warps2_num_stages3,0.1456000041216612,0.10956799983978271,1.328855179747433,0.9936876597906598,False,False,0.005152000114321709,1,decode_bs1,BLOCK_M16_BLOCK_N64_BLOCK_K32_GROUP_M8_SPLIT_K8_num_warps8_num_stages2
1.826815964654088,0.4257279932498932,4.291040273646714,0.996326877539102,False,False,0.015359999611973763,cast_not_priced,f01,BLOCK_M16_BLOCK_N64_BLOCK_K64_GROUP_M8_SPLIT_K4_num_warps2_num_stages3,0.4964479934424162,0.10956799983978271,4.530957890701244,0.9936876597906598,False,False,0.005152000114321709,1,decode_bs1,BLOCK_M16_BLOCK_N128_BLOCK_K64_GROUP_M8_SPLIT_K1_num_warps2_num_stages2
2.1895679254084826,0.4257279932498932,5.14311475901293,0.996326877539102,False,False,0.015359999611973763,cast_not_priced,f01,BLOCK_M16_BLOCK_N64_BLOCK_K64_GROUP_M8_SPLIT_K4_num_warps2_num_stages3,0.26035199873149395,0.10956799983978271,2.3761682161963087,0.9936876597906598,False,False,0.005152000114321709,1,decode_bs1,BLOCK_M16_BLOCK_N128_BLOCK_K64_GROUP_M8_SPLIT_K1_num_warps2_num_stages3
0.3450880069285631,0.4257279932498932,0.8105833123498738,0.996326877539102,False,False,0.015359999611973763,cast_not_priced,f01,BLOCK_M16_BLOCK_N64_BLOCK_K64_GROUP_M8_SPLIT_K4_num_warps2_num_stages3,0.11193600110709667,0.10956799983978271,1.0216121611307736,0.9936876597906598,False,False,0.005152000114321709,1,decode_bs1,BLOCK_M16_BLOCK_N128_BLOCK_K64_GROUP_M8_SPLIT_K16_num_warps4_num_stages2
0.32409599609673023,0.4257279932498932,0.7612748074719456,0.996326877539102,False,False,0.015359999611973763,cast_not_priced,f01,BLOCK_M16_BLOCK_N64_BLOCK_K64_GROUP_M8_SPLIT_K4_num_warps2_num_stages3,0.1349440049380064,0.10956799983978271,1.2316005141586055,0.9936876597906598,False,False,0.005152000114321709,1,decode_bs1,BLOCK_M16_BLOCK_N128_BLOCK_K64_GROUP_M8_SPLIT_K16_num_warps8_num_stages2
0.3299840111285448,0.4257279932498932,0.7751052699389943,0.996326877539102,False,False,0.015359999611973763,cast_not_priced,f01,BLOCK_M16_BLOCK_N64_BLOCK_K64_GROUP_M8_SPLIT_K4_num_warps2_num_stages3,0.11280000023543835,0.10956799983978271,1.0294976672055862,0.9936876597906598,False,False,0.005152000114321709,1,decode_bs1,BLOCK_M16_BLOCK_N128_BLOCK_K64_GROUP_M8_SPLIT_K16_num_warps4_num_stages3
0.30259201116859913,0.4257279932498932,0.7107637175998058,0.996326877539102,False,False,0.015359999611973763,cast_not_priced,f01,BLOCK_M16_BLOCK_N64_BLOCK_K64_GROUP_M8_SPLIT_K4_num_warps2_num_stages3,0.2543359976261854,0.10956799983978271,2.321261663972069,0.9936876597906598,False,False,0.005152000114321709,1,decode_bs1,BLOCK_M16_BLOCK_N128_BLOCK_K64_GROUP_M8_SPLIT_K2_num_warps8_num_stages2
0.29644799418747425,0.4257279932498932,0.6963319276340507,0.996326877539102,False,False,0.015359999611973763,cast_not_priced,f01,BLOCK_M16_BLOCK_N64_BLOCK_K64_GROUP_M8_SPLIT_K4_num_warps2_num_stages3,0.15129600279033184,0.10956799983978271,1.3808411489811483,0.9936876597906598,False,False,0.005152000114321709,1,decode_bs1,BLOCK_M16_BLOCK_N128_BLOCK_K64_GROUP_M8_SPLIT_K2_num_warps4_num_stages3
0.33919999189674854,0.4257279932498932,0.7967528498828251,0.996326877539102,False,False,0.015359999611973763,cast_not_priced,f01,BLOCK_M16_BLOCK_N64_BLOCK_K64_GROUP_M8_SPLIT_K4_num_warps2_num_stages3,0.15516799502074718,0.10956799983978271,1.416179863168477,0.9936876597906598,False,False,0.005152000114321709,1,decode_bs1,BLOCK_M16_BLOCK_N128_BLOCK_K64_GROUP_M8_SPLIT_K4_num_warps4_num_stages2
0.3363840002566576,0.4257279932498932,0.7901383174002548,0.996326877539102,False,False,0.015359999611973763,cast_not_priced,f01,BLOCK_M16_BLOCK_N64_BLOCK_K64_GROUP_M8_SPLIT_K4_num_warps2_num_stages3,0.11462399922311306,0.10956799983978271,1.0461448542523688,0.9936876597906598,False,False,0.005152000114321709,1,decode_bs1,BLOCK_M16_BLOCK_N128_BLOCK_K64_GROUP_M8_SPLIT_K8_num_warps4_num_stages2
0.3164159972220659,0.4257279932498932,0.7432351225171527,0.996326877539102,False,False,0.015359999611973763,cast_not_priced,f01,BLOCK_M16_BLOCK_N64_BLOCK_K64_GROUP_M8_SPLIT_K4_num_warps2_num_stages3,0.11251199804246426,0.10956799983978271,1.026869142514114,0.9936876597906598,False,False,0.005152000114321709,1,decode_bs1,BLOCK_M16_BLOCK_N128_BLOCK_K64_GROUP_M8_SPLIT_K8_num_warps4_num_stages3
0.3143680114299059,0.4257279932498932,0.7384245725307018,0.996326877539102,False,False,0.015359999611973763,cast_not_priced,f01,BLOCK_M16_BLOCK_N64_BLOCK_K64_GROUP_M8_SPLIT_K4_num_warps2_num_stages3,0.11283200047910213,0.10956799983978271,1.0297897255046387,0.9936876597906598,False,False,0.005152000114321709,1,decode_bs1,BLOCK_M16_BLOCK_N128_BLOCK_K64_GROUP_M8_SPLIT_K8_num_warps8_num_stages3
0.36044800467789173,0.4257279932498932,0.8466626822594597,0.996326877539102,False,False,0.015359999611973763,cast_not_priced,f01,BLOCK_M16_BLOCK_N64_BLOCK_K64_GROUP_M8_SPLIT_K4_num_warps2_num_stages3,0.13529600016772747,0.10956799983978271,1.2348130874485788,0.9936876597906598,False,False,0.005152000114321709,1,decode_bs1,BLOCK_M16_BLOCK_N64_BLOCK_K64_GROUP_M8_SPLIT_K16_num_warps8_num_stages2
0.3287040013819933,0.4257279932498932,0.7720986324454617,0.996326877539102,False,False,0.015359999611973763,cast_not_priced,f01,BLOCK_M16_BLOCK_N64_BLOCK_K64_GROUP_M8_SPLIT_K4_num_warps2_num_stages3,0.13081599585711956,0.10956799983978271,1.1939251975796492,0.9936876597906598,False,False,0.005152000114321709,1,decode_bs1,BLOCK_M16_BLOCK_N64_BLOCK_K64_GROUP_M8_SPLIT_K16_num_warps4_num_stages3
0.3804160077124834,0.4257279932498932,0.8935658771425617,0.996326877539102,False,False,0.015359999611973763,cast_not_priced,f01,BLOCK_M16_BLOCK_N64_BLOCK_K64_GROUP_M8_SPLIT_K4_num_warps2_num_stages3,0.11462399922311306,0.10956799983978271,1.0461448542523688,0.9936876597906598,False,False,0.005152000114321709,1,decode_bs1,BLOCK_M16_BLOCK_N64_BLOCK_K64_GROUP_M8_SPLIT_K16_num_warps8_num_stages3
0.4464640039950609,0.4257279932498932,1.0487071817544216,0.996326877539102,False,False,0.015359999611973763,cast_not_priced,f01,BLOCK_M16_BLOCK_N64_BLOCK_K64_GROUP_M8_SPLIT_K4_num_warps2_num_stages3,0.11392000131309032,0.10956799983978271,1.0397196396728186,0.9936876597906598,False,False,0.005152000114321709,1,decode_bs1,BLOCK_M16_BLOCK_N64_BLOCK_K64_GROUP_M8_SPLIT_K4_num_warps2_num_stages3
4.443647935986519,4.430335998535156,1.0030047241238056,1.0046949191304386,False,False,0.021503999829292297,,f01,BLOCK_M32_BLOCK_N32_BLOCK_K128_GROUP_M8_SPLIT_K1_num_warps4_num_stages3,0.7101440271362662,0.6988160014152527,1.0162103124400013,1.0006099466896652,False,False,0.00800000037997961,1,decode_bs256,BLOCK_M32_BLOCK_N32_BLOCK_K128_GROUP_M8_SPLIT_K1_num_warps4_num_stages3
9.004800394177437,4.430335998535156,2.032532159446773,1.0046949191304386,False,False,0.021503999829292297,,f01,BLOCK_M32_BLOCK_N32_BLOCK_K128_GROUP_M8_SPLIT_K1_num_warps4_num_stages3,0.8038080176338553,0.6988160014152527,1.1502427191220168,1.0006099466896652,False,False,0.00800000037997961,1,decode_bs256,BLOCK_M128_BLOCK_N128_BLOCK_K32_GROUP_M8_SPLIT_K1_num_warps8_num_stages2
9.772544458508492,4.430335998535156,2.2058246737357345,1.0046949191304386,False,False,0.021503999829292297,,f01,BLOCK_M32_BLOCK_N32_BLOCK_K128_GROUP_M8_SPLIT_K1_num_warps4_num_stages3,0.48425601329654455,0.6988160014152527,0.6929664064872899,1.0006099466896652,False,False,0.00800000037997961,1,decode_bs256,BLOCK_M128_BLOCK_N128_BLOCK_K32_GROUP_M8_SPLIT_K2_num_warps4_num_stages2
8.685823991894722,4.430335998535156,1.960533917690802,1.0046949191304386,False,False,0.021503999829292297,,f01,BLOCK_M32_BLOCK_N32_BLOCK_K128_GROUP_M8_SPLIT_K1_num_warps4_num_stages3,0.5316480239853263,0.6988160014152527,0.76078398735665,1.0006099466896652,False,False,0.00800000037997961,1,decode_bs256,BLOCK_M128_BLOCK_N128_BLOCK_K32_GROUP_M8_SPLIT_K4_num_warps8_num_stages2
33.93177469074726,4.430335998535156,7.658961916650665,1.0046949191304386,False,False,0.021503999829292297,,f01,BLOCK_M32_BLOCK_N32_BLOCK_K128_GROUP_M8_SPLIT_K1_num_warps4_num_stages3,0.5611200174316764,0.6988160014152527,0.8029581696688223,1.0006099466896652,False,False,0.00800000037997961,1,decode_bs256,BLOCK_M128_BLOCK_N32_BLOCK_K32_GROUP_M8_SPLIT_K2_num_warps8_num_stages3
17.355776384472847,4.430335998535156,3.9174853533030793,1.0046949191304386,False,False,0.021503999829292297,,f01,BLOCK_M32_BLOCK_N32_BLOCK_K128_GROUP_M8_SPLIT_K1_num_warps4_num_stages3,0.3790399869903922,0.6988160014152527,0.5424031307565292,1.0006099466896652,False,False,0.00800000037997961,1,decode_bs256,BLOCK_M128_BLOCK_N64_BLOCK_K32_GROUP_M8_SPLIT_K8_num_warps8_num_stages2
3.8794239312410355,4.430335998535156,0.8756500483312611,1.0046949191304386,False,False,0.021503999829292297,,f01,BLOCK_M32_BLOCK_N32_BLOCK_K128_GROUP_M8_SPLIT_K1_num_warps4_num_stages3,0.6296319803223014,0.6988160014152527,0.90099822993057,1.0006099466896652,False,False,0.00800000037997961,1,decode_bs256,BLOCK_M16_BLOCK_N256_BLOCK_K32_GROUP_M8_SPLIT_K1_num_warps4_num_stages3
3.1557119637727737,4.430335998535156,0.712296305475742,1.0046949191304386,False,False,0.021503999829292297,,f01,BLOCK_M32_BLOCK_N32_BLOCK_K128_GROUP_M8_SPLIT_K1_num_warps4_num_stages3,0.8872319897636771,0.6988160014152527,1.269621743015102,1.0006099466896652,False,False,0.00800000037997961,1,decode_bs256,BLOCK_M16_BLOCK_N256_BLOCK_K32_GROUP_M8_SPLIT_K4_num_warps8_num_stages2
6.412032201886177,4.430335998535156,1.4473015599733852,1.0046949191304386,False,False,0.021503999829292297,,f01,BLOCK_M32_BLOCK_N32_BLOCK_K128_GROUP_M8_SPLIT_K1_num_warps4_num_stages3,1.1404800256714225,0.6988160014152527,1.632017617458251,1.0006099466896652,False,False,0.00800000037997961,1,decode_bs256,BLOCK_M16_BLOCK_N64_BLOCK_K32_GROUP_M8_SPLIT_K2_num_warps4_num_stages2
4.078079774975777,4.430335998535156,0.9204899529796725,1.0046949191304386,False,False,0.021503999829292297,,f01,BLOCK_M32_BLOCK_N32_BLOCK_K128_GROUP_M8_SPLIT_K1_num_warps4_num_stages3,0.45270399656146765,0.6988160014152527,0.647815727809101,1.0006099466896652,False,False,0.00800000037997961,1,decode_bs256,BLOCK_M64_BLOCK_N256_BLOCK_K32_GROUP_M8_SPLIT_K8_num_warps4_num_stages2
1.2833280116319656,4.430335998535156,0.28966832584623026,1.0046949191304386,False,False,0.021503999829292297,,f01,BLOCK_M32_BLOCK_N32_BLOCK_K128_GROUP_M8_SPLIT_K1_num_warps4_num_stages3,0.4945599874481559,0.6988160014152527,0.7077113094814165,1.0006099466896652,False,False,0.00800000037997961,1,decode_bs256,BLOCK_M128_BLOCK_N128_BLOCK_K64_GROUP_M8_SPLIT_K1_num_warps8_num_stages2
3.8835199624300003,4.430335998535156,0.8765745902148381,1.0046949191304386,False,False,0.021503999829292297,,f01,BLOCK_M32_BLOCK_N32_BLOCK_K128_GROUP_M8_SPLIT_K1_num_warps4_num_stages3,0.36012799944728613,0.6988160014152527,0.5153402307874312,1.0006099466896652,False,False,0.00800000037997961,1,decode_bs256,BLOCK_M128_BLOCK_N64_BLOCK_K64_GROUP_M8_SPLIT_K4_num_warps4_num_stages2
4.443647935986519,8.862208366394043,0.5014154206571202,1.0046949191304386,False,False,0.021503999829292297,,f01,BLOCK_M128_BLOCK_N128_BLOCK_K32_GROUP_M8_SPLIT_K1_num_warps8_num_stages2,0.7101440271362662,0.7942399978637695,0.8941176836300208,1.0006099466896652,False,False,0.00800000037997961,1,decode_bs256,BLOCK_M32_BLOCK_N32_BLOCK_K128_GROUP_M8_SPLIT_K1_num_warps4_num_stages3
9.004800394177437,8.862208366394043,1.0160898978999535,1.0046949191304386,False,False,0.021503999829292297,,f01,BLOCK_M128_BLOCK_N128_BLOCK_K32_GROUP_M8_SPLIT_K1_num_warps8_num_stages2,0.8038080176338553,0.7942399978637695,1.0120467614270503,1.0006099466896652,False,False,0.00800000037997961,1,decode_bs256,BLOCK_M128_BLOCK_N128_BLOCK_K32_GROUP_M8_SPLIT_K1_num_warps8_num_stages2
9.772544458508492,8.862208366394043,1.1027211338842462,1.0046949191304386,False,False,0.021503999829292297,,f01,BLOCK_M128_BLOCK_N128_BLOCK_K32_GROUP_M8_SPLIT_K1_num_warps8_num_stages2,0.48425601329654455,0.7942399978637695,0.6097099297429309,1.0006099466896652,False,False,0.00800000037997961,1,decode_bs256,BLOCK_M128_BLOCK_N128_BLOCK_K32_GROUP_M8_SPLIT_K2_num_warps4_num_stages2
8.685823991894722,8.862208366394043,0.980097017898137,1.0046949191304386,False,False,0.021503999829292297,,f01,BLOCK_M128_BLOCK_N128_BLOCK_K32_GROUP_M8_SPLIT_K1_num_warps8_num_stages2,0.5316480239853263,0.7942399978637695,0.6693795646344622,1.0006099466896652,False,False,0.00800000037997961,1,decode_bs256,BLOCK_M128_BLOCK_N128_BLOCK_K32_GROUP_M8_SPLIT_K4_num_warps8_num_stages2
33.93177469074726,8.862208366394043,3.828817072211744,1.0046949191304386,False,False,0.021503999829292297,,f01,BLOCK_M128_BLOCK_N128_BLOCK_K32_GROUP_M8_SPLIT_K1_num_warps8_num_stages2,0.5611200174316764,0.7942399978637695,0.7064867281185723,1.0006099466896652,False,False,0.00800000037997961,1,decode_bs256,BLOCK_M128_BLOCK_N32_BLOCK_K32_GROUP_M8_SPLIT_K2_num_warps8_num_stages3
17.355776384472847,8.862208366394043,1.9584031052899702,1.0046949191304386,False,False,0.021503999829292297,,f01,BLOCK_M128_BLOCK_N128_BLOCK_K32_GROUP_M8_SPLIT_K1_num_warps8_num_stages2,0.3790399869903922,0.7942399978637695,0.4772360848230742,1.0006099466896652,False,False,0.00800000037997961,1,decode_bs256,BLOCK_M128_BLOCK_N64_BLOCK_K32_GROUP_M8_SPLIT_K8_num_warps8_num_stages2
3.8794239312410355,8.862208366394043,0.4377491219854425,1.0046949191304386,False,False,0.021503999829292297,,f01,BLOCK_M128_BLOCK_N128_BLOCK_K32_GROUP_M8_SPLIT_K1_num_warps8_num_stages2,0.6296319803223014,0.7942399978637695,0.7927477614018349,1.0006099466896652,False,False,0.00800000037997961,1,decode_bs256,BLOCK_M16_BLOCK_N256_BLOCK_K32_GROUP_M8_SPLIT_K1_num_warps4_num_stages3
3.1557119637727737,8.862208366394043,0.3560864102156973,1.0046949191304386,False,False,0.021503999829292297,,f01,BLOCK_M128_BLOCK_N128_BLOCK_K32_GROUP_M8_SPLIT_K1_num_warps8_num_stages2,0.8872319897636771,0.7942399978637695,1.1170829876989623,1.0006099466896652,False,False,0.00800000037997961,1,decode_bs256,BLOCK_M16_BLOCK_N256_BLOCK_K32_GROUP_M8_SPLIT_K4_num_warps8_num_stages2
6.412032201886177,8.862208366394043,0.7235253265090154,1.0046949191304386,False,False,0.021503999829292297,,f01,BLOCK_M128_BLOCK_N128_BLOCK_K32_GROUP_M8_SPLIT_K1_num_warps8_num_stages2,1.1404800256714225,0.7942399978637695,1.4359387952494445,1.0006099466896652,False,False,0.00800000037997961,1,decode_bs256,BLOCK_M16_BLOCK_N64_BLOCK_K32_GROUP_M8_SPLIT_K2_num_warps4_num_stages2
4.078079774975777,8.862208366394043,0.4601651875440063,1.0046949191304386,False,False,0.021503999829292297,,f01,BLOCK_M128_BLOCK_N128_BLOCK_K32_GROUP_M8_SPLIT_K1_num_warps8_num_stages2,0.45270399656146765,0.7942399978637695,0.5699838811682673,1.0006099466896652,False,False,0.00800000037997961,1,decode_bs256,BLOCK_M64_BLOCK_N256_BLOCK_K32_GROUP_M8_SPLIT_K8_num_warps4_num_stages2
1.2833280116319656,8.862208366394043,0.1448090541967409,1.0046949191304386,False,False,0.021503999829292297,,f01,BLOCK_M128_BLOCK_N128_BLOCK_K32_GROUP_M8_SPLIT_K1_num_warps8_num_stages2,0.4945599874481559,0.7942399978637695,0.6226833057745151,1.0006099466896652,False,False,0.00800000037997961,1,decode_bs256,BLOCK_M128_BLOCK_N128_BLOCK_K64_GROUP_M8_SPLIT_K1_num_warps8_num_stages2
3.8835199624300003,8.862208366394043,0.43821131278706005,1.0046949191304386,False,False,0.021503999829292297,,f01,BLOCK_M128_BLOCK_N128_BLOCK_K32_GROUP_M8_SPLIT_K1_num_warps8_num_stages2,0.36012799944728613,0.7942399978637695,0.453424658057899,1.0006099466896652,False,False,0.00800000037997961,1,decode_bs256,BLOCK_M128_BLOCK_N64_BLOCK_K64_GROUP_M8_SPLIT_K4_num_warps4_num_stages2
4.443647935986519,9.756671905517578,0.4554471011240579,1.0046949191304386,False,False,0.021503999829292297,cast_not_priced,f01,BLOCK_M128_BLOCK_N128_BLOCK_K32_GROUP_M8_SPLIT_K2_num_warps4_num_stages2,0.7101440271362662,0.4765760004520416,1.490096073790289,1.0006099466896652,False,False,0.00800000037997961,1,decode_bs256,BLOCK_M32_BLOCK_N32_BLOCK_K128_GROUP_M8_SPLIT_K1_num_warps4_num_stages3
9.004800394177437,9.756671905517578,0.9229377067691552,1.0046949191304386,False,False,0.021503999829292297,cast_not_priced,f01,BLOCK_M128_BLOCK_N128_BLOCK_K32_GROUP_M8_SPLIT_K2_num_warps4_num_stages2,0.8038080176338553,0.4765760004520416,1.6866313386981882,1.0006099466896652,False,False,0.00800000037997961,1,decode_bs256,BLOCK_M128_BLOCK_N128_BLOCK_K32_GROUP_M8_SPLIT_K1_num_warps8_num_stages2
9.772544458508492,9.756671905517578,1.001626840908931,1.0046949191304386,False,False,0.021503999829292297,cast_not_priced,f01,BLOCK_M128_BLOCK_N128_BLOCK_K32_GROUP_M8_SPLIT_K2_num_warps4_num_stages2,0.48425601329654455,0.4765760004520416,1.0161149802701317,1.0006099466896652,False,False,0.00800000037997961,1,decode_bs256,BLOCK_M128_BLOCK_N128_BLOCK_K32_GROUP_M8_SPLIT_K2_num_warps4_num_stages2
8.685823991894722,9.756671905517578,0.890244550191621,1.0046949191304386,False,False,0.021503999829292297,cast_not_priced,f01,BLOCK_M128_BLOCK_N128_BLOCK_K32_GROUP_M8_SPLIT_K2_num_warps4_num_stages2,0.5316480239853263,0.4765760004520416,1.1155576938012988,1.0006099466896652,False,False,0.00800000037997961,1,decode_bs256,BLOCK_M128_BLOCK_N128_BLOCK_K32_GROUP_M8_SPLIT_K4_num_warps8_num_stages2
33.93177469074726,9.756671905517578,3.4778021664906262,1.0046949191304386,False,False,0.021503999829292297,cast_not_priced,f01,BLOCK_M128_BLOCK_N128_BLOCK_K32_GROUP_M8_SPLIT_K2_num_warps4_num_stages2,0.5611200174316764,0.4765760004520416,1.1773988134094941,1.0006099466896652,False,False,0.00800000037997961,1,decode_bs256,BLOCK_M128_BLOCK_N32_BLOCK_K32_GROUP_M8_SPLIT_K2_num_warps8_num_stages3
17.355776384472847,9.756671905517578,1.778862357220174,1.0046949191304386,False,False,0.021503999829292297,cast_not_priced,f01,BLOCK_M128_BLOCK_N128_BLOCK_K32_GROUP_M8_SPLIT_K2_num_warps4_num_stages2,0.3790399869903922,0.4765760004520416,0.7953400646085103,1.0006099466896652,False,False,0.00800000037997961,1,decode_bs256,BLOCK_M128_BLOCK_N64_BLOCK_K32_GROUP_M8_SPLIT_K8_num_warps8_num_stages2
3.8794239312410355,9.756671905517578,0.39761754508185826,1.0046949191304386,False,False,0.021503999829292297,cast_not_priced,f01,BLOCK_M128_BLOCK_N128_BLOCK_K32_GROUP_M8_SPLIT_K2_num_warps4_num_stages2,0.6296319803223014,0.4765760004520416,1.321157548271594,1.0006099466896652,False,False,0.00800000037997961,1,decode_bs256,BLOCK_M16_BLOCK_N256_BLOCK_K32_GROUP_M8_SPLIT_K1_num_warps4_num_stages3
3.1557119637727737,9.756671905517578,0.3234414351873573,1.0046949191304386,False,False,0.021503999829292297,cast_not_priced,f01,BLOCK_M128_BLOCK_N128_BLOCK_K32_GROUP_M8_SPLIT_K2_num_warps4_num_stages2,0.8872319897636771,0.4765760004520416,1.8616799606403183,1.0006099466896652,False,False,0.00800000037997961,1,decode_bs256,BLOCK_M16_BLOCK_N256_BLOCK_K32_GROUP_M8_SPLIT_K4_num_warps8_num_stages2
6.412032201886177,9.756671905517578,0.6571946114391788,1.0046949191304386,False,False,0.021503999829292297,cast_not_priced,f01,BLOCK_M128_BLOCK_N128_BLOCK_K32_GROUP_M8_SPLIT_K2_num_warps4_num_stages2,1.1404800256714225,0.4765760004520416,2.393070621662977,1.0006099466896652,False,False,0.00800000037997961,1,decode_bs256,BLOCK_M16_BLOCK_N64_BLOCK_K32_GROUP_M8_SPLIT_K2_num_warps4_num_stages2
4.078079774975777,9.756671905517578,0.4179785704046835,1.0046949191304386,False,False,0.021503999829292297,cast_not_priced,f01,BLOCK_M128_BLOCK_N128_BLOCK_K32_GROUP_M8_SPLIT_K2_num_warps4_num_stages2,0.45270399656146765,0.4765760004520416,0.9499093452714134,1.0006099466896652,False,False,0.00800000037997961,1,decode_bs256,BLOCK_M64_BLOCK_N256_BLOCK_K32_GROUP_M8_SPLIT_K8_num_warps4_num_stages2
1.2833280116319656,9.756671905517578,0.13153337778082094,1.0046949191304386,False,False,0.021503999829292297,cast_not_priced,f01,BLOCK_M128_BLOCK_N128_BLOCK_K32_GROUP_M8_SPLIT_K2_num_warps4_num_stages2,0.4945599874481559,0.4765760004520416,1.0377358217347414,1.0006099466896652,False,False,0.00800000037997961,1,decode_bs256,BLOCK_M128_BLOCK_N128_BLOCK_K64_GROUP_M8_SPLIT_K1_num_warps8_num_stages2
3.8835199624300003,9.756671905517578,0.39803736356388064,1.0046949191304386,False,False,0.021503999829292297,cast_not_priced,f01,BLOCK_M128_BLOCK_N128_BLOCK_K32_GROUP_M8_SPLIT_K2_num_warps4_num_stages2,0.36012799944728613,0.4765760004520416,0.7556570182000304,1.0006099466896652,False,False,0.00800000037997961,1,decode_bs256,BLOCK_M128_BLOCK_N64_BLOCK_K64_GROUP_M8_SPLIT_K4_num_warps4_num_stages2
4.443647935986519,8.736767768859863,0.5086146334145275,1.0046949191304386,False,False,0.021503999829292297,cast_not_priced,f01,BLOCK_M128_BLOCK_N128_BLOCK_K32_GROUP_M8_SPLIT_K4_num_warps8_num_stages2,0.7101440271362662,0.4543040096759796,1.5631471702016404,1.0006099466896652,False,False,0.00800000037997961,1,decode_bs256,BLOCK_M32_BLOCK_N32_BLOCK_K128_GROUP_M8_SPLIT_K1_num_warps4_num_stages3
9.004800394177437,8.736767768859863,1.030678694044371,1.0046949191304386,False,False,0.021503999829292297,cast_not_priced,f01,BLOCK_M128_BLOCK_N128_BLOCK_K32_GROUP_M8_SPLIT_K4_num_warps8_num_stages2,0.8038080176338553,0.4543040096759796,1.769317462566862,1.0006099466896652,False,False,0.00800000037997961,1,decode_bs256,BLOCK_M128_BLOCK_N128_BLOCK_K32_GROUP_M8_SPLIT_K1_num_warps8_num_stages2
9.772544458508492,8.736767768859863,1.118553762335358,1.0046949191304386,False,False,0.021503999829292297,cast_not_priced,f01,BLOCK_M128_BLOCK_N128_BLOCK_K32_GROUP_M8_SPLIT_K4_num_warps8_num_stages2,0.48425601329654455,0.4543040096759796,1.065929428274092,1.0006099466896652,False,False,0.00800000037997961,1,decode_bs256,BLOCK_M128_BLOCK_N128_BLOCK_K32_GROUP_M8_SPLIT_K2_num_warps4_num_stages2
8.685823991894722,8.736767768859863,0.9941690361569735,1.0046949191304386,False,False,0.021503999829292297,cast_not_priced,f01,BLOCK_M128_BLOCK_N128_BLOCK_K32_GROUP_M8_SPLIT_K4_num_warps8_num_stages2,0.5316480239853263,0.4543040096759796,1.1702472632026961,1.0006099466896652,False,False,0.00800000037997961,1,decode_bs256,BLOCK_M128_BLOCK_N128_BLOCK_K32_GROUP_M8_SPLIT_K4_num_warps8_num_stages2
33.93177469074726,8.736767768859863,3.883790388899774,1.0046949191304386,False,False,0.021503999829292297,cast_not_priced,f01,BLOCK_M128_BLOCK_N128_BLOCK_K32_GROUP_M8_SPLIT_K4_num_warps8_num_stages2,0.5611200174316764,0.4543040096759796,1.2351201078587892,1.0006099466896652,False,False,0.00800000037997961,1,decode_bs256,BLOCK_M128_BLOCK_N32_BLOCK_K32_GROUP_M8_SPLIT_K2_num_warps8_num_stages3
17.355776384472847,8.736767768859863,1.9865214280197987,1.0046949191304386,False,False,0.021503999829292297,cast_not_priced,f01,BLOCK_M128_BLOCK_N128_BLOCK_K32_GROUP_M8_SPLIT_K4_num_warps8_num_stages2,0.3790399869903922,0.4543040096759796,0.8343311503253791,1.0006099466896652,False,False,0.00800000037997961,1,decode_bs256,BLOCK_M128_BLOCK_N64_BLOCK_K32_GROUP_M8_SPLIT_K8_num_warps8_num_stages2
3.8794239312410355,8.736767768859863,0.44403422797482633,1.0046949191304386,False,False,0.021503999829292297,cast_not_priced,f01,BLOCK_M128_BLOCK_N128_BLOCK_K32_GROUP_M8_SPLIT_K4_num_warps8_num_stages2,0.6296319803223014,0.4543040096759796,1.385926531380099,1.0006099466896652,False,False,0.00800000037997961,1,decode_bs256,BLOCK_M16_BLOCK_N256_BLOCK_K32_GROUP_M8_SPLIT_K1_num_warps4_num_stages3
3.1557119637727737,8.736767768859863,0.36119902088053213,1.0046949191304386,False,False,0.021503999829292297,cast_not_priced,f01,BLOCK_M128_BLOCK_N128_BLOCK_K32_GROUP_M8_SPLIT_K4_num_warps8_num_stages2,0.8872319897636771,0.4543040096759796,1.9529477417478045,1.0006099466896652,False,False,0.00800000037997961,1,decode_bs256,BLOCK_M16_BLOCK_N256_BLOCK_K32_GROUP_M8_SPLIT_K4_num_warps8_num_stages2
6.412032201886177,8.736767768859863,0.7339135446337884,1.0046949191304386,False,False,0.021503999829292297,cast_not_priced,f01,BLOCK_M128_BLOCK_N128_BLOCK_K32_GROUP_M8_SPLIT_K4_num_warps8_num_stages2,1.1404800256714225,0.4543040096759796,2.5103895219521393,1.0006099466896652,False,False,0.00800000037997961,1,decode_bs256,BLOCK_M16_BLOCK_N64_BLOCK_K32_GROUP_M8_SPLIT_K2_num_warps4_num_stages2
4.078079774975777,8.736767768859863,0.46677213849166566,1.0046949191304386,False,False,0.021503999829292297,cast_not_priced,f01,BLOCK_M128_BLOCK_N128_BLOCK_K32_GROUP_M8_SPLIT_K4_num_warps8_num_stages2,0.45270399656146765,0.4543040096759796,0.9964781003899721,1.0006099466896652,False,False,0.00800000037997961,1,decode_bs256,BLOCK_M64_BLOCK_N256_BLOCK_K32_GROUP_M8_SPLIT_K8_num_warps4_num_stages2
1.2833280116319656,8.736767768859863,0.14688819087146668,1.0046949191304386,False,False,0.021503999829292297,cast_not_priced,f01,BLOCK_M128_BLOCK_N128_BLOCK_K32_GROUP_M8_SPLIT_K4_num_warps8_num_stages2,0.4945599874481559,0.4543040096759796,1.0886102189608402,1.0006099466896652,False,False,0.00800000037997961,1,decode_bs256,BLOCK_M128_BLOCK_N128_BLOCK_K64_GROUP_M8_SPLIT_K1_num_warps8_num_stages2
3.8835199624300003,8.736767768859863,0.44450305481071456,1.0046949191304386,False,False,0.021503999829292297,cast_not_priced,f01,BLOCK_M128_BLOCK_N128_BLOCK_K32_GROUP_M8_SPLIT_K4_num_warps8_num_stages2,0.36012799944728613,0.4543040096759796,0.7927026655655933,1.0006099466896652,False,False,0.00800000037997961,1,decode_bs256,BLOCK_M128_BLOCK_N64_BLOCK_K64_GROUP_M8_SPLIT_K4_num_warps4_num_stages2
4.443647935986519,34.690303802490234,0.1280948117746819,1.0046949191304386,False,False,0.021503999829292297,cast_not_priced,f01,BLOCK_M128_BLOCK_N32_BLOCK_K32_GROUP_M8_SPLIT_K2_num_warps8_num_stages3,0.7101440271362662,0.5624319911003113,1.2626309284914239,1.0006099466896652,False,False,0.00800000037997961,1,decode_bs256,BLOCK_M32_BLOCK_N32_BLOCK_K128_GROUP_M8_SPLIT_K1_num_warps4_num_stages3
9.004800394177437,34.690303802490234,0.2595768675145194,1.0046949191304386,False,False,0.021503999829292297,cast_not_priced,f01,BLOCK_M128_BLOCK_N32_BLOCK_K32_GROUP_M8_SPLIT_K2_num_warps8_num_stages3,0.8038080176338553,0.5624319911003113,1.4291648241084742,1.0006099466896652,False,False,0.00800000037997961,1,decode_bs256,BLOCK_M128_BLOCK_N128_BLOCK_K32_GROUP_M8_SPLIT_K1_num_warps8_num_stages2
9.772544458508492,34.690303802490234,0.28170824084299234,1.0046949191304386,False,False,0.021503999829292297,cast_not_priced,f01,BLOCK_M128_BLOCK_N32_BLOCK_K32_GROUP_M8_SPLIT_K2_num_warps8_num_stages3,0.48425601329654455,0.5624319911003113,0.8610036785944066,1.0006099466896652,False,False,0.00800000037997961,1,decode_bs256,BLOCK_M128_BLOCK_N128_BLOCK_K32_GROUP_M8_SPLIT_K2_num_warps4_num_stages2
8.685823991894722,34.690303802490234,0.2503818946454776,1.0046949191304386,False,False,0.021503999829292297,cast_not_priced,f01,BLOCK_M128_BLOCK_N32_BLOCK_K32_GROUP_M8_SPLIT_K2_num_warps8_num_stages3,0.5316480239853263,0.5624319911003113,0.9452663297925836,1.0006099466896652,False,False,0.00800000037997961,1,decode_bs256,BLOCK_M128_BLOCK_N128_BLOCK_K32_GROUP_M8_SPLIT_K4_num_warps8_num_stages2
33.93177469074726,34.690303802490234,0.9781342614910014,1.0046949191304386,False,False,0.021503999829292297,cast_not_priced,f01,BLOCK_M128_BLOCK_N32_BLOCK_K32_GROUP_M8_SPLIT_K2_num_warps8_num_stages3,0.5611200174316764,0.5624319911003113,0.9976673203349116,1.0006099466896652,False,False,0.00800000037997961,1,decode_bs256,BLOCK_M128_BLOCK_N32_BLOCK_K32_GROUP_M8_SPLIT_K2_num_warps8_num_stages3
17.355776384472847,34.690303802490234,0.5003062666527287,1.0046949191304386,False,False,0.021503999829292297,cast_not_priced,f01,BLOCK_M128_BLOCK_N32_BLOCK_K32_GROUP_M8_SPLIT_K2_num_warps8_num_stages3,0.3790399869903922,0.5624319911003113,0.6739303471142511,1.0006099466896652,False,False,0.00800000037997961,1,decode_bs256,BLOCK_M128_BLOCK_N64_BLOCK_K32_GROUP_M8_SPLIT_K8_num_warps8_num_stages2
3.8794239312410355,34.690303802490234,0.11183020919414814,1.0046949191304386,False,False,0.021503999829292297,cast_not_priced,f01,BLOCK_M128_BLOCK_N32_BLOCK_K32_GROUP_M8_SPLIT_K2_num_warps8_num_stages3,0.6296319803223014,0.5624319911003113,1.1194810933327668,1.0006099466896652,False,False,0.00800000037997961,1,decode_bs256,BLOCK_M16_BLOCK_N256_BLOCK_K32_GROUP_M8_SPLIT_K1_num_warps4_num_stages3
3.1557119637727737,34.690303802490234,0.09096812705186634,1.0046949191304386,False,False,0.021503999829292297,cast_not_priced,f01,BLOCK_M128_BLOCK_N32_BLOCK_K32_GROUP_M8_SPLIT_K2_num_warps8_num_stages3,0.8872319897636771,0.5624319911003113,1.577492041354093,1.0006099466896652,False,False,0.00800000037997961,1,decode_bs256,BLOCK_M16_BLOCK_N256_BLOCK_K32_GROUP_M8_SPLIT_K4_num_warps8_num_stages2
6.412032201886177,34.690303802490234,0.1848364384005738,1.0046949191304386,False,False,0.021503999829292297,cast_not_priced,f01,BLOCK_M128_BLOCK_N32_BLOCK_K32_GROUP_M8_SPLIT_K2_num_warps8_num_stages3,1.1404800256714225,0.5624319911003113,2.027765212004121,1.0006099466896652,False,False,0.00800000037997961,1,decode_bs256,BLOCK_M16_BLOCK_N64_BLOCK_K32_GROUP_M8_SPLIT_K2_num_warps4_num_stages2
4.078079774975777,34.690303802490234,0.11755676162983135,1.0046949191304386,False,False,0.021503999829292297,cast_not_priced,f01,BLOCK_M128_BLOCK_N32_BLOCK_K32_GROUP_M8_SPLIT_K2_num_warps8_num_stages3,0.45270399656146765,0.5624319911003113,0.8049044217343011,1.0006099466896652,False,False,0.00800000037997961,1,decode_bs256,BLOCK_M64_BLOCK_N256_BLOCK_K32_GROUP_M8_SPLIT_K8_num_warps4_num_stages2
1.2833280116319656,34.690303802490234,0.03699385335275854,1.0046949191304386,False,False,0.021503999829292297,cast_not_priced,f01,BLOCK_M128_BLOCK_N32_BLOCK_K32_GROUP_M8_SPLIT_K2_num_warps8_num_stages3,0.4945599874481559,0.5624319911003113,0.8793240698855442,1.0006099466896652,False,False,0.00800000037997961,1,decode_bs256,BLOCK_M128_BLOCK_N128_BLOCK_K64_GROUP_M8_SPLIT_K1_num_warps8_num_stages2
3.8835199624300003,34.690303802490234,0.11194828343219129,1.0046949191304386,False,False,0.021503999829292297,cast_not_priced,f01,BLOCK_M128_BLOCK_N32_BLOCK_K32_GROUP_M8_SPLIT_K2_num_warps8_num_stages3,0.36012799944728613,0.5624319911003113,0.6403049704600753,1.0006099466896652,False,False,0.00800000037997961,1,decode_bs256,BLOCK_M128_BLOCK_N64_BLOCK_K64_GROUP_M8_SPLIT_K4_num_warps4_num_stages2
4.443647935986519,17.294591903686523,0.2569385829242556,1.0046949191304386,False,False,0.021503999829292297,cast_not_priced,f01,BLOCK_M128_BLOCK_N64_BLOCK_K32_GROUP_M8_SPLIT_K8_num_warps8_num_stages2,0.7101440271362662,0.37171199917793274,1.910468396787835,1.0006099466896652,False,False,0.00800000037997961,1,decode_bs256,BLOCK_M32_BLOCK_N32_BLOCK_K128_GROUP_M8_SPLIT_K1_num_warps4_num_stages3
9.004800394177437,17.294591903686523,0.520671458703687,1.0046949191304386,False,False,0.021503999829292297,cast_not_priced,f01,BLOCK_M128_BLOCK_N64_BLOCK_K32_GROUP_M8_SPLIT_K8_num_warps8_num_stages2,0.8038080176338553,0.37171199917793274,2.1624483993294095,1.0006099466896652,False,False,0.00800000037997961,1,decode_bs256,BLOCK_M128_BLOCK_N128_BLOCK_K32_GROUP_M8_SPLIT_K1_num_warps8_num_stages2
9.772544458508492,17.294591903686523,0.5650636056017818,1.0046949191304386,False,False,0.021503999829292297,cast_not_priced,f01,BLOCK_M128_BLOCK_N64_BLOCK_K32_GROUP_M8_SPLIT_K8_num_warps8_num_stages2,0.48425601329654455,0.37171199917793274,1.3027720772197584,1.0006099466896652,False,False,0.00800000037997961,1,decode_bs256,BLOCK_M128_BLOCK_N128_BLOCK_K32_GROUP_M8_SPLIT_K2_num_warps4_num_stages2
8.685823991894722,17.294591903686523,0.5022277507480964,1.0046949191304386,False,False,0.021503999829292297,cast_not_priced,f01,BLOCK_M128_BLOCK_N64_BLOCK_K32_GROUP_M8_SPLIT_K8_num_warps8_num_stages2,0.5316480239853263,0.37171199917793274,1.4302686627311019,1.0006099466896652,False,False,0.00800000037997961,1,decode_bs256,BLOCK_M128_BLOCK_N128_BLOCK_K32_GROUP_M8_SPLIT_K4_num_warps8_num_stages2
33.93177469074726,17.294591903686523,1.9619875900925046,1.0046949191304386,False,False,0.021503999829292297,cast_not_priced,f01,BLOCK_M128_BLOCK_N64_BLOCK_K32_GROUP_M8_SPLIT_K8_num_warps8_num_stages2,0.5611200174316764,0.37171199917793274,1.5095558353581073,1.0006099466896652,False,False,0.00800000037997961,1,decode_bs256,BLOCK_M128_BLOCK_N32_BLOCK_K32_GROUP_M8_SPLIT_K2_num_warps8_num_stages3
17.355776384472847,17.294591903686523,1.003537781124126,1.0046949191304386,False,False,0.021503999829292297,cast_not_priced,f01,BLOCK_M128_BLOCK_N64_BLOCK_K32_GROUP_M8_SPLIT_K8_num_warps8_num_stages2,0.3790399869903922,0.37171199917793274,1.0197141545838333,1.0006099466896652,False,False,0.00800000037997961,1,decode_bs256,BLOCK_M128_BLOCK_N64_BLOCK_K32_GROUP_M8_SPLIT_K8_num_warps8_num_stages2
3.8794239312410355,17.294591903686523,0.2243142800272781,1.0046949191304386,False,False,0.021503999829292297,cast_not_priced,f01,BLOCK_M128_BLOCK_N64_BLOCK_K32_GROUP_M8_SPLIT_K8_num_warps8_num_stages2,0.6296319803223014,0.37171199917793274,1.6938704742240682,1.0006099466896652,False,False,0.00800000037997961,1,decode_bs256,BLOCK_M16_BLOCK_N256_BLOCK_K32_GROUP_M8_SPLIT_K1_num_warps4_num_stages3
3.1557119637727737,17.294591903686523,0.18246813693823563,1.0046949191304386,False,False,0.021503999829292297,cast_not_priced,f01,BLOCK_M128_BLOCK_N64_BLOCK_K32_GROUP_M8_SPLIT_K8_num_warps8_num_stages2,0.8872319897636771,0.37171199917793274,2.3868801430296926,1.0006099466896652,False,False,0.00800000037997961,1,decode_bs256,BLOCK_M16_BLOCK_N256_BLOCK_K32_GROUP_M8_SPLIT_K4_num_warps8_num_stages2
6.412032201886177,17.294591903686523,0.37075359959892346,1.0046949191304386,False,False,0.021503999829292297,cast_not_priced,f01,BLOCK_M128_BLOCK_N64_BLOCK_K32_GROUP_M8_SPLIT_K8_num_warps8_num_stages2,1.1404800256714225,0.37171199917793274,3.0681818940299865,1.0006099466896652,False,False,0.00800000037997961,1,decode_bs256,BLOCK_M16_BLOCK_N64_BLOCK_K32_GROUP_M8_SPLIT_K2_num_warps4_num_stages2
4.078079774975777,17.294591903686523,0.23580086755944157,1.0046949191304386,False,False,0.021503999829292297,cast_not_priced,f01,BLOCK_M128_BLOCK_N64_BLOCK_K32_GROUP_M8_SPLIT_K8_num_warps8_num_stages2,0.45270399656146765,0.37171199917793274,1.2178891119002195,1.0006099466896652,False,False,0.00800000037997961,1,decode_bs256,BLOCK_M64_BLOCK_N256_BLOCK_K32_GROUP_M8_SPLIT_K8_num_warps4_num_stages2
1.2833280116319656,17.294591903686523,0.07420400659228107,1.0046949191304386,False,False,0.021503999829292297,cast_not_priced,f01,BLOCK_M128_BLOCK_N64_BLOCK_K32_GROUP_M8_SPLIT_K8_num_warps8_num_stages2,0.4945599874481559,0.37171199917793274,1.3304923934172428,1.0006099466896652,False,False,0.00800000037997961,1,decode_bs256,BLOCK_M128_BLOCK_N128_BLOCK_K64_GROUP_M8_SPLIT_K1_num_warps8_num_stages2
3.8835199624300003,17.294591903686523,0.2245511188733044,1.0046949191304386,False,False,0.021503999829292297,cast_not_priced,f01,BLOCK_M128_BLOCK_N64_BLOCK_K32_GROUP_M8_SPLIT_K8_num_warps8_num_stages2,0.36012799944728613,0.37171199917793274,0.9688360888099781,1.0006099466896652,False,False,0.00800000037997961,1,decode_bs256,BLOCK_M128_BLOCK_N64_BLOCK_K64_GROUP_M8_SPLIT_K4_num_warps4_num_stages2
4.443647935986519,3.852799892425537,1.1533554973157487,1.0046949191304386,False,False,0.021503999829292297,,f01,BLOCK_M16_BLOCK_N256_BLOCK_K32_GROUP_M8_SPLIT_K1_num_warps4_num_stages3,0.7101440271362662,0.6075839996337891,1.1687997504284073,1.0006099466896652,False,False,0.00800000037997961,1,decode_bs256,BLOCK_M32_BLOCK_N32_BLOCK_K128_GROUP_M8_SPLIT_K1_num_warps4_num_stages3
9.004800394177437,3.852799892425537,2.3372094698924135,1.0046949191304386,False,False,0.021503999829292297,,f01,BLOCK_M16_BLOCK_N256_BLOCK_K32_GROUP_M8_SPLIT_K1_num_warps4_num_stages3,0.8038080176338553,0.6075839996337891,1.322957843060938,1.0006099466896652,False,False,0.00800000037997961,1,decode_bs256,BLOCK_M128_BLOCK_N128_BLOCK_K32_GROUP_M8_SPLIT_K1_num_warps8_num_stages2
9.772544458508492,3.852799892425537,2.5364785951434836,1.0046949191304386,False,False,0.021503999829292297,,f01,BLOCK_M16_BLOCK_N256_BLOCK_K32_GROUP_M8_SPLIT_K1_num_warps4_num_stages3,0.48425601329654455,0.6075839996337891,0.7970190353735807,1.0006099466896652,False,False,0.00800000037997961,1,decode_bs256,BLOCK_M128_BLOCK_N128_BLOCK_K32_GROUP_M8_SPLIT_K2_num_warps4_num_stages2
8.685823991894722,3.852799892425537,2.2544186654933034,1.0046949191304386,False,False,0.021503999829292297,,f01,BLOCK_M16_BLOCK_N256_BLOCK_K32_GROUP_M8_SPLIT_K1_num_warps4_num_stages3,0.5316480239853263,0.6075839996337891,0.8750197903594699,1.0006099466896652,False,False,0.00800000037997961,1,decode_bs256,BLOCK_M128_BLOCK_N128_BLOCK_K32_GROUP_M8_SPLIT_K4_num_warps8_num_stages2
33.93177469074726,3.852799892425537,8.807043095452707,1.0046949191304386,False,False,0.021503999829292297,,f01,BLOCK_M16_BLOCK_N256_BLOCK_K32_GROUP_M8_SPLIT_K1_num_warps4_num_stages3,0.5611200174316764,0.6075839996337891,0.9235266527260131,1.0006099466896652,False,False,0.00800000037997961,1,decode_bs256,BLOCK_M128_BLOCK_N32_BLOCK_K32_GROUP_M8_SPLIT_K2_num_warps8_num_stages3
17.355776384472847,3.852799892425537,4.504717833540658,1.0046949191304386,False,False,0.021503999829292297,,f01,BLOCK_M16_BLOCK_N256_BLOCK_K32_GROUP_M8_SPLIT_K1_num_warps4_num_stages3,0.3790399869903922,0.6075839996337891,0.6238478748927755,1.0006099466896652,False,False,0.00800000037997961,1,decode_bs256,BLOCK_M128_BLOCK_N64_BLOCK_K32_GROUP_M8_SPLIT_K8_num_warps8_num_stages2
3.8794239312410355,3.852799892425537,1.0069103092708864,1.0046949191304386,False,False,0.021503999829292297,,f01,BLOCK_M16_BLOCK_N256_BLOCK_K32_GROUP_M8_SPLIT_K1_num_warps4_num_stages3,0.6296319803223014,0.6075839996337891,1.0362879547549004,1.0006099466896652,False,False,0.00800000037997961,1,decode_bs256,BLOCK_M16_BLOCK_N256_BLOCK_K32_GROUP_M8_SPLIT_K1_num_warps4_num_stages3
3.1557119637727737,3.852799892425537,0.8190697809083693,1.0046949191304386,False,False,0.021503999829292297,,f01,BLOCK_M16_BLOCK_N256_BLOCK_K32_GROUP_M8_SPLIT_K1_num_warps4_num_stages3,0.8872319897636771,0.6075839996337891,1.4602622687536886,1.0006099466896652,False,False,0.00800000037997961,1,decode_bs256,BLOCK_M16_BLOCK_N256_BLOCK_K32_GROUP_M8_SPLIT_K4_num_warps8_num_stages2
6.412032201886177,3.852799892425537,1.6642525905619954,1.0046949191304386,False,False,0.021503999829292297,,f01,BLOCK_M16_BLOCK_N256_BLOCK_K32_GROUP_M8_SPLIT_K1_num_warps4_num_stages3,1.1404800256714225,0.6075839996337891,1.8770738307111896,1.0006099466896652,False,False,0.00800000037997961,1,decode_bs256,BLOCK_M16_BLOCK_N64_BLOCK_K32_GROUP_M8_SPLIT_K2_num_warps4_num_stages2
4.078079774975777,3.852799892425537,1.0584717319456771,1.0046949191304386,False,False,0.021503999829292297,,f01,BLOCK_M16_BLOCK_N256_BLOCK_K32_GROUP_M8_SPLIT_K1_num_warps4_num_stages3,0.45270399656146765,0.6075839996337891,0.7450887397204786,1.0006099466896652,False,False,0.00800000037997961,1,decode_bs256,BLOCK_M64_BLOCK_N256_BLOCK_K32_GROUP_M8_SPLIT_K8_num_warps4_num_stages2
1.2833280116319656,3.852799892425537,0.33308971331600723,1.0046949191304386,False,False,0.021503999829292297,,f01,BLOCK_M16_BLOCK_N256_BLOCK_K32_GROUP_M8_SPLIT_K1_num_warps4_num_stages3,0.4945599874481559,0.6075839996337891,0.8139779647690583,1.0006099466896652,False,False,0.00800000037997961,1,decode_bs256,BLOCK_M128_BLOCK_N128_BLOCK_K64_GROUP_M8_SPLIT_K1_num_warps8_num_stages2
3.8835199624300003,3.852799892425537,1.0079734403193008,1.0046949191304386,False,False,0.021503999829292297,,f01,BLOCK_M16_BLOCK_N256_BLOCK_K32_GROUP_M8_SPLIT_K1_num_warps4_num_stages3,0.36012799944728613,0.6075839996337891,0.5927213350982699,1.0006099466896652,False,False,0.00800000037997961,1,decode_bs256,BLOCK_M128_BLOCK_N64_BLOCK_K64_GROUP_M8_SPLIT_K4_num_warps4_num_stages2
4.443647935986519,3.1352319717407227,1.4173266846087138,1.0046949191304386,False,False,0.021503999829292297,cast_not_priced,f01,BLOCK_M16_BLOCK_N256_BLOCK_K32_GROUP_M8_SPLIT_K4_num_warps8_num_stages2,0.7101440271362662,0.8751040101051331,0.8114967123176033,1.0006099466896652,False,False,0.00800000037997961,1,decode_bs256,BLOCK_M32_BLOCK_N32_BLOCK_K128_GROUP_M8_SPLIT_K1_num_warps4_num_stages3
9.004800394177437,3.1352319717407227,2.872132102294763,1.0046949191304386,False,False,0.021503999829292297,cast_not_priced,f01,BLOCK_M16_BLOCK_N256_BLOCK_K32_GROUP_M8_SPLIT_K4_num_warps8_num_stages2,0.8038080176338553,0.8751040101051331,0.9185285501517558,1.0006099466896652,False,False,0.00800000037997961,1,decode_bs256,BLOCK_M128_BLOCK_N128_BLOCK_K32_GROUP_M8_SPLIT_K1_num_warps8_num_stages2
9.772544458508492,3.1352319717407227,3.117008421256512,1.0046949191304386,False,False,0.021503999829292297,cast_not_priced,f01,BLOCK_M16_BLOCK_N256_BLOCK_K32_GROUP_M8_SPLIT_K4_num_warps8_num_stages2,0.48425601329654455,0.8751040101051331,0.5533696654393883,1.0006099466896652,False,False,0.00800000037997961,1,decode_bs256,BLOCK_M128_BLOCK_N128_BLOCK_K32_GROUP_M8_SPLIT_K2_num_warps4_num_stages2
8.685823991894722,3.1352319717407227,2.7703927716303034,1.0046949191304386,False,False,0.021503999829292297,cast_not_priced,f01,BLOCK_M16_BLOCK_N256_BLOCK_K32_GROUP_M8_SPLIT_K4_num_warps8_num_stages2,0.5316480239853263,0.8751040101051331,0.6075255259331462,1.0006099466896652,False,False,0.00800000037997961,1,decode_bs256,BLOCK_M128_BLOCK_N128_BLOCK_K32_GROUP_M8_SPLIT_K4_num_warps8_num_stages2
33.93177469074726,3.1352319717407227,10.822731777613216,1.0046949191304386,False,False,0.021503999829292297,cast_not_priced,f01,BLOCK_M16_BLOCK_N256_BLOCK_K32_GROUP_M8_SPLIT_K4_num_warps8_num_stages2,0.5611200174316764,0.8751040101051331,0.6412038008650706,1.0006099466896652,False,False,0.00800000037997961,1,decode_bs256,BLOCK_M128_BLOCK_N32_BLOCK_K32_GROUP_M8_SPLIT_K2_num_warps8_num_stages3
17.355776384472847,3.1352319717407227,5.535723206738252,1.0046949191304386,False,False,0.021503999829292297,cast_not_priced,f01,BLOCK_M16_BLOCK_N256_BLOCK_K32_GROUP_M8_SPLIT_K4_num_warps8_num_stages2,0.3790399869903922,0.8751040101051331,0.43313707012364755,1.0006099466896652,False,False,0.00800000037997961,1,decode_bs256,BLOCK_M128_BLOCK_N64_BLOCK_K32_GROUP_M8_SPLIT_K8_num_warps8_num_stages2
3.8794239312410355,3.1352319717407227,1.2373642416918604,1.0046949191304386,False,False,0.021503999829292297,cast_not_priced,f01,BLOCK_M16_BLOCK_N256_BLOCK_K32_GROUP_M8_SPLIT_K4_num_warps8_num_stages2,0.6296319803223014,0.8751040101051331,0.7194938807864208,1.0006099466896652,False,False,0.00800000037997961,1,decode_bs256,BLOCK_M16_BLOCK_N256_BLOCK_K32_GROUP_M8_SPLIT_K1_num_warps4_num_stages3
3.1557119637727737,3.1352319717407227,1.0065322094877338,1.0046949191304386,False,False,0.021503999829292297,cast_not_priced,f01,BLOCK_M16_BLOCK_N256_BLOCK_K32_GROUP_M8_SPLIT_K4_num_warps8_num_stages2,0.8872319897636771,0.8751040101051331,1.0138589007917893,1.0006099466896652,False,False,0.00800000037997961,1,decode_bs256,BLOCK_M16_BLOCK_N256_BLOCK_K32_GROUP_M8_SPLIT_K4_num_warps8_num_stages2
6.412032201886177,3.1352319717407227,2.045153998071196,1.0046949191304386,False,False,0.021503999829292297,cast_not_priced,f01,BLOCK_M16_BLOCK_N256_BLOCK_K32_GROUP_M8_SPLIT_K4_num_warps8_num_stages2,1.1404800256714225,0.8751040101051331,1.3032508279037684,1.0006099466896652,False,False,0.00800000037997961,1,decode_bs256,BLOCK_M16_BLOCK_N64_BLOCK_K32_GROUP_M8_SPLIT_K2_num_warps4_num_stages2
4.078079774975777,3.1352319717407227,1.3007266485329863,1.0046949191304386,False,False,0.021503999829292297,cast_not_priced,f01,BLOCK_M16_BLOCK_N256_BLOCK_K32_GROUP_M8_SPLIT_K4_num_warps8_num_stages2,0.45270399656146765,0.8751040101051331,0.5173145035720734,1.0006099466896652,False,False,0.00800000037997961,1,decode_bs256,BLOCK_M64_BLOCK_N256_BLOCK_K32_GROUP_M8_SPLIT_K8_num_warps4_num_stages2
1.2833280116319656,3.1352319717407227,0.4093247399870845,1.0046949191304386,False,False,0.021503999829292297,cast_not_priced,f01,BLOCK_M16_BLOCK_N256_BLOCK_K32_GROUP_M8_SPLIT_K4_num_warps8_num_stages2,0.4945599874481559,0.8751040101051331,0.565144236270544,1.0006099466896652,False,False,0.00800000037997961,1,decode_bs256,BLOCK_M128_BLOCK_N128_BLOCK_K64_GROUP_M8_SPLIT_K1_num_warps8_num_stages2
3.8835199624300003,3.1352319717407227,1.2386706940455887,1.0046949191304386,False,False,0.021503999829292297,cast_not_priced,f01,BLOCK_M16_BLOCK_N256_BLOCK_K32_GROUP_M8_SPLIT_K4_num_warps8_num_stages2,0.36012799944728613,0.8751040101051331,0.4115259389612683,1.0006099466896652,False,False,0.00800000037997961,1,decode_bs256,BLOCK_M128_BLOCK_N64_BLOCK_K64_GROUP_M8_SPLIT_K4_num_warps4_num_stages2
4.443647935986519,6.381824016571045,0.6962974730183944,1.0046949191304386,False,False,0.021503999829292297,cast_not_priced,f01,BLOCK_M16_BLOCK_N64_BLOCK_K32_GROUP_M8_SPLIT_K2_num_warps4_num_stages2,0.7101440271362662,1.129088044166565,0.6289536328058971,1.0006099466896652,False,False,0.00800000037997961,1,decode_bs256,BLOCK_M32_BLOCK_N32_BLOCK_K128_GROUP_M8_SPLIT_K1_num_warps4_num_stages3
9.004800394177437,6.381824016571045,1.4110073187219785,1.0046949191304386,False,False,0.021503999829292297,cast_not_priced,f01,BLOCK_M16_BLOCK_N64_BLOCK_K32_GROUP_M8_SPLIT_K2_num_warps4_num_stages2,0.8038080176338553,1.129088044166565,0.7119090683731271,1.0006099466896652,False,False,0.00800000037997961,1,decode_bs256,BLOCK_M128_BLOCK_N128_BLOCK_K32_GROUP_M8_SPLIT_K1_num_warps8_num_stages2
9.772544458508492,6.381824016571045,1.531308985195001,1.0046949191304386,False,False,0.021503999829292297,cast_not_priced,f01,BLOCK_M16_BLOCK_N64_BLOCK_K32_GROUP_M8_SPLIT_K2_num_warps4_num_stages2,0.48425601329654455,1.129088044166565,0.4288912771669614,1.0006099466896652,False,False,0.00800000037997961,1,decode_bs256,BLOCK_M128_BLOCK_N128_BLOCK_K32_GROUP_M8_SPLIT_K2_num_warps4_num_stages2
8.685823991894722,6.381824016571045,1.3610253070816605,1.0046949191304386,False,False,0.021503999829292297,cast_not_priced,f01,BLOCK_M16_BLOCK_N64_BLOCK_K32_GROUP_M8_SPLIT_K2_num_warps4_num_stages2,0.5316480239853263,1.129088044166565,0.4708649841188972,1.0006099466896652,False,False,0.00800000037997961,1,decode_bs256,BLOCK_M128_BLOCK_N128_BLOCK_K32_GROUP_M8_SPLIT_K4_num_warps8_num_stages2
33.93177469074726,6.381824016571045,5.316939890952808,1.0046949191304386,False,False,0.021503999829292297,cast_not_priced,f01,BLOCK_M16_BLOCK_N64_BLOCK_K32_GROUP_M8_SPLIT_K2_num_warps4_num_stages2,0.5611200174316764,1.129088044166565,0.4969674600051819,1.0006099466896652,False,False,0.00800000037997961,1,decode_bs256,BLOCK_M128_BLOCK_N32_BLOCK_K32_GROUP_M8_SPLIT_K2_num_warps8_num_stages3
17.355776384472847,6.381824016571045,2.7195636136952124,1.0046949191304386,False,False,0.021503999829292297,cast_not_priced,f01,BLOCK_M16_BLOCK_N64_BLOCK_K32_GROUP_M8_SPLIT_K2_num_warps4_num_stages2,0.3790399869903922,1.129088044166565,0.33570454398902094,1.0006099466896652,False,False,0.00800000037997961,1,decode_bs256,BLOCK_M128_BLOCK_N64_BLOCK_K32_GROUP_M8_SPLIT_K8_num_warps8_num_stages2
3.8794239312410355,6.381824016571045,0.6078863850159019,1.0046949191304386,False,False,0.021503999829292297,cast_not_priced,f01,BLOCK_M16_BLOCK_N64_BLOCK_K32_GROUP_M8_SPLIT_K2_num_warps4_num_stages2,0.6296319803223014,1.129088044166565,0.5576464860958328,1.0006099466896652,False,False,0.00800000037997961,1,decode_bs256,BLOCK_M16_BLOCK_N256_BLOCK_K32_GROUP_M8_SPLIT_K1_num_warps4_num_stages3
3.1557119637727737,6.381824016571045,0.4944843285522527,1.0046949191304386,False,False,0.021503999829292297,cast_not_priced,f01,BLOCK_M16_BLOCK_N64_BLOCK_K32_GROUP_M8_SPLIT_K2_num_warps4_num_stages2,0.8872319897636771,1.129088044166565,0.7857952215042596,1.0006099466896652,False,False,0.00800000037997961,1,decode_bs256,BLOCK_M16_BLOCK_N256_BLOCK_K32_GROUP_M8_SPLIT_K4_num_warps8_num_stages2
6.412032201886177,6.381824016571045,1.004733472003724,1.0046949191304386,False,False,0.021503999829292297,cast_not_priced,f01,BLOCK_M16_BLOCK_N64_BLOCK_K32_GROUP_M8_SPLIT_K2_num_warps4_num_stages2,1.1404800256714225,1.129088044166565,1.0100895422316392,1.0006099466896652,False,False,0.00800000037997961,1,decode_bs256,BLOCK_M16_BLOCK_N64_BLOCK_K32_GROUP_M8_SPLIT_K2_num_warps4_num_stages2
4.078079774975777,6.381824016571045,0.6390147651183478,1.0046949191304386,False,False,0.021503999829292297,cast_not_priced,f01,BLOCK_M16_BLOCK_N64_BLOCK_K32_GROUP_M8_SPLIT_K2_num_warps4_num_stages2,0.45270399656146765,1.129088044166565,0.40094658596410043,1.0006099466896652,False,False,0.00800000037997961,1,decode_bs256,BLOCK_M64_BLOCK_N256_BLOCK_K32_GROUP_M8_SPLIT_K8_num_warps4_num_stages2
1.2833280116319656,6.381824016571045,0.20109110002088368,1.0046949191304386,False,False,0.021503999829292297,cast_not_priced,f01,BLOCK_M16_BLOCK_N64_BLOCK_K32_GROUP_M8_SPLIT_K2_num_warps4_num_stages2,0.4945599874481559,1.129088044166565,0.4380172033556646,1.0006099466896652,False,False,0.00800000037997961,1,decode_bs256,BLOCK_M128_BLOCK_N128_BLOCK_K64_GROUP_M8_SPLIT_K1_num_warps8_num_stages2
3.8835199624300003,6.381824016571045,0.6085282126780763,1.0046949191304386,False,False,0.021503999829292297,cast_not_priced,f01,BLOCK_M16_BLOCK_N64_BLOCK_K32_GROUP_M8_SPLIT_K2_num_warps4_num_stages2,0.36012799944728613,1.129088044166565,0.3189547540671323,1.0006099466896652,False,False,0.00800000037997961,1,decode_bs256,BLOCK_M128_BLOCK_N64_BLOCK_K64_GROUP_M8_SPLIT_K4_num_warps4_num_stages2
4.443647935986519,5.444608211517334,0.8161556834496523,1.0046949191304386,False,False,0.021503999829292297,cast_not_priced,f01,BLOCK_M64_BLOCK_N256_BLOCK_K32_GROUP_M8_SPLIT_K8_num_warps4_num_stages2,0.7101440271362662,0.4444800019264221,1.5976962384323903,1.0006099466896652,False,False,0.00800000037997961,1,decode_bs256,BLOCK_M32_BLOCK_N32_BLOCK_K128_GROUP_M8_SPLIT_K1_num_warps4_num_stages3
9.004800394177437,5.444608211517334,1.6538931809875679,1.0046949191304386,False,False,0.021503999829292297,cast_not_priced,f01,BLOCK_M64_BLOCK_N256_BLOCK_K32_GROUP_M8_SPLIT_K8_num_warps4_num_stages2,0.8038080176338553,0.4444800019264221,1.8084233579690168,1.0006099466896652,False,False,0.00800000037997961,1,decode_bs256,BLOCK_M128_BLOCK_N128_BLOCK_K32_GROUP_M8_SPLIT_K1_num_warps8_num_stages2
9.772544458508492,5.444608211517334,1.7949031553521138,1.0046949191304386,False,False,0.021503999829292297,cast_not_priced,f01,BLOCK_M64_BLOCK_N256_BLOCK_K32_GROUP_M8_SPLIT_K8_num_warps4_num_stages2,0.48425601329654455,0.4444800019264221,1.0894888660856037,1.0006099466896652,False,False,0.00800000037997961,1,decode_bs256,BLOCK_M128_BLOCK_N128_BLOCK_K32_GROUP_M8_SPLIT_K2_num_warps4_num_stages2
8.685823991894722,5.444608211517334,1.595307440767002,1.0046949191304386,False,False,0.021503999829292297,cast_not_priced,f01,BLOCK_M64_BLOCK_N256_BLOCK_K32_GROUP_M8_SPLIT_K8_num_warps4_num_stages2,0.5316480239853263,0.4444800019264221,1.1961123597937118,1.0006099466896652,False,False,0.00800000037997961,1,decode_bs256,BLOCK_M128_BLOCK_N128_BLOCK_K32_GROUP_M8_SPLIT_K4_num_warps8_num_stages2
33.93177469074726,5.444608211517334,6.232179318058032,1.0046949191304386,False,False,0.021503999829292297,cast_not_priced,f01,BLOCK_M64_BLOCK_N256_BLOCK_K32_GROUP_M8_SPLIT_K8_num_warps4_num_stages2,0.5611200174316764,0.4444800019264221,1.262419040226162,1.0006099466896652,False,False,0.00800000037997961,1,decode_bs256,BLOCK_M128_BLOCK_N32_BLOCK_K32_GROUP_M8_SPLIT_K2_num_warps8_num_stages3
17.355776384472847,5.444608211517334,3.1876997775081493,1.0046949191304386,False,False,0.021503999829292297,cast_not_priced,f01,BLOCK_M64_BLOCK_N256_BLOCK_K32_GROUP_M8_SPLIT_K8_num_warps4_num_stages2,0.3790399869903922,0.4444800019264221,0.8527717452924628,1.0006099466896652,False,False,0.00800000037997961,1,decode_bs256,BLOCK_M128_BLOCK_N64_BLOCK_K32_GROUP_M8_SPLIT_K8_num_warps8_num_stages2
3.8794239312410355,5.444608211517334,0.7125258201379188,1.0046949191304386,False,False,0.021503999829292297,cast_not_priced,f01,BLOCK_M64_BLOCK_N256_BLOCK_K32_GROUP_M8_SPLIT_K8_num_warps4_num_stages2,0.6296319803223014,0.4444800019264221,1.4165586248951842,1.0006099466896652,False,False,0.00800000037997961,1,decode_bs256,BLOCK_M16_BLOCK_N256_BLOCK_K32_GROUP_M8_SPLIT_K1_num_warps4_num_stages3
3.1557119637727737,5.444608211517334,0.5796031305057526,1.0046949191304386,False,False,0.021503999829292297,cast_not_priced,f01,BLOCK_M64_BLOCK_N256_BLOCK_K32_GROUP_M8_SPLIT_K8_num_warps4_num_stages2,0.8872319897636771,0.4444800019264221,1.9961122793338784,1.0006099466896652,False,False,0.00800000037997961,1,decode_bs256,BLOCK_M16_BLOCK_N256_BLOCK_K32_GROUP_M8_SPLIT_K4_num_warps8_num_stages2
6.412032201886177,5.444608211517334,1.177684775981197,1.0046949191304386,False,False,0.021503999829292297,cast_not_priced,f01,BLOCK_M64_BLOCK_N256_BLOCK_K32_GROUP_M8_SPLIT_K8_num_warps4_num_stages2,1.1404800256714225,0.4444800019264221,2.5658747766569125,1.0006099466896652,False,False,0.00800000037997961,1,decode_bs256,BLOCK_M16_BLOCK_N64_BLOCK_K32_GROUP_M8_SPLIT_K2_num_warps4_num_stages2
4.078079774975777,5.444608211517334,0.749012530662748,1.0046949191304386,False,False,0.021503999829292297,cast_not_priced,f01,BLOCK_M64_BLOCK_N256_BLOCK_K32_GROUP_M8_SPLIT_K8_num_warps4_num_stages2,0.45270399656146765,0.4444800019264221,1.0185025076480425,1.0006099466896652,False,False,0.00800000037997961,1,decode_bs256,BLOCK_M64_BLOCK_N256_BLOCK_K32_GROUP_M8_SPLIT_K8_num_warps4_num_stages2
1.2833280116319656,5.444608211517334,0.2357062182945062,1.0046949191304386,False,False,0.021503999829292297,cast_not_priced,f01,BLOCK_M64_BLOCK_N256_BLOCK_K32_GROUP_M8_SPLIT_K8_num_warps4_num_stages2,0.4945599874481559,0.4444800019264221,1.1126709532592736,1.0006099466896652,False,False,0.00800000037997961,1,decode_bs256,BLOCK_M128_BLOCK_N128_BLOCK_K64_GROUP_M8_SPLIT_K1_num_warps8_num_stages2
3.8835199624300003,5.444608211517334,0.7132781297678936,1.0046949191304386,False,False,0.021503999829292297,cast_not_priced,f01,BLOCK_M64_BLOCK_N256_BLOCK_K32_GROUP_M8_SPLIT_K8_num_warps4_num_stages2,0.36012799944728613,0.4444800019264221,0.8102231773903309,1.0006099466896652,False,False,0.00800000037997961,1,decode_bs256,BLOCK_M128_BLOCK_N64_BLOCK_K64_GROUP_M8_SPLIT_K4_num_warps4_num_stages2
4.443647935986519,1.259775996208191,3.5273318029248752,1.0046949191304386,False,False,0.021503999829292297,,f01,BLOCK_M128_BLOCK_N128_BLOCK_K64_GROUP_M8_SPLIT_K1_num_warps8_num_stages2,0.7101440271362662,0.4800960123538971,1.47917085096052,1.0006099466896652,False,False,0.00800000037997961,1,decode_bs256,BLOCK_M32_BLOCK_N32_BLOCK_K128_GROUP_M8_SPLIT_K1_num_warps4_num_stages3
9.004800394177437,1.259775996208191,7.147937745504798,1.0046949191304386,False,False,0.021503999829292297,,f01,BLOCK_M128_BLOCK_N128_BLOCK_K64_GROUP_M8_SPLIT_K1_num_warps8_num_stages2,0.8038080176338553,0.4800960123538971,1.6742651406180349,1.0006099466896652,False,False,0.00800000037997961,1,decode_bs256,BLOCK_M128_BLOCK_N128_BLOCK_K32_GROUP_M8_SPLIT_K1_num_warps8_num_stages2
9.772544458508492,1.259775996208191,7.757366776254624,1.0046949191304386,False,False,0.021503999829292297,,f01,BLOCK_M128_BLOCK_N128_BLOCK_K64_GROUP_M8_SPLIT_K1_num_warps8_num_stages2,0.48425601329654455,0.4800960123538971,1.0086649354204196,1.0006099466896652,False,False,0.00800000037997961,1,decode_bs256,BLOCK_M128_BLOCK_N128_BLOCK_K32_GROUP_M8_SPLIT_K2_num_warps4_num_stages2
8.685823991894722,1.259775996208191,6.8947368564238785,1.0046949191304386,False,False,0.021503999829292297,,f01,BLOCK_M128_BLOCK_N128_BLOCK_K64_GROUP_M8_SPLIT_K1_num_warps8_num_stages2,0.5316480239853263,0.4800960123538971,1.10737854575936,1.0006099466896652,False,False,0.00800000037997961,1,decode_bs256,BLOCK_M128_BLOCK_N128_BLOCK_K32_GROUP_M8_SPLIT_K4_num_warps8_num_stages2
33.93177469074726,1.259775996208191,26.93476839761891,1.0046949191304386,False,False,0.021503999829292297,,f01,BLOCK_M128_BLOCK_N128_BLOCK_K64_GROUP_M8_SPLIT_K1_num_warps8_num_stages2,0.5611200174316764,0.4800960123538971,1.1687662529845246,1.0006099466896652,False,False,0.00800000037997961,1,decode_bs256,BLOCK_M128_BLOCK_N32_BLOCK_K32_GROUP_M8_SPLIT_K2_num_warps8_num_stages3
17.355776384472847,1.259775996208191,13.776874965638436,1.0046949191304386,False,False,0.021503999829292297,,f01,BLOCK_M128_BLOCK_N128_BLOCK_K64_GROUP_M8_SPLIT_K1_num_warps8_num_stages2,0.3790399869903922,0.4800960123538971,0.7895087175000057,1.0006099466896652,False,False,0.00800000037997961,1,decode_bs256,BLOCK_M128_BLOCK_N64_BLOCK_K32_GROUP_M8_SPLIT_K8_num_warps8_num_stages2
3.8794239312410355,1.259775996208191,3.0794553499334345,1.0046949191304386,False,False,0.021503999829292297,,f01,BLOCK_M128_BLOCK_N128_BLOCK_K64_GROUP_M8_SPLIT_K1_num_warps8_num_stages2,0.6296319803223014,0.4800960123538971,1.3114709643915468,1.0006099466896652,False,False,0.00800000037997961,1,decode_bs256,BLOCK_M16_BLOCK_N256_BLOCK_K32_GROUP_M8_SPLIT_K1_num_warps4_num_stages3
3.1557119637727737,1.259775996208191,2.5049786416562743,1.0046949191304386,False,False,0.021503999829292297,,f01,BLOCK_M128_BLOCK_N128_BLOCK_K64_GROUP_M8_SPLIT_K1_num_warps8_num_stages2,0.8872319897636771,0.4800960123538971,1.848030325046034,1.0006099466896652,False,False,0.00800000037997961,1,decode_bs256,BLOCK_M16_BLOCK_N256_BLOCK_K32_GROUP_M8_SPLIT_K4_num_warps8_num_stages2
6.412032201886177,1.259775996208191,5.089819318026221,1.0046949191304386,False,False,0.021503999829292297,,f01,BLOCK_M128_BLOCK_N128_BLOCK_K64_GROUP_M8_SPLIT_K1_num_warps8_num_stages2,1.1404800256714225,0.4800960123538971,2.3755248873650947,1.0006099466896652,False,False,0.00800000037997961,1,decode_bs256,BLOCK_M16_BLOCK_N64_BLOCK_K32_GROUP_M8_SPLIT_K2_num_warps4_num_stages2
4.078079774975777,1.259775996208191,3.237146752478551,1.0046949191304386,False,False,0.021503999829292297,,f01,BLOCK_M128_BLOCK_N128_BLOCK_K64_GROUP_M8_SPLIT_K1_num_warps8_num_stages2,0.45270399656146765,0.4800960123538971,0.9429447129582952,1.0006099466896652,False,False,0.00800000037997961,1,decode_bs256,BLOCK_M64_BLOCK_N256_BLOCK_K32_GROUP_M8_SPLIT_K8_num_warps4_num_stages2
1.2833280116319656,1.259775996208191,1.0186953994159789,1.0046949191304386,False,False,0.021503999829292297,,f01,BLOCK_M128_BLOCK_N128_BLOCK_K64_GROUP_M8_SPLIT_K1_num_warps8_num_stages2,0.4945599874481559,0.4800960123538971,1.0301272552199348,1.0006099466896652,False,False,0.00800000037997961,0,decode_bs256,BLOCK_M128_BLOCK_N128_BLOCK_K64_GROUP_M8_SPLIT_K1_num_warps8_num_stages2
3.8835199624300003,1.259775996208191,3.082706746373193,1.0046949191304386,False,False,0.021503999829292297,,f01,BLOCK_M128_BLOCK_N128_BLOCK_K64_GROUP_M8_SPLIT_K1_num_warps8_num_stages2,0.36012799944728613,0.4800960123538971,0.7501166228846368,1.0006099466896652,False,False,0.00800000037997961,1,decode_bs256,BLOCK_M128_BLOCK_N64_BLOCK_K64_GROUP_M8_SPLIT_K4_num_warps4_num_stages2
4.443647935986519,4.622079849243164,0.9613957527614192,1.0046949191304386,False,False,0.021503999829292297,cast_not_priced,f01,BLOCK_M128_BLOCK_N64_BLOCK_K64_GROUP_M8_SPLIT_K4_num_warps4_num_stages2,0.7101440271362662,0.3606080114841461,1.9692963121189204,1.0006099466896652,False,False,0.00800000037997961,1,decode_bs256,BLOCK_M32_BLOCK_N32_BLOCK_K128_GROUP_M8_SPLIT_K1_num_warps4_num_stages3
9.004800394177437,4.622079849243164,1.9482139400192136,1.0046949191304386,False,False,0.021503999829292297,cast_not_priced,f01,BLOCK_M128_BLOCK_N64_BLOCK_K64_GROUP_M8_SPLIT_K4_num_warps4_num_stages2,0.8038080176338553,0.3606080114841461,2.2290353847815005,1.0006099466896652,False,False,0.00800000037997961,1,decode_bs256,BLOCK_M128_BLOCK_N128_BLOCK_K32_GROUP_M8_SPLIT_K1_num_warps8_num_stages2
9.772544458508492,4.622079849243164,2.1143175317727763,1.0046949191304386,False,False,0.021503999829292297,cast_not_priced,f01,BLOCK_M128_BLOCK_N64_BLOCK_K64_GROUP_M8_SPLIT_K4_num_warps4_num_stages2,0.48425601329654455,0.3606080114841461,1.3428875617696434,1.0006099466896652,False,False,0.00800000037997961,1,decode_bs256,BLOCK_M128_BLOCK_N128_BLOCK_K32_GROUP_M8_SPLIT_K2_num_warps4_num_stages2
8.685823991894722,4.622079849243164,1.8792024965377805,1.0046949191304386,False,False,0.021503999829292297,cast_not_priced,f01,BLOCK_M128_BLOCK_N64_BLOCK_K64_GROUP_M8_SPLIT_K4_num_warps4_num_stages2,0.5316480239853263,0.3606080114841461,1.4743100736925803,1.0006099466896652,False,False,0.00800000037997961,1,decode_bs256,BLOCK_M128_BLOCK_N128_BLOCK_K32_GROUP_M8_SPLIT_K4_num_warps8_num_stages2
33.93177469074726,4.622079849243164,7.34123507111271,1.0046949191304386,False,False,0.021503999829292297,cast_not_priced,f01,BLOCK_M128_BLOCK_N64_BLOCK_K64_GROUP_M8_SPLIT_K4_num_warps4_num_stages2,0.5611200174316764,0.3606080114841461,1.5560386889971956,1.0006099466896652,False,False,0.00800000037997961,1,decode_bs256,BLOCK_M128_BLOCK_N32_BLOCK_K32_GROUP_M8_SPLIT_K2_num_warps8_num_stages3
17.355776384472847,4.622079849243164,3.754971127838638,1.0046949191304386,False,False,0.021503999829292297,cast_not_priced,f01,BLOCK_M128_BLOCK_N64_BLOCK_K64_GROUP_M8_SPLIT_K4_num_warps4_num_stages2,0.3790399869903922,0.3606080114841461,1.0511136051314725,1.0006099466896652,False,False,0.00800000037997961,1,decode_bs256,BLOCK_M128_BLOCK_N64_BLOCK_K32_GROUP_M8_SPLIT_K8_num_warps8_num_stages2
3.8794239312410355,4.622079849243164,0.8393242994008998,1.0046949191304386,False,False,0.021503999829292297,cast_not_priced,f01,BLOCK_M128_BLOCK_N64_BLOCK_K64_GROUP_M8_SPLIT_K4_num_warps4_num_stages2,0.6296319803223014,0.3606080114841461,1.7460288187468145,1.0006099466896652,False,False,0.00800000037997961,1,decode_bs256,BLOCK_M16_BLOCK_N256_BLOCK_K32_GROUP_M8_SPLIT_K1_num_warps4_num_stages3
3.1557119637727737,4.622079849243164,0.6827471758821954,1.0046949191304386,False,False,0.021503999829292297,cast_not_priced,f01,BLOCK_M128_BLOCK_N64_BLOCK_K64_GROUP_M8_SPLIT_K4_num_warps4_num_stages2,0.8872319897636771,0.3606080114841461,2.4603779214779973,1.0006099466896652,False,False,0.00800000037997961,1,decode_bs256,BLOCK_M16_BLOCK_N256_BLOCK_K32_GROUP_M8_SPLIT_K4_num_warps8_num_stages2
6.412032201886177,4.622079849243164,1.3872612354232925,1.0046949191304386,False,False,0.021503999829292297,cast_not_priced,f01,BLOCK_M128_BLOCK_N64_BLOCK_K64_GROUP_M8_SPLIT_K4_num_warps4_num_stages2,1.1404800256714225,0.3606080114841461,3.16265859146494,1.0006099466896652,False,False,0.00800000037997961,1,decode_bs256,BLOCK_M16_BLOCK_N64_BLOCK_K32_GROUP_M8_SPLIT_K2_num_warps4_num_stages2
4.078079774975777,4.622079849243164,0.8823040509876817,1.0046949191304386,False,False,0.021503999829292297,cast_not_priced,f01,BLOCK_M128_BLOCK_N64_BLOCK_K64_GROUP_M8_SPLIT_K4_num_warps4_num_stages2,0.45270399656146765,0.3606080114841461,1.2553908458613667,1.0006099466896652,False,False,0.00800000037997961,1,decode_bs256,BLOCK_M64_BLOCK_N256_BLOCK_K32_GROUP_M8_SPLIT_K8_num_warps4_num_stages2
1.2833280116319656,4.622079849243164,0.2776516316225265,1.0046949191304386,False,False,0.021503999829292297,cast_not_priced,f01,BLOCK_M128_BLOCK_N64_BLOCK_K64_GROUP_M8_SPLIT_K4_num_warps4_num_stages2,0.4945599874481559,0.3606080114841461,1.3714614531516,1.0006099466896652,False,False,0.00800000037997961,1,decode_bs256,BLOCK_M128_BLOCK_N128_BLOCK_K64_GROUP_M8_SPLIT_K1_num_warps8_num_stages2
3.8835199624300003,4.622079849243164,0.8402104872908895,1.0046949191304386,False,False,0.021503999829292297,cast_not_priced,f01,BLOCK_M128_BLOCK_N64_BLOCK_K64_GROUP_M8_SPLIT_K4_num_warps4_num_stages2,0.36012799944728613,0.3606080114841461,0.9986688813848467,1.0006099466896652,False,False,0.00800000037997961,1,decode_bs256,BLOCK_M128_BLOCK_N64_BLOCK_K64_GROUP_M8_SPLIT_K4_num_warps4_num_stages2
1.7802240252494812,1.8286080360412598,0.9735405238092879,0.9991742298972806,False,False,0.015615999698638916,cast_not_priced,f01,BLOCK_M16_BLOCK_N64_BLOCK_K128_GROUP_M8_SPLIT_K16_num_warps2_num_stages2,0.14604799589142203,0.13849599659442902,1.0545286469117823,0.9922918820414892,False,False,0.005696000065654516,1,decode_bs32,BLOCK_M16_BLOCK_N64_BLOCK_K128_GROUP_M8_SPLIT_K16_num_warps2_num_stages2
0.4410879909992218,1.8286080360412598,0.24121516602001267,0.9991742298972806,False,False,0.015615999698638916,cast_not_priced,f01,BLOCK_M16_BLOCK_N64_BLOCK_K128_GROUP_M8_SPLIT_K16_num_warps2_num_stages2,0.14969599386677146,0.13849599659442902,1.0808687438463689,0.9922918820414892,False,False,0.005696000065654516,1,decode_bs32,BLOCK_M32_BLOCK_N64_BLOCK_K128_GROUP_M8_SPLIT_K8_num_warps8_num_stages2
0.7605760097503662,1.8286080360412598,0.4159316785006215,0.9991742298972806,False,False,0.015615999698638916,cast_not_priced,f01,BLOCK_M16_BLOCK_N64_BLOCK_K128_GROUP_M8_SPLIT_K16_num_warps2_num_stages2,0.8077120198868215,0.13849599659442902,5.8320243165737224,0.9922918820414892,False,False,0.005696000065654516,1,decode_bs32,BLOCK_M32_BLOCK_N128_BLOCK_K32_GROUP_M8_SPLIT_K1_num_warps8_num_stages2
0.3391999900341034,1.8286080360412598,0.18549628096813736,0.9991742298972806,False,False,0.015615999698638916,cast_not_priced,f01,BLOCK_M16_BLOCK_N64_BLOCK_K128_GROUP_M8_SPLIT_K16_num_warps2_num_stages2,0.2392960055731237,0.13849599659442902,1.7278189367009424,0.9922918820414892,False,False,0.005696000065654516,1,decode_bs32,BLOCK_M32_BLOCK_N128_BLOCK_K32_GROUP_M8_SPLIT_K4_num_warps8_num_stages2
0.46643200516700745,1.8286080360412598,0.25507489630023866,0.9991742298972806,False,False,0.015615999698638916,cast_not_priced,f01,BLOCK_M16_BLOCK_N64_BLOCK_K128_GROUP_M8_SPLIT_K16_num_warps2_num_stages2,0.2374079986475408,0.13849599659442902,1.7141867236983406,0.9922918820414892,False,False,0.005696000065654516,1,decode_bs32,BLOCK_M32_BLOCK_N64_BLOCK_K32_GROUP_M8_SPLIT_K8_num_warps8_num_stages2
0.5434880256652832,1.8286080360412598,0.2972140638963156,0.9991742298972806,False,False,0.015615999698638916,cast_not_priced,f01,BLOCK_M16_BLOCK_N64_BLOCK_K128_GROUP_M8_SPLIT_K16_num_warps2_num_stages2,0.15401600440964103,0.13849599659442902,1.1120610573362688,0.9922918820414892,False,False,0.005696000065654516,1,decode_bs32,BLOCK_M16_BLOCK_N128_BLOCK_K64_GROUP_M8_SPLIT_K16_num_warps8_num_stages2
2.4412160515785217,1.8286080360412598,1.335013301627774,0.9991742298972806,False,False,0.015615999698638916,cast_not_priced,f01,BLOCK_M16_BLOCK_N64_BLOCK_K128_GROUP_M8_SPLIT_K16_num_warps2_num_stages2,0.14182399353012443,0.13849599659442902,1.0240295533266648,0.9922918820414892,False,False,0.005696000065654516,1,decode_bs32,BLOCK_M16_BLOCK_N128_BLOCK_K64_GROUP_M8_SPLIT_K16_num_warps2_num_stages3
0.5749760270118713,1.8286080360412598,0.3144337199002104,0.9991742298972806,False,False,0.015615999698638916,cast_not_priced,f01,BLOCK_M16_BLOCK_N64_BLOCK_K128_GROUP_M8_SPLIT_K16_num_warps2_num_stages2,0.14553600689396262,0.13849599659442902,1.0508318685929208,0.9922918820414892,False,False,0.005696000065654516,1,decode_bs32,BLOCK_M16_BLOCK_N128_BLOCK_K64_GROUP_M8_SPLIT_K16_num_warps8_num_stages3
2.8142080903053284,1.8286080360412598,1.5389892392673648,0.9991742298972806,False,False,0.015615999698638916,cast_not_priced,f01,BLOCK_M16_BLOCK_N64_BLOCK_K128_GROUP_M8_SPLIT_K16_num_warps2_num_stages2,0.16188800474628806,0.13849599659442902,1.168900247855973,0.9922918820414892,False,False,0.005696000065654516,1,decode_bs32,BLOCK_M16_BLOCK_N128_BLOCK_K64_GROUP_M8_SPLIT_K2_num_warps2_num_stages3
0.5639680027961731,1.8286080360412598,0.3084138271737574,0.9991742298972806,False,False,0.015615999698638916,cast_not_priced,f01,BLOCK_M16_BLOCK_N64_BLOCK_K128_GROUP_M8_SPLIT_K16_num_warps2_num_stages2,0.2366399927996099,0.13849599659442902,1.708641394830966,0.9922918820414892,False,False,0.005696000065654516,1,decode_bs32,BLOCK_M16_BLOCK_N64_BLOCK_K64_GROUP_M8_SPLIT_K1_num_warps4_num_stages3
0.42239999771118164,1.8286080360412598,0.2309953742878831,0.9991742298972806,False,False,0.015615999698638916,cast_not_priced,f01,BLOCK_M16_BLOCK_N64_BLOCK_K128_GROUP_M8_SPLIT_K16_num_warps2_num_stages2,0.13254399737343192,0.13849599659442902,0.9570240341428287,0.9922918820414892,False,False,0.005696000065654516,1,decode_bs32,BLOCK_M32_BLOCK_N128_BLOCK_K64_GROUP_M8_SPLIT_K16_num_warps8_num_stages3
1.3434880375862122,1.8286080360412598,0.7347053119676318,0.9991742298972806,False,False,0.015615999698638916,cast_not_priced,f01,BLOCK_M16_BLOCK_N64_BLOCK_K128_GROUP_M8_SPLIT_K16_num_warps2_num_stages2,0.18719999631866813,0.13849599659442902,1.3516635926081217,0.9922918820414892,False,False,0.005696000065654516,1,decode_bs32,BLOCK_M32_BLOCK_N128_BLOCK_K64_GROUP_M8_SPLIT_K4_num_warps2_num_stages2
0.4131839871406555,1.8286080360412598,0.22595546940456115,0.9991742298972806,False,False,0.015615999698638916,cast_not_priced,f01,BLOCK_M16_BLOCK_N64_BLOCK_K128_GROUP_M8_SPLIT_K16_num_warps2_num_stages2,0.26038399478420615,0.13849599659442902,1.8800831878679738,0.9922918820414892,False,False,0.005696000065654516,1,decode_bs32,BLOCK_M32_BLOCK_N64_BLOCK_K64_GROUP_M8_SPLIT_K2_num_warps8_num_stages2
1.7802240252494812,0.4252159893512726,4.186634721722167,0.9991742298972806,False,False,0.015615999698638916,cast_not_priced,f01,BLOCK_M32_BLOCK_N64_BLOCK_K128_GROUP_M8_SPLIT_K8_num_warps8_num_stages2,0.14604799589142203,0.14073599874973297,1.0377444093116164,0.9922918820414892,False,False,0.005696000065654516,1,decode_bs32,BLOCK_M16_BLOCK_N64_BLOCK_K128_GROUP_M8_SPLIT_K16_num_warps2_num_stages2
0.4410879909992218,0.4252159893512726,1.0373269163094365,0.9991742298972806,False,False,0.015615999698638916,cast_not_priced,f01,BLOCK_M32_BLOCK_N64_BLOCK_K128_GROUP_M8_SPLIT_K8_num_warps8_num_stages2,0.14969599386677146,0.14073599874973297,1.063665268279879,0.9922918820414892,False,False,0.005696000065654516,0,decode_bs32,BLOCK_M32_BLOCK_N64_BLOCK_K128_GROUP_M8_SPLIT_K8_num_warps8_num_stages2
0.7605760097503662,0.4252159893512726,1.7886815848828568,0.9991742298972806,False,False,0.015615999698638916,cast_not_priced,f01,BLOCK_M32_BLOCK_N64_BLOCK_K128_GROUP_M8_SPLIT_K8_num_warps8_num_stages2,0.8077120198868215,0.14073599874973297,5.739199828489895,0.9922918820414892,False,False,0.005696000065654516,1,decode_bs32,BLOCK_M32_BLOCK_N128_BLOCK_K32_GROUP_M8_SPLIT_K1_num_warps8_num_stages2
0.3391999900341034,0.4252159893512726,0.7977122180932124,0.9991742298972806,False,False,0.015615999698638916,cast_not_priced,f01,BLOCK_M32_BLOCK_N64_BLOCK_K128_GROUP_M8_SPLIT_K8_num_warps8_num_stages2,0.2392960055731237,0.14073599874973297,1.700318381217142,0.9922918820414892,False,False,0.005696000065654516,1,decode_bs32,BLOCK_M32_BLOCK_N128_BLOCK_K32_GROUP_M8_SPLIT_K4_num_warps8_num_stages2
0.46643200516700745,0.4252159893512726,1.0969296001277276,0.9991742298972806,False,False,0.015615999698638916,cast_not_priced,f01,BLOCK_M32_BLOCK_N64_BLOCK_K128_GROUP_M8_SPLIT_K8_num_warps8_num_stages2,0.2374079986475408,0.14073599874973297,1.686903143166071,0.9922918820414892,False,False,0.005696000065654516,1,decode_bs32,BLOCK_M32_BLOCK_N64_BLOCK_K32_GROUP_M8_SPLIT_K8_num_warps8_num_stages2
0.5434880256652832,0.4252159893512726,1.2781457877311986,0.9991742298972806,False,False,0.015615999698638916,cast_not_priced,f01,BLOCK_M32_BLOCK_N64_BLOCK_K128_GROUP_M8_SPLIT_K8_num_warps8_num_stages2,0.15401600440964103,0.14073599874973297,1.0943611142698715,0.9922918820414892,False,False,0.005696000065654516,1,decode_bs32,BLOCK_M16_BLOCK_N128_BLOCK_K64_GROUP_M8_SPLIT_K16_num_warps8_num_stages2
2.4412160515785217,0.4252159893512726,5.741120072420004,0.9991742298972806,False,False,0.015615999698638916,cast_not_priced,f01,BLOCK_M32_BLOCK_N64_BLOCK_K128_GROUP_M8_SPLIT_K8_num_warps8_num_stages2,0.14182399353012443,0.14073599874973297,1.0077307497019736,0.9922918820414892,False,False,0.005696000065654516,1,decode_bs32,BLOCK_M16_BLOCK_N128_BLOCK_K64_GROUP_M8_SPLIT_K16_num_warps2_num_stages3
0.5749760270118713,0.4252159893512726,1.352197568791049,0.9991742298972806,False,False,0.015615999698638916,cast_not_priced,f01,BLOCK_M32_BLOCK_N64_BLOCK_K128_GROUP_M8_SPLIT_K8_num_warps8_num_stages2,0.14553600689396262,0.14073599874973297,1.0341064701772955,0.9922918820414892,False,False,0.005696000065654516,1,decode_bs32,BLOCK_M16_BLOCK_N128_BLOCK_K64_GROUP_M8_SPLIT_K16_num_warps8_num_stages3
2.8142080903053284,0.4252159893512726,6.618302605691763,0.9991742298972806,False,False,0.015615999698638916,cast_not_priced,f01,BLOCK_M32_BLOCK_N64_BLOCK_K128_GROUP_M8_SPLIT_K8_num_warps8_num_stages2,0.16188800474628806,0.14073599874973297,1.1502956328477771,0.9922918820414892,False,False,0.005696000065654516,1,decode_bs32,BLOCK_M16_BLOCK_N128_BLOCK_K64_GROUP_M8_SPLIT_K2_num_warps2_num_stages3
0.5639680027961731,0.4252159893512726,1.3263094919280585,0.9991742298972806,False,False,0.015615999698638916,cast_not_priced,f01,BLOCK_M32_BLOCK_N64_BLOCK_K128_GROUP_M8_SPLIT_K8_num_warps8_num_stages2,0.2366399927996099,0.14073599874973297,1.6814460756442309,0.9922918820414892,False,False,0.005696000065654516,1,decode_bs32,BLOCK_M16_BLOCK_N64_BLOCK_K64_GROUP_M8_SPLIT_K1_num_warps4_num_stages3
0.42239999771118164,0.4252159893512726,0.9933775029382429,0.9991742298972806,False,False,0.015615999698638916,cast_not_priced,f01,BLOCK_M32_BLOCK_N64_BLOCK_K128_GROUP_M8_SPLIT_K8_num_warps8_num_stages2,0.13254399737343192,0.14073599874973297,0.9417917132142668,0.9922918820414892,False,False,0.005696000065654516,0,decode_bs32,BLOCK_M32_BLOCK_N128_BLOCK_K64_GROUP_M8_SPLIT_K16_num_warps8_num_stages3
1.3434880375862122,0.4252159893512726,3.159542611828624,0.9991742298972806,False,False,0.015615999698638916,cast_not_priced,f01,BLOCK_M32_BLOCK_N64_BLOCK_K128_GROUP_M8_SPLIT_K8_num_warps8_num_stages2,0.18719999631866813,0.14073599874973297,1.3301500538718656,0.9922918820414892,False,False,0.005696000065654516,1,decode_bs32,BLOCK_M32_BLOCK_N128_BLOCK_K64_GROUP_M8_SPLIT_K4_num_warps2_num_stages2
0.4131839871406555,0.4252159893512726,0.9717037869884112,0.9991742298972806,False,False,0.015615999698638916,cast_not_priced,f01,BLOCK_M32_BLOCK_N64_BLOCK_K128_GROUP_M8_SPLIT_K8_num_warps8_num_stages2,0.26038399478420615,0.14073599874973297,1.8501591426315878,0.9922918820414892,False,False,0.005696000065654516,1,decode_bs32,BLOCK_M32_BLOCK_N64_BLOCK_K64_GROUP_M8_SPLIT_K2_num_warps8_num_stages2
1.7802240252494812,0.7444480061531067,2.3913342644957694,0.9991742298972806,False,False,0.015615999698638916,,f01,BLOCK_M32_BLOCK_N128_BLOCK_K32_GROUP_M8_SPLIT_K1_num_warps8_num_stages2,0.14604799589142203,0.8013439774513245,0.18225381359441656,0.9922918820414892,False,False,0.005696000065654516,1,decode_bs32,BLOCK_M16_BLOCK_N64_BLOCK_K128_GROUP_M8_SPLIT_K16_num_warps2_num_stages2
0.4410879909992218,0.7444480061531067,0.5925034218017713,0.9991742298972806,False,False,0.015615999698638916,,f01,BLOCK_M32_BLOCK_N128_BLOCK_K32_GROUP_M8_SPLIT_K1_num_warps8_num_stages2,0.14969599386677146,0.8013439774513245,0.18680616324450303,0.9922918820414892,False,False,0.005696000065654516,1,decode_bs32,BLOCK_M32_BLOCK_N64_BLOCK_K128_GROUP_M8_SPLIT_K8_num_warps8_num_stages2
0.7605760097503662,0.7444480061531067,1.021664378793356,0.9991742298972806,False,False,0.015615999698638916,,f01,BLOCK_M32_BLOCK_N128_BLOCK_K32_GROUP_M8_SPLIT_K1_num_warps8_num_stages2,0.8077120198868215,0.8013439774513245,1.007946702807639,0.9922918820414892,False,False,0.005696000065654516,1,decode_bs32,BLOCK_M32_BLOCK_N128_BLOCK_K32_GROUP_M8_SPLIT_K1_num_warps8_num_stages2
0.3391999900341034,0.7444480061531067,0.4556395977025989,0.9991742298972806,False,False,0.015615999698638916,,f01,BLOCK_M32_BLOCK_N128_BLOCK_K32_GROUP_M8_SPLIT_K1_num_warps8_num_stages2,0.2392960055731237,0.8013439774513245,0.29861833657776393,0.9922918820414892,False,False,0.005696000065654516,1,decode_bs32,BLOCK_M32_BLOCK_N128_BLOCK_K32_GROUP_M8_SPLIT_K4_num_warps8_num_stages2
0.46643200516700745,0.7444480061531067,0.626547457057839,0.9991742298972806,False,False,0.015615999698638916,,f01,BLOCK_M32_BLOCK_N128_BLOCK_K32_GROUP_M8_SPLIT_K1_num_warps8_num_stages2,0.2374079986475408,0.8013439774513245,0.29626228601931626,0.9922918820414892,False,False,0.005696000065654516,1,decode_bs32,BLOCK_M32_BLOCK_N64_BLOCK_K32_GROUP_M8_SPLIT_K8_num_warps8_num_stages2
0.5434880256652832,0.7444480061531067,0.730055049074182,0.9991742298972806,False,False,0.015615999698638916,,f01,BLOCK_M32_BLOCK_N128_BLOCK_K32_GROUP_M8_SPLIT_K1_num_warps8_num_stages2,0.15401600440964103,0.8013439774513245,0.19219711976807902,0.9922918820414892,False,False,0.005696000065654516,1,decode_bs32,BLOCK_M16_BLOCK_N128_BLOCK_K64_GROUP_M8_SPLIT_K16_num_warps8_num_stages2
2.4412160515785217,0.7444480061531067,3.2792297533220203,0.9991742298972806,False,False,0.015615999698638916,,f01,BLOCK_M32_BLOCK_N128_BLOCK_K32_GROUP_M8_SPLIT_K1_num_warps8_num_stages2,0.14182399353012443,0.8013439774513245,0.1769826660221442,0.9922918820414892,False,False,0.005696000065654516,1,decode_bs32,BLOCK_M16_BLOCK_N128_BLOCK_K64_GROUP_M8_SPLIT_K16_num_warps2_num_stages3
0.5749760270118713,0.7444480061531067,0.7723521619502048,0.9991742298972806,False,False,0.015615999698638916,,f01,BLOCK_M32_BLOCK_N128_BLOCK_K32_GROUP_M8_SPLIT_K1_num_warps8_num_stages2,0.14553600689396262,0.8013439774513245,0.18161490070324116,0.9922918820414892,False,False,0.005696000065654516,1,decode_bs32,BLOCK_M16_BLOCK_N128_BLOCK_K64_GROUP_M8_SPLIT_K16_num_warps8_num_stages3
2.8142080903053284,0.7444480061531067,3.780261438065488,0.9991742298972806,False,False,0.015615999698638916,,f01,BLOCK_M32_BLOCK_N128_BLOCK_K32_GROUP_M8_SPLIT_K1_num_warps8_num_stages2,0.16188800474628806,0.8013439774513245,0.20202061699043783,0.9922918820414892,False,False,0.005696000065654516,1,decode_bs32,BLOCK_M16_BLOCK_N128_BLOCK_K64_GROUP_M8_SPLIT_K2_num_warps2_num_stages3
0.5639680027961731,0.7444480061531067,0.7575653344958853,0.9991742298972806,False,False,0.015615999698638916,,f01,BLOCK_M32_BLOCK_N128_BLOCK_K32_GROUP_M8_SPLIT_K1_num_warps8_num_stages2,0.2366399927996099,0.8013439774513245,0.29530388878973507,0.9922918820414892,False,False,0.005696000065654516,1,decode_bs32,BLOCK_M16_BLOCK_N64_BLOCK_K64_GROUP_M8_SPLIT_K1_num_warps4_num_stages3
0.42239999771118164,0.7444480061531067,0.567400267338897,0.9991742298972806,False,False,0.015615999698638916,,f01,BLOCK_M32_BLOCK_N128_BLOCK_K32_GROUP_M8_SPLIT_K1_num_warps8_num_stages2,0.13254399737343192,0.8013439774513245,0.165402125807432,0.9922918820414892,False,False,0.005696000065654516,1,decode_bs32,BLOCK_M32_BLOCK_N128_BLOCK_K64_GROUP_M8_SPLIT_K16_num_warps8_num_stages3
1.3434880375862122,0.7444480061531067,1.8046767893551239,0.9991742298972806,False,False,0.015615999698638916,,f01,BLOCK_M32_BLOCK_N128_BLOCK_K32_GROUP_M8_SPLIT_K1_num_warps8_num_stages2,0.18719999631866813,0.8013439774513245,0.23360754131335454,0.9922918820414892,False,False,0.005696000065654516,1,decode_bs32,BLOCK_M32_BLOCK_N128_BLOCK_K64_GROUP_M8_SPLIT_K4_num_warps2_num_stages2
0.4131839871406555,0.7444480061531067,0.5550206108761854,0.9991742298972806,False,False,0.015615999698638916,,f01,BLOCK_M32_BLOCK_N128_BLOCK_K32_GROUP_M8_SPLIT_K1_num_warps8_num_stages2,0.26038399478420615,0.8013439774513245,0.3249341133284083,0.9922918820414892,False,False,0.005696000065654516,1,decode_bs32,BLOCK_M32_BLOCK_N64_BLOCK_K64_GROUP_M8_SPLIT_K2_num_warps8_num_stages2
1.7802240252494812,0.3235839903354645,5.50158252082835,0.9991742298972806,False,False,0.015615999698638916,cast_not_priced,f01,BLOCK_M32_BLOCK_N128_BLOCK_K32_GROUP_M8_SPLIT_K4_num_warps8_num_stages2,0.14604799589142203,0.23423999547958374,0.6234972622519177,0.9922918820414892,False,False,0.005696000065654516,1,decode_bs32,BLOCK_M16_BLOCK_N64_BLOCK_K128_GROUP_M8_SPLIT_K16_num_warps2_num_stages2
0.4410879909992218,0.3235839903354645,1.3631329242894221,0.9991742298972806,False,False,0.015615999698638916,cast_not_priced,f01,BLOCK_M32_BLOCK_N128_BLOCK_K32_GROUP_M8_SPLIT_K4_num_warps8_num_stages2,0.14969599386677146,0.23423999547958374,0.6390710244007791,0.9922918820414892,False,False,0.005696000065654516,1,decode_bs32,BLOCK_M32_BLOCK_N64_BLOCK_K128_GROUP_M8_SPLIT_K8_num_warps8_num_stages2
0.7605760097503662,0.3235839903354645,2.3504747838787248,0.9991742298972806,False,False,0.015615999698638916,cast_not_priced,f01,BLOCK_M32_BLOCK_N128_BLOCK_K32_GROUP_M8_SPLIT_K4_num_warps8_num_stages2,0.8077120198868215,0.23423999547958374,3.4482241951597943,0.9922918820414892,False,False,0.005696000065654516,1,decode_bs32,BLOCK_M32_BLOCK_N128_BLOCK_K32_GROUP_M8_SPLIT_K1_num_warps8_num_stages2
0.3391999900341034,0.3235839903354645,1.0482594941809376,0.9991742298972806,False,False,0.015615999698638916,cast_not_priced,f01,BLOCK_M32_BLOCK_N128_BLOCK_K32_GROUP_M8_SPLIT_K4_num_warps8_num_stages2,0.2392960055731237,0.23423999547958374,1.0215847429606897,0.9922918820414892,False,False,0.005696000065654516,1,decode_bs32,BLOCK_M32_BLOCK_N128_BLOCK_K32_GROUP_M8_SPLIT_K4_num_warps8_num_stages2
0.46643200516700745,0.3235839903354645,1.4414557552227791,0.9991742298972806,False,False,0.015615999698638916,cast_not_priced,f01,BLOCK_M32_BLOCK_N128_BLOCK_K32_GROUP_M8_SPLIT_K4_num_warps8_num_stages2,0.2374079986475408,0.23423999547958374,1.0135246039493422,0.9922918820414892,False,False,0.005696000065654516,1,decode_bs32,BLOCK_M32_BLOCK_N64_BLOCK_K32_GROUP_M8_SPLIT_K8_num_warps8_num_stages2
0.5434880256652832,0.3235839903354645,1.679588737075159,0.9991742298972806,False,False,0.015615999698638916,cast_not_priced,f01,BLOCK_M32_BLOCK_N128_BLOCK_K32_GROUP_M8_SPLIT_K4_num_warps8_num_stages2,0.15401600440964103,0.23423999547958374,0.6575136927163449,0.9922918820414892,False,False,0.005696000065654516,1,decode_bs32,BLOCK_M16_BLOCK_N128_BLOCK_K64_GROUP_M8_SPLIT_K16_num_warps8_num_stages2
2.4412160515785217,0.3235839903354645,7.544304182192931,0.9991742298972806,False,False,0.015615999698638916,cast_not_priced,f01,BLOCK_M32_BLOCK_N128_BLOCK_K32_GROUP_M8_SPLIT_K4_num_warps8_num_stages2,0.14182399353012443,0.23423999547958374,0.6054644649379946,0.9922918820414892,False,False,0.005696000065654516,1,decode_bs32,BLOCK_M16_BLOCK_N128_BLOCK_K64_GROUP_M8_SPLIT_K16_num_warps2_num_stages3
0.5749760270118713,0.3235839903354645,1.7768988707252942,0.9991742298972806,False,False,0.015615999698638916,cast_not_priced,f01,BLOCK_M32_BLOCK_N128_BLOCK_K32_GROUP_M8_SPLIT_K4_num_warps8_num_stages2,0.14553600689396262,0.23423999547958374,0.6213115168312385,0.9922918820414892,False,False,0.005696000065654516,1,decode_bs32,BLOCK_M16_BLOCK_N128_BLOCK_K64_GROUP_M8_SPLIT_K16_num_warps8_num_stages3
2.8142080903053284,0.3235839903354645,8.696994209719078,0.9991742298972806,False,False,0.015615999698638916,cast_not_priced,f01,BLOCK_M32_BLOCK_N128_BLOCK_K32_GROUP_M8_SPLIT_K4_num_warps8_num_stages2,0.16188800474628806,0.23423999547958374,0.6911202521791294,0.9922918820414892,False,False,0.005696000065654516,1,decode_bs32,BLOCK_M16_BLOCK_N128_BLOCK_K64_GROUP_M8_SPLIT_K2_num_warps2_num_stages3
0.5639680027961731,0.3235839903354645,1.7428798075315741,0.9991742298972806,False,False,0.015615999698638916,cast_not_priced,f01,BLOCK_M32_BLOCK_N128_BLOCK_K32_GROUP_M8_SPLIT_K4_num_warps8_num_stages2,0.2366399927996099,0.23423999547958374,1.0102458903959266,0.9922918820414892,False,False,0.005696000065654516,1,decode_bs32,BLOCK_M16_BLOCK_N64_BLOCK_K64_GROUP_M8_SPLIT_K1_num_warps4_num_stages3
0.42239999771118164,0.3235839903354645,1.3053797787500954,0.9991742298972806,False,False,0.015615999698638916,cast_not_priced,f01,BLOCK_M32_BLOCK_N128_BLOCK_K32_GROUP_M8_SPLIT_K4_num_warps8_num_stages2,0.13254399737343192,0.23423999547958374,0.5658469942422126,0.9922918820414892,False,False,0.005696000065654516,1,decode_bs32,BLOCK_M32_BLOCK_N128_BLOCK_K64_GROUP_M8_SPLIT_K16_num_warps8_num_stages3
1.3434880375862122,0.3235839903354645,4.151898974338618,0.9991742298972806,False,False,0.015615999698638916,cast_not_priced,f01,BLOCK_M32_BLOCK_N128_BLOCK_K32_GROUP_M8_SPLIT_K4_num_warps8_num_stages2,0.18719999631866813,0.23423999547958374,0.7991803275755459,0.9922918820414892,False,False,0.005696000065654516,1,decode_bs32,BLOCK_M32_BLOCK_N128_BLOCK_K64_GROUP_M8_SPLIT_K4_num_warps2_num_stages2
0.4131839871406555,0.3235839903354645,1.276898732574196,0.9991742298972806,False,False,0.015615999698638916,cast_not_priced,f01,BLOCK_M32_BLOCK_N128_BLOCK_K32_GROUP_M8_SPLIT_K4_num_warps8_num_stages2,0.26038399478420615,0.23423999547958374,1.111612021043183,0.9922918820414892,False,False,0.005696000065654516,1,decode_bs32,BLOCK_M32_BLOCK_N64_BLOCK_K64_GROUP_M8_SPLIT_K2_num_warps8_num_stages2
1.7802240252494812,0.45260798931121826,3.933258067226426,0.9991742298972806,False,False,0.015615999698638916,cast_not_priced,f01,BLOCK_M32_BLOCK_N64_BLOCK_K32_GROUP_M8_SPLIT_K8_num_warps8_num_stages2,0.14604799589142203,0.23164799809455872,0.630473809800874,0.9922918820414892,False,False,0.005696000065654516,1,decode_bs32,BLOCK_M16_BLOCK_N64_BLOCK_K128_GROUP_M8_SPLIT_K16_num_warps2_num_stages2
0.4410879909992218,0.45260798931121826,0.9745475144406363,0.9991742298972806,False,False,0.015615999698638916,cast_not_priced,f01,BLOCK_M32_BLOCK_N64_BLOCK_K32_GROUP_M8_SPLIT_K8_num_warps8_num_stages2,0.14969599386677146,0.23164799809455872,0.6462218326862706,0.9922918820414892,False,False,0.005696000065654516,1,decode_bs32,BLOCK_M32_BLOCK_N64_BLOCK_K128_GROUP_M8_SPLIT_K8_num_warps8_num_stages2
0.7605760097503662,0.45260798931121826,1.680429925481023,0.9991742298972806,False,False,0.015615999698638916,cast_not_priced,f01,BLOCK_M32_BLOCK_N64_BLOCK_K32_GROUP_M8_SPLIT_K8_num_warps8_num_stages2,0.8077120198868215,0.23164799809455872,3.4868076846367284,0.9922918820414892,False,False,0.005696000065654516,1,decode_bs32,BLOCK_M32_BLOCK_N128_BLOCK_K32_GROUP_M8_SPLIT_K1_num_warps8_num_stages2
0.3391999900341034,0.45260798931121826,0.7494343848200737,0.9991742298972806,False,False,0.015615999698638916,cast_not_priced,f01,BLOCK_M32_BLOCK_N64_BLOCK_K32_GROUP_M8_SPLIT_K8_num_warps8_num_stages2,0.2392960055731237,0.23164799809455872,1.0330156424466188,0.9922918820414892,False,False,0.005696000065654516,1,decode_bs32,BLOCK_M32_BLOCK_N128_BLOCK_K32_GROUP_M8_SPLIT_K4_num_warps8_num_stages2
0.46643200516700745,0.45260798931121826,1.0305430221786995,0.9991742298972806,False,False,0.015615999698638916,cast_not_priced,f01,BLOCK_M32_BLOCK_N64_BLOCK_K32_GROUP_M8_SPLIT_K8_num_warps8_num_stages2,0.2374079986475408,0.23164799809455872,1.0248653154802179,0.9922918820414892,False,False,0.005696000065654516,1,decode_bs32,BLOCK_M32_BLOCK_N64_BLOCK_K32_GROUP_M8_SPLIT_K8_num_warps8_num_stages2
0.5434880256652832,0.45260798931121826,1.2007919402668228,0.9991742298972806,False,False,0.015615999698638916,cast_not_priced,f01,BLOCK_M32_BLOCK_N64_BLOCK_K32_GROUP_M8_SPLIT_K8_num_warps8_num_stages2,0.15401600440964103,0.23164799809455872,0.6648708630185169,0.9922918820414892,False,False,0.005696000065654516,1,decode_bs32,BLOCK_M16_BLOCK_N128_BLOCK_K64_GROUP_M8_SPLIT_K16_num_warps8_num_stages2
2.4412160515785217,0.45260798931121826,5.393665399706222,0.9991742298972806,False,False,0.015615999698638916,cast_not_priced,f01,BLOCK_M32_BLOCK_N64_BLOCK_K32_GROUP_M8_SPLIT_K8_num_warps8_num_stages2,0.14182399353012443,0.23164799809455872,0.6122392366724959,0.9922918820414892,False,False,0.005696000065654516,1,decode_bs32,BLOCK_M16_BLOCK_N128_BLOCK_K64_GROUP_M8_SPLIT_K16_num_warps2_num_stages3
0.5749760270118713,0.45260798931121826,1.2703620806315716,0.9991742298972806,False,False,0.015615999698638916,cast_not_priced,f01,BLOCK_M32_BLOCK_N64_BLOCK_K32_GROUP_M8_SPLIT_K8_num_warps8_num_stages2,0.14553600689396262,0.23164799809455872,0.6282636072449667,0.9922918820414892,False,False,0.005696000065654516,1,decode_bs32,BLOCK_M16_BLOCK_N128_BLOCK_K64_GROUP_M8_SPLIT_K16_num_warps8_num_stages3
2.8142080903053284,0.45260798931121826,6.217760527356153,0.9991742298972806,False,False,0.015615999698638916,cast_not_priced,f01,BLOCK_M32_BLOCK_N64_BLOCK_K32_GROUP_M8_SPLIT_K8_num_warps8_num_stages2,0.16188800474628806,0.23164799809455872,0.6988534590322917,0.9922918820414892,False,False,0.005696000065654516,1,decode_bs32,BLOCK_M16_BLOCK_N128_BLOCK_K64_GROUP_M8_SPLIT_K2_num_warps2_num_stages3
0.5639680027961731,0.45260798931121826,1.2460407595862883,0.9991742298972806,False,False,0.015615999698638916,cast_not_priced,f01,BLOCK_M32_BLOCK_N64_BLOCK_K32_GROUP_M8_SPLIT_K8_num_warps8_num_stages2,0.2366399927996099,0.23164799809455872,1.0215499151562426,0.9922918820414892,False,False,0.005696000065654516,1,decode_bs32,BLOCK_M16_BLOCK_N64_BLOCK_K64_GROUP_M8_SPLIT_K1_num_warps4_num_stages3
0.42239999771118164,0.45260798931121826,0.9332579355348823,0.9991742298972806,False,False,0.015615999698638916,cast_not_priced,f01,BLOCK_M32_BLOCK_N64_BLOCK_K32_GROUP_M8_SPLIT_K8_num_warps8_num_stages2,0.13254399737343192,0.23164799809455872,0.5721784710581762,0.9922918820414892,False,False,0.005696000065654516,1,decode_bs32,BLOCK_M32_BLOCK_N128_BLOCK_K64_GROUP_M8_SPLIT_K16_num_warps8_num_stages3
1.3434880375862122,0.45260798931121826,2.9683259449987633,0.9991742298972806,False,False,0.015615999698638916,cast_not_priced,f01,BLOCK_M32_BLOCK_N64_BLOCK_K32_GROUP_M8_SPLIT_K8_num_warps8_num_stages2,0.18719999631866813,0.23164799809455872,0.80812265963228,0.9922918820414892,False,False,0.005696000065654516,1,decode_bs32,BLOCK_M32_BLOCK_N128_BLOCK_K64_GROUP_M8_SPLIT_K4_num_warps2_num_stages2
0.4131839871406555,0.45260798931121826,0.9128959207490825,0.9991742298972806,False,False,0.015615999698638916,cast_not_priced,f01,BLOCK_M32_BLOCK_N64_BLOCK_K32_GROUP_M8_SPLIT_K8_num_warps8_num_stages2,0.26038399478420615,0.23164799809455872,1.124050269918229,0.9922918820414892,False,False,0.005696000065654516,1,decode_bs32,BLOCK_M32_BLOCK_N64_BLOCK_K64_GROUP_M8_SPLIT_K2_num_warps8_num_stages2
1.7802240252494812,0.5283839702606201,3.3691862839279616,0.9991742298972806,False,False,0.015615999698638916,cast_not_priced,f01,BLOCK_M16_BLOCK_N128_BLOCK_K64_GROUP_M8_SPLIT_K16_num_warps8_num_stages2,0.14604799589142203,0.14476799964904785,1.0088417070449076,0.9922918820414892,False,False,0.005696000065654516,1,decode_bs32,BLOCK_M16_BLOCK_N64_BLOCK_K128_GROUP_M8_SPLIT_K16_num_warps2_num_stages2
0.4410879909992218,0.5283839702606201,0.8347868516557373,0.9991742298972806,False,False,0.015615999698638916,cast_not_priced,f01,BLOCK_M16_BLOCK_N128_BLOCK_K64_GROUP_M8_SPLIT_K16_num_warps8_num_stages2,0.14969599386677146,0.14476799964904785,1.0340406321125541,0.9922918820414892,False,False,0.005696000065654516,1,decode_bs32,BLOCK_M32_BLOCK_N64_BLOCK_K128_GROUP_M8_SPLIT_K8_num_warps8_num_stages2
0.7605760097503662,0.5283839702606201,1.439438083966135,0.9991742298972806,False,False,0.015615999698638916,cast_not_priced,f01,BLOCK_M16_BLOCK_N128_BLOCK_K64_GROUP_M8_SPLIT_K16_num_warps8_num_stages2,0.8077120198868215,0.14476799964904785,5.579354704388456,0.9922918820414892,False,False,0.005696000065654516,1,decode_bs32,BLOCK_M32_BLOCK_N128_BLOCK_K32_GROUP_M8_SPLIT_K1_num_warps8_num_stages2
0.3391999900341034,0.5283839702606201,0.6419573816117026,0.9991742298972806,False,False,0.015615999698638916,cast_not_priced,f01,BLOCK_M16_BLOCK_N128_BLOCK_K64_GROUP_M8_SPLIT_K16_num_warps8_num_stages2,0.2392960055731237,0.14476799964904785,1.6529620230522923,0.9922918820414892,False,False,0.005696000065654516,1,decode_bs32,BLOCK_M32_BLOCK_N128_BLOCK_K32_GROUP_M8_SPLIT_K4_num_warps8_num_stages2
0.46643200516700745,0.5283839702606201,0.8827519974478872,0.9991742298972806,False,False,0.015615999698638916,cast_not_priced,f01,BLOCK_M16_BLOCK_N128_BLOCK_K64_GROUP_M8_SPLIT_K16_num_warps8_num_stages2,0.2374079986475408,0.14476799964904785,1.6399204190364887,0.9922918820414892,False,False,0.005696000065654516,1,decode_bs32,BLOCK_M32_BLOCK_N64_BLOCK_K32_GROUP_M8_SPLIT_K8_num_warps8_num_stages2
0.5434880256652832,0.5283839702606201,1.0285853777835334,0.9991742298972806,False,False,0.015615999698638916,cast_not_priced,f01,BLOCK_M16_BLOCK_N128_BLOCK_K64_GROUP_M8_SPLIT_K16_num_warps8_num_stages2,0.15401600440964103,0.14476799964904785,1.0638815538172286,0.9922918820414892,False,False,0.005696000065654516,1,decode_bs32,BLOCK_M16_BLOCK_N128_BLOCK_K64_GROUP_M8_SPLIT_K16_num_warps8_num_stages2
2.4412160515785217,0.5283839702606201,4.620155396414498,0.9991742298972806,False,False,0.015615999698638916,cast_not_priced,f01,BLOCK_M16_BLOCK_N128_BLOCK_K64_GROUP_M8_SPLIT_K16_num_warps8_num_stages2,0.14182399353012443,0.14476799964904785,0.9796639718303741,0.9922918820414892,False,False,0.005696000065654516,1,decode_bs32,BLOCK_M16_BLOCK_N128_BLOCK_K64_GROUP_M8_SPLIT_K16_num_warps2_num_stages3
0.5749760270118713,0.5283839702606201,1.0881784069419633,0.9991742298972806,False,False,0.015615999698638916,cast_not_priced,f01,BLOCK_M16_BLOCK_N128_BLOCK_K64_GROUP_M8_SPLIT_K16_num_warps8_num_stages2,0.14553600689396262,0.14476799964904785,1.0053050898456606,0.9922918820414892,False,False,0.005696000065654516,1,decode_bs32,BLOCK_M16_BLOCK_N128_BLOCK_K64_GROUP_M8_SPLIT_K16_num_warps8_num_stages3
2.8142080903053284,0.5283839702606201,5.326066362151843,0.9991742298972806,False,False,0.015615999698638916,cast_not_priced,f01,BLOCK_M16_BLOCK_N128_BLOCK_K64_GROUP_M8_SPLIT_K16_num_warps8_num_stages2,0.16188800474628806,0.14476799964904785,1.1182582140994086,0.9922918820414892,False,False,0.005696000065654516,1,decode_bs32,BLOCK_M16_BLOCK_N128_BLOCK_K64_GROUP_M8_SPLIT_K2_num_warps2_num_stages3
0.5639680027961731,0.5283839702606201,1.0673450266063171,0.9991742298972806,False,False,0.015615999698638916,cast_not_priced,f01,BLOCK_M16_BLOCK_N128_BLOCK_K64_GROUP_M8_SPLIT_K16_num_warps8_num_stages2,0.2366399927996099,0.14476799964904785,1.6346153388406393,0.9922918820414892,False,False,0.005696000065654516,1,decode_bs32,BLOCK_M16_BLOCK_N64_BLOCK_K64_GROUP_M8_SPLIT_K1_num_warps4_num_stages3
0.42239999771118164,0.5283839702606201,0.7994186453136287,0.9991742298972806,False,False,0.015615999698638916,cast_not_priced,f01,BLOCK_M16_BLOCK_N128_BLOCK_K64_GROUP_M8_SPLIT_K16_num_warps8_num_stages2,0.13254399737343192,0.14476799964904785,0.915561434120456,0.9922918820414892,False,False,0.005696000065654516,1,decode_bs32,BLOCK_M32_BLOCK_N128_BLOCK_K64_GROUP_M8_SPLIT_K16_num_warps8_num_stages3
1.3434880375862122,0.5283839702606201,2.542635873157829,0.9991742298972806,False,False,0.015615999698638916,cast_not_priced,f01,BLOCK_M16_BLOCK_N128_BLOCK_K64_GROUP_M8_SPLIT_K16_num_warps8_num_stages2,0.18719999631866813,0.14476799964904785,1.2931034259814707,0.9922918820414892,False,False,0.005696000065654516,1,decode_bs32,BLOCK_M32_BLOCK_N128_BLOCK_K64_GROUP_M8_SPLIT_K4_num_warps2_num_stages2
0.4131839871406555,0.5283839702606201,0.7819767638614332,0.9991742298972806,False,False,0.015615999698638916,cast_not_priced,f01,BLOCK_M16_BLOCK_N128_BLOCK_K64_GROUP_M8_SPLIT_K16_num_warps8_num_stages2,0.26038399478420615,0.14476799964904785,1.798629499719821,0.9922918820414892,False,False,0.005696000065654516,1,decode_bs32,BLOCK_M32_BLOCK_N64_BLOCK_K64_GROUP_M8_SPLIT_K2_num_warps8_num_stages2
1.7802240252494812,2.471168041229248,0.7203978019899989,0.9991742298972806,False,False,0.015615999698638916,cast_not_priced,f01,BLOCK_M16_BLOCK_N128_BLOCK_K64_GROUP_M8_SPLIT_K16_num_warps2_num_stages3,0.14604799589142203,0.1324480026960373,1.102681753733925,0.9922918820414892,False,False,0.005696000065654516,1,decode_bs32,BLOCK_M16_BLOCK_N64_BLOCK_K128_GROUP_M8_SPLIT_K16_num_warps2_num_stages2
0.4410879909992218,2.471168041229248,0.17849372589806103,0.9991742298972806,False,False,0.015615999698638916,cast_not_priced,f01,BLOCK_M16_BLOCK_N128_BLOCK_K64_GROUP_M8_SPLIT_K16_num_warps2_num_stages3,0.14969599386677146,0.1324480026960373,1.1302246226416686,0.9922918820414892,False,False,0.005696000065654516,1,decode_bs32,BLOCK_M32_BLOCK_N64_BLOCK_K128_GROUP_M8_SPLIT_K8_num_warps8_num_stages2
0.7605760097503662,2.471168041229248,0.30777996358840426,0.9991742298972806,False,False,0.015615999698638916,cast_not_priced,f01,BLOCK_M16_BLOCK_N128_BLOCK_K64_GROUP_M8_SPLIT_K16_num_warps2_num_stages3,0.8077120198868215,0.1324480026960373,6.098332956673475,0.9922918820414892,False,False,0.005696000065654516,1,decode_bs32,BLOCK_M32_BLOCK_N128_BLOCK_K32_GROUP_M8_SPLIT_K1_num_warps8_num_stages2
0.3391999900341034,2.471168041229248,0.13726302071524568,0.9991742298972806,False,False,0.015615999698638916,cast_not_priced,f01,BLOCK_M16_BLOCK_N128_BLOCK_K64_GROUP_M8_SPLIT_K16_num_warps2_num_stages3,0.2392960055731237,0.1324480026960373,1.8067166035134419,0.9922918820414892,False,False,0.005696000065654516,1,decode_bs32,BLOCK_M32_BLOCK_N128_BLOCK_K32_GROUP_M8_SPLIT_K4_num_warps8_num_stages2
0.46643200516700745,2.471168041229248,0.18874961046153194,0.9991742298972806,False,False,0.015615999698638916,cast_not_priced,f01,BLOCK_M16_BLOCK_N128_BLOCK_K64_GROUP_M8_SPLIT_K16_num_warps2_num_stages3,0.2374079986475408,0.1324480026960373,1.792461900632676,0.9922918820414892,False,False,0.005696000065654516,1,decode_bs32,BLOCK_M32_BLOCK_N64_BLOCK_K32_GROUP_M8_SPLIT_K8_num_warps8_num_stages2
0.5434880256652832,2.471168041229248,0.21993163418985165,0.9991742298972806,False,False,0.015615999698638916,cast_not_priced,f01,BLOCK_M16_BLOCK_N128_BLOCK_K64_GROUP_M8_SPLIT_K16_num_warps2_num_stages3,0.15401600440964103,0.1324480026960373,1.162841275629512,0.9922918820414892,False,False,0.005696000065654516,1,decode_bs32,BLOCK_M16_BLOCK_N128_BLOCK_K64_GROUP_M8_SPLIT_K16_num_warps8_num_stages2
2.4412160515785217,2.471168041229248,0.9878794201159112,0.9991742298972806,False,False,0.015615999698638916,cast_not_priced,f01,BLOCK_M16_BLOCK_N128_BLOCK_K64_GROUP_M8_SPLIT_K16_num_warps2_num_stages3,0.14182399353012443,0.1324480026960373,1.0707899752599868,0.9922918820414892,False,False,0.005696000065654516,1,decode_bs32,BLOCK_M16_BLOCK_N128_BLOCK_K64_GROUP_M8_SPLIT_K16_num_warps2_num_stages3
0.5749760270118713,2.471168041229248,0.23267378722082271,0.9991742298972806,False,False,0.015615999698638916,cast_not_priced,f01,BLOCK_M16_BLOCK_N128_BLOCK_K64_GROUP_M8_SPLIT_K16_num_warps2_num_stages3,0.14553600689396262,0.1324480026960373,1.0988161688474967,0.9922918820414892,False,False,0.005696000065654516,1,decode_bs32,BLOCK_M16_BLOCK_N128_BLOCK_K64_GROUP_M8_SPLIT_K16_num_warps8_num_stages3
2.8142080903053284,2.471168041229248,1.1388169656424658,0.9991742298972806,False,False,0.015615999698638916,cast_not_priced,f01,BLOCK_M16_BLOCK_N128_BLOCK_K64_GROUP_M8_SPLIT_K16_num_warps2_num_stages3,0.16188800474628806,0.1324480026960373,1.2222759230111937,0.9922918820414892,False,False,0.005696000065654516,1,decode_bs32,BLOCK_M16_BLOCK_N128_BLOCK_K64_GROUP_M8_SPLIT_K2_num_warps2_num_stages3
0.5639680027961731,2.471168041229248,0.22821920378819527,0.9991742298972806,False,False,0.015615999698638916,cast_not_priced,f01,BLOCK_M16_BLOCK_N128_BLOCK_K64_GROUP_M8_SPLIT_K16_num_warps2_num_stages3,0.2366399927996099,0.1324480026960373,1.7866633545444164,0.9922918820414892,False,False,0.005696000065654516,1,decode_bs32,BLOCK_M16_BLOCK_N64_BLOCK_K64_GROUP_M8_SPLIT_K1_num_warps4_num_stages3
0.42239999771118164,2.471168041229248,0.17093131291106559,0.9991742298972806,False,False,0.015615999698638916,cast_not_priced,f01,BLOCK_M16_BLOCK_N128_BLOCK_K64_GROUP_M8_SPLIT_K16_num_warps2_num_stages3,0.13254399737343192,0.1324480026960373,1.0007247725555737,0.9922918820414892,False,False,0.005696000065654516,1,decode_bs32,BLOCK_M32_BLOCK_N128_BLOCK_K64_GROUP_M8_SPLIT_K16_num_warps8_num_stages3
1.3434880375862122,2.471168041229248,0.5436651879480898,0.9991742298972806,False,False,0.015615999698638916,cast_not_priced,f01,BLOCK_M16_BLOCK_N128_BLOCK_K64_GROUP_M8_SPLIT_K16_num_warps2_num_stages3,0.18719999631866813,0.1324480026960373,1.4133848190091955,0.9922918820414892,False,False,0.005696000065654516,1,decode_bs32,BLOCK_M32_BLOCK_N128_BLOCK_K64_GROUP_M8_SPLIT_K4_num_warps2_num_stages2
0.4131839871406555,2.471168041229248,0.16720189814980083,0.9991742298972806,False,False,0.015615999698638916,cast_not_priced,f01,BLOCK_M16_BLOCK_N128_BLOCK_K64_GROUP_M8_SPLIT_K16_num_warps2_num_stages3,0.26038399478420615,0.1324480026960373,1.9659337210375054,0.9922918820414892,False,False,0.005696000065654516,1,decode_bs32,BLOCK_M32_BLOCK_N64_BLOCK_K64_GROUP_M8_SPLIT_K2_num_warps8_num_stages2
1.7802240252494812,0.5611519813537598,3.172445405885857,0.9991742298972806,False,False,0.015615999698638916,cast_not_priced,f01,BLOCK_M16_BLOCK_N128_BLOCK_K64_GROUP_M8_SPLIT_K16_num_warps8_num_stages3,0.14604799589142203,0.1480959951877594,0.9861711365405873,0.9922918820414892,False,False,0.005696000065654516,1,decode_bs32,BLOCK_M16_BLOCK_N64_BLOCK_K128_GROUP_M8_SPLIT_K16_num_warps2_num_stages2
0.4410879909992218,0.5611519813537598,0.7860401560645162,0.9991742298972806,False,False,0.015615999698638916,cast_not_priced,f01,BLOCK_M16_BLOCK_N128_BLOCK_K64_GROUP_M8_SPLIT_K16_num_warps8_num_stages3,0.14969599386677146,0.1480959951877594,1.010803794369885,0.9922918820414892,False,False,0.005696000065654516,1,decode_bs32,BLOCK_M32_BLOCK_N64_BLOCK_K128_GROUP_M8_SPLIT_K8_num_warps8_num_stages2
0.7605760097503662,0.5611519813537598,1.3553832740918117,0.9991742298972806,False,False,0.015615999698638916,cast_not_priced,f01,BLOCK_M16_BLOCK_N128_BLOCK_K64_GROUP_M8_SPLIT_K16_num_warps8_num_stages3,0.8077120198868215,0.1480959951877594,5.453976110986568,0.9922918820414892,False,False,0.005696000065654516,1,decode_bs32,BLOCK_M32_BLOCK_N128_BLOCK_K32_GROUP_M8_SPLIT_K1_num_warps8_num_stages2
0.3391999900341034,0.5611519813537598,0.6044708052456575,0.9991742298972806,False,False,0.015615999698638916,cast_not_priced,f01,BLOCK_M16_BLOCK_N128_BLOCK_K64_GROUP_M8_SPLIT_K16_num_warps8_num_stages3,0.2392960055731237,0.1480959951877594,1.6158168576384453,0.9922918820414892,False,False,0.005696000065654516,1,decode_bs32,BLOCK_M32_BLOCK_N128_BLOCK_K32_GROUP_M8_SPLIT_K4_num_warps8_num_stages2
0.46643200516700745,0.5611519813537598,0.8312044163895783,0.9991742298972806,False,False,0.015615999698638916,cast_not_priced,f01,BLOCK_M16_BLOCK_N128_BLOCK_K64_GROUP_M8_SPLIT_K16_num_warps8_num_stages3,0.2374079986475408,0.1480959951877594,1.6030683229924594,0.9922918820414892,False,False,0.005696000065654516,1,decode_bs32,BLOCK_M32_BLOCK_N64_BLOCK_K32_GROUP_M8_SPLIT_K8_num_warps8_num_stages2
0.5434880256652832,0.5611519813537598,0.9685219757295289,0.9991742298972806,False,False,0.015615999698638916,cast_not_priced,f01,BLOCK_M16_BLOCK_N128_BLOCK_K64_GROUP_M8_SPLIT_K16_num_warps8_num_stages3,0.15401600440964103,0.1480959951877594,1.0399741344414892,0.9922918820414892,False,False,0.005696000065654516,1,decode_bs32,BLOCK_M16_BLOCK_N128_BLOCK_K64_GROUP_M8_SPLIT_K16_num_warps8_num_stages2
2.4412160515785217,0.5611519813537598,4.350365199975188,0.9991742298972806,False,False,0.015615999698638916,cast_not_priced,f01,BLOCK_M16_BLOCK_N128_BLOCK_K64_GROUP_M8_SPLIT_K16_num_warps8_num_stages3,0.14182399353012443,0.1480959951877594,0.9576490799114238,0.9922918820414892,False,False,0.005696000065654516,1,decode_bs32,BLOCK_M16_BLOCK_N128_BLOCK_K64_GROUP_M8_SPLIT_K16_num_warps2_num_stages3
0.5749760270118713,0.5611519813537598,1.0246351186799012,0.9991742298972806,False,False,0.015615999698638916,cast_not_priced,f01,BLOCK_M16_BLOCK_N128_BLOCK_K64_GROUP_M8_SPLIT_K16_num_warps8_num_stages3,0.14553600689396262,0.1480959951877594,0.9827139937811878,0.9922918820414892,False,False,0.005696000065654516,1,decode_bs32,BLOCK_M16_BLOCK_N128_BLOCK_K64_GROUP_M8_SPLIT_K16_num_warps8_num_stages3
2.8142080903053284,0.5611519813537598,5.015055072096776,0.9991742298972806,False,False,0.015615999698638916,cast_not_priced,f01,BLOCK_M16_BLOCK_N128_BLOCK_K64_GROUP_M8_SPLIT_K16_num_warps8_num_stages3,0.16188800474628806,0.1480959951877594,1.0931288488999507,0.9922918820414892,False,False,0.005696000065654516,1,decode_bs32,BLOCK_M16_BLOCK_N128_BLOCK_K64_GROUP_M8_SPLIT_K2_num_warps2_num_stages3
0.5639680027961731,0.5611519813537598,1.0050182865533501,0.9991742298972806,False,False,0.015615999698638916,cast_not_priced,f01,BLOCK_M16_BLOCK_N128_BLOCK_K64_GROUP_M8_SPLIT_K16_num_warps8_num_stages3,0.2366399927996099,0.1480959951877594,1.5978824579259718,0.9922918820414892,False,False,0.005696000065654516,1,decode_bs32,BLOCK_M16_BLOCK_N64_BLOCK_K64_GROUP_M8_SPLIT_K1_num_warps4_num_stages3
0.42239999771118164,0.5611519813537598,0.7527372472109183,0.9991742298972806,False,False,0.015615999698638916,cast_not_priced,f01,BLOCK_M16_BLOCK_N128_BLOCK_K64_GROUP_M8_SPLIT_K16_num_warps8_num_stages3,0.13254399737343192,0.1480959951877594,0.8949870467826607,0.9922918820414892,False,False,0.005696000065654516,1,decode_bs32,BLOCK_M32_BLOCK_N128_BLOCK_K64_GROUP_M8_SPLIT_K16_num_warps8_num_stages3
1.3434880375862122,0.5611519813537598,2.3941607304764276,0.9991742298972806,False,False,0.015615999698638916,cast_not_priced,f01,BLOCK_M16_BLOCK_N128_BLOCK_K64_GROUP_M8_SPLIT_K16_num_warps8_num_stages3,0.18719999631866813,0.1480959951877594,1.2640449600364398,0.9922918820414892,False,False,0.005696000065654516,1,decode_bs32,BLOCK_M32_BLOCK_N128_BLOCK_K64_GROUP_M8_SPLIT_K4_num_warps2_num_stages2
0.4131839871406555,0.5611519813537598,0.7363138701637717,0.9991742298972806,False,False,0.015615999698638916,cast_not_priced,f01,BLOCK_M16_BLOCK_N128_BLOCK_K64_GROUP_M8_SPLIT_K16_num_warps8_num_stages3,0.26038399478420615,0.1480959951877594,1.758210912145771,0.9922918820414892,False,False,0.005696000065654516,1,decode_bs32,BLOCK_M32_BLOCK_N64_BLOCK_K64_GROUP_M8_SPLIT_K2_num_warps8_num_stages2
1.7802240252494812,2.9073920249938965,0.6123095922206151,0.9991742298972806,False,False,0.015615999698638916,cast_not_priced,f01,BLOCK_M16_BLOCK_N128_BLOCK_K64_GROUP_M8_SPLIT_K2_num_warps2_num_stages3,0.14604799589142203,0.15299199521541595,0.9546120088556488,0.9922918820414892,False,False,0.005696000065654516,1,decode_bs32,BLOCK_M16_BLOCK_N64_BLOCK_K128_GROUP_M8_SPLIT_K16_num_warps2_num_stages2
0.4410879909992218,2.9073920249938965,0.15171259575844362,0.9991742298972806,False,False,0.015615999698638916,cast_not_priced,f01,BLOCK_M16_BLOCK_N128_BLOCK_K64_GROUP_M8_SPLIT_K2_num_warps2_num_stages3,0.14969599386677146,0.15299199521541595,0.9784563803877212,0.9922918820414892,False,False,0.005696000065654516,1,decode_bs32,BLOCK_M32_BLOCK_N64_BLOCK_K128_GROUP_M8_SPLIT_K8_num_warps8_num_stages2
0.7605760097503662,2.9073920249938965,0.2616007759572646,0.9991742298972806,False,False,0.015615999698638916,cast_not_priced,f01,BLOCK_M16_BLOCK_N128_BLOCK_K64_GROUP_M8_SPLIT_K2_num_warps2_num_stages3,0.8077120198868215,0.15299199521541595,5.279439742906457,0.9922918820414892,False,False,0.005696000065654516,1,decode_bs32,BLOCK_M32_BLOCK_N128_BLOCK_K32_GROUP_M8_SPLIT_K1_num_warps8_num_stages2
0.3391999900341034,2.9073920249938965,0.1166681297596307,0.9991742298972806,False,False,0.015615999698638916,cast_not_priced,f01,BLOCK_M16_BLOCK_N128_BLOCK_K64_GROUP_M8_SPLIT_K2_num_warps2_num_stages3,0.2392960055731237,0.15299199521541595,1.5641080125544469,0.9922918820414892,False,False,0.005696000065654516,1,decode_bs32,BLOCK_M32_BLOCK_N128_BLOCK_K32_GROUP_M8_SPLIT_K4_num_warps8_num_stages2
0.46643200516700745,2.9073920249938965,0.16042969133754387,0.9991742298972806,False,False,0.015615999698638916,cast_not_priced,f01,BLOCK_M16_BLOCK_N128_BLOCK_K64_GROUP_M8_SPLIT_K2_num_warps2_num_stages3,0.2374079986475408,0.15299199521541595,1.551767452364193,0.9922918820414892,False,False,0.005696000065654516,1,decode_bs32,BLOCK_M32_BLOCK_N64_BLOCK_K32_GROUP_M8_SPLIT_K8_num_warps8_num_stages2
0.5434880256652832,2.9073920249938965,0.18693317619127203,0.9991742298972806,False,False,0.015615999698638916,cast_not_priced,f01,BLOCK_M16_BLOCK_N128_BLOCK_K64_GROUP_M8_SPLIT_K2_num_warps2_num_stages3,0.15401600440964103,0.15299199521541595,1.0066932207321255,0.9922918820414892,False,False,0.005696000065654516,1,decode_bs32,BLOCK_M16_BLOCK_N128_BLOCK_K64_GROUP_M8_SPLIT_K16_num_warps8_num_stages2
2.4412160515785217,2.9073920249938965,0.8396583710047312,0.9991742298972806,False,False,0.015615999698638916,cast_not_priced,f01,BLOCK_M16_BLOCK_N128_BLOCK_K64_GROUP_M8_SPLIT_K2_num_warps2_num_stages3,0.14182399353012443,0.15299199521541595,0.9270027057979946,0.9922918820414892,False,False,0.005696000065654516,1,decode_bs32,BLOCK_M16_BLOCK_N128_BLOCK_K64_GROUP_M8_SPLIT_K16_num_warps2_num_stages3
0.5749760270118713,2.9073920249938965,0.19776350147107472,0.9991742298972806,False,False,0.015615999698638916,cast_not_priced,f01,BLOCK_M16_BLOCK_N128_BLOCK_K64_GROUP_M8_SPLIT_K2_num_warps2_num_stages3,0.14553600689396262,0.15299199521541595,0.9512655004534378,0.9922918820414892,False,False,0.005696000065654516,1,decode_bs32,BLOCK_M16_BLOCK_N128_BLOCK_K64_GROUP_M8_SPLIT_K16_num_warps8_num_stages3
2.8142080903053284,2.9073920249938965,0.9679493051203634,0.9991742298972806,False,False,0.015615999698638916,cast_not_priced,f01,BLOCK_M16_BLOCK_N128_BLOCK_K64_GROUP_M8_SPLIT_K2_num_warps2_num_stages3,0.16188800474628806,0.15299199521541595,1.0581468953218522,0.9922918820414892,False,False,0.005696000065654516,1,decode_bs32,BLOCK_M16_BLOCK_N128_BLOCK_K64_GROUP_M8_SPLIT_K2_num_warps2_num_stages3
0.5639680027961731,2.9073920249938965,0.19397728202730316,0.9991742298972806,False,False,0.015615999698638916,cast_not_priced,f01,BLOCK_M16_BLOCK_N128_BLOCK_K64_GROUP_M8_SPLIT_K2_num_warps2_num_stages3,0.2366399927996099,0.15299199521541595,1.5467475436634173,0.9922918820414892,False,False,0.005696000065654516,1,decode_bs32,BLOCK_M16_BLOCK_N64_BLOCK_K64_GROUP_M8_SPLIT_K1_num_warps4_num_stages3
0.42239999771118164,2.9073920249938965,0.1452848443140613,0.9991742298972806,False,False,0.015615999698638916,cast_not_priced,f01,BLOCK_M16_BLOCK_N128_BLOCK_K64_GROUP_M8_SPLIT_K2_num_warps2_num_stages3,0.13254399737343192,0.15299199521541595,0.8663459626551518,0.9922918820414892,False,False,0.005696000065654516,1,decode_bs32,BLOCK_M32_BLOCK_N128_BLOCK_K64_GROUP_M8_SPLIT_K16_num_warps8_num_stages3
1.3434880375862122,2.9073920249938965,0.46209387177122513,0.9991742298972806,False,False,0.015615999698638916,cast_not_priced,f01,BLOCK_M16_BLOCK_N128_BLOCK_K64_GROUP_M8_SPLIT_K2_num_warps2_num_stages3,0.18719999631866813,0.15299199521541595,1.223593404707786,0.9922918820414892,False,False,0.005696000065654516,1,decode_bs32,BLOCK_M32_BLOCK_N128_BLOCK_K64_GROUP_M8_SPLIT_K4_num_warps2_num_stages2
0.4131839871406555,2.9073920249938965,0.1421149895124731,0.9991742298972806,False,False,0.015615999698638916,cast_not_priced,f01,BLOCK_M16_BLOCK_N128_BLOCK_K64_GROUP_M8_SPLIT_K2_num_warps2_num_stages3,0.26038399478420615,0.15299199521541595,1.7019452188827264,0.9922918820414892,False,False,0.005696000065654516,1,decode_bs32,BLOCK_M32_BLOCK_N64_BLOCK_K64_GROUP_M8_SPLIT_K2_num_warps8_num_stages2
1.7802240252494812,0.5427200198173523,3.280188605993566,0.9991742298972806,False,False,0.015615999698638916,,f01,BLOCK_M16_BLOCK_N64_BLOCK_K64_GROUP_M8_SPLIT_K1_num_warps4_num_stages3,0.14604799589142203,0.23420800268650055,0.6235824319244752,0.9922918820414892,False,False,0.005696000065654516,1,decode_bs32,BLOCK_M16_BLOCK_N64_BLOCK_K128_GROUP_M8_SPLIT_K16_num_warps2_num_stages2
0.4410879909992218,0.5427200198173523,0.8127358027950878,0.9991742298972806,False,False,0.015615999698638916,,f01,BLOCK_M16_BLOCK_N64_BLOCK_K64_GROUP_M8_SPLIT_K1_num_warps4_num_stages3,0.14969599386677146,0.23420800268650055,0.6391583214479107,0.9922918820414892,False,False,0.005696000065654516,1,decode_bs32,BLOCK_M32_BLOCK_N64_BLOCK_K128_GROUP_M8_SPLIT_K8_num_warps8_num_stages2
0.7605760097503662,0.5427200198173523,1.4014150611328682,0.9991742298972806,False,False,0.015615999698638916,,f01,BLOCK_M16_BLOCK_N64_BLOCK_K64_GROUP_M8_SPLIT_K1_num_warps4_num_stages3,0.8077120198868215,0.23420800268650055,3.448695222289161,0.9922918820414892,False,False,0.005696000065654516,1,decode_bs32,BLOCK_M32_BLOCK_N128_BLOCK_K32_GROUP_M8_SPLIT_K1_num_warps8_num_stages2
0.3391999900341034,0.5427200198173523,0.6249999588153358,0.9991742298972806,False,False,0.015615999698638916,,f01,BLOCK_M16_BLOCK_N64_BLOCK_K64_GROUP_M8_SPLIT_K1_num_warps4_num_stages3,0.2392960055731237,0.23420800268650055,1.0217242913489755,0.9922918820414892,False,False,0.005696000065654516,1,decode_bs32,BLOCK_M32_BLOCK_N128_BLOCK_K32_GROUP_M8_SPLIT_K4_num_warps8_num_stages2
0.46643200516700745,0.5427200198173523,0.8594339404026059,0.9991742298972806,False,False,0.015615999698638916,,f01,BLOCK_M16_BLOCK_N64_BLOCK_K64_GROUP_M8_SPLIT_K1_num_warps4_num_stages3,0.2374079986475408,0.23420800268650055,1.01366305132333,0.9922918820414892,False,False,0.005696000065654516,1,decode_bs32,BLOCK_M32_BLOCK_N64_BLOCK_K32_GROUP_M8_SPLIT_K8_num_warps8_num_stages2
0.5434880256652832,0.5427200198173523,1.0014151050631768,0.9991742298972806,False,False,0.015615999698638916,,f01,BLOCK_M16_BLOCK_N64_BLOCK_K64_GROUP_M8_SPLIT_K1_num_warps4_num_stages3,0.15401600440964103,0.23420800268650055,0.6576035090303868,0.9922918820414892,False,False,0.005696000065654516,1,decode_bs32,BLOCK_M16_BLOCK_N128_BLOCK_K64_GROUP_M8_SPLIT_K16_num_warps8_num_stages2
2.4412160515785217,0.5427200198173523,4.498113138336212,0.9991742298972806,False,False,0.015615999698638916,,f01,BLOCK_M16_BLOCK_N64_BLOCK_K64_GROUP_M8_SPLIT_K1_num_warps4_num_stages3,0.14182399353012443,0.23420800268650055,0.6055471713319853,0.9922918820414892,False,False,0.005696000065654516,1,decode_bs32,BLOCK_M16_BLOCK_N128_BLOCK_K64_GROUP_M8_SPLIT_K16_num_warps2_num_stages3
0.5749760270118713,0.5427200198173523,1.0594339733503373,0.9991742298972806,False,False,0.015615999698638916,,f01,BLOCK_M16_BLOCK_N64_BLOCK_K64_GROUP_M8_SPLIT_K1_num_warps4_num_stages3,0.14553600689396262,0.23420800268650055,0.621396387931159,0.9922918820414892,False,False,0.005696000065654516,1,decode_bs32,BLOCK_M16_BLOCK_N128_BLOCK_K64_GROUP_M8_SPLIT_K16_num_warps8_num_stages3
2.8142080903053284,0.5427200198173523,5.185377335541125,0.9991742298972806,False,False,0.015615999698638916,,f01,BLOCK_M16_BLOCK_N64_BLOCK_K64_GROUP_M8_SPLIT_K1_num_warps4_num_stages3,0.16188800474628806,0.23420800268650055,0.6912146591463123,0.9922918820414892,False,False,0.005696000065654516,1,decode_bs32,BLOCK_M16_BLOCK_N128_BLOCK_K64_GROUP_M8_SPLIT_K2_num_warps2_num_stages3
0.5639680027961731,0.5427200198173523,1.039150910603909,0.9991742298972806,False,False,0.015615999698638916,,f01,BLOCK_M16_BLOCK_N64_BLOCK_K64_GROUP_M8_SPLIT_K1_num_warps4_num_stages3,0.2366399927996099,0.23420800268650055,1.0103838898979243,0.9922918820414892,False,False,0.005696000065654516,1,decode_bs32,BLOCK_M16_BLOCK_N64_BLOCK_K64_GROUP_M8_SPLIT_K1_num_warps4_num_stages3
0.42239999771118164,0.5427200198173523,0.7783018541555491,0.9991742298972806,False,False,0.015615999698638916,,f01,BLOCK_M16_BLOCK_N64_BLOCK_K64_GROUP_M8_SPLIT_K1_num_warps4_num_stages3,0.13254399737343192,0.23420800268650055,0.5659242888931036,0.9922918820414892,False,False,0.005696000065654516,1,decode_bs32,BLOCK_M32_BLOCK_N128_BLOCK_K64_GROUP_M8_SPLIT_K16_num_warps8_num_stages3
1.3434880375862122,0.5427200198173523,2.475471676976927,0.9991742298972806,False,False,0.015615999698638916,,f01,BLOCK_M16_BLOCK_N64_BLOCK_K64_GROUP_M8_SPLIT_K1_num_warps4_num_stages3,0.18719999631866813,0.23420800268650055,0.7992894955397615,0.9922918820414892,False,False,0.005696000065654516,1,decode_bs32,BLOCK_M32_BLOCK_N128_BLOCK_K64_GROUP_M8_SPLIT_K4_num_warps2_num_stages2
0.4131839871406555,0.5427200198173523,0.7613207032231997,0.9991742298972806,False,False,0.015615999698638916,,f01,BLOCK_M16_BLOCK_N64_BLOCK_K64_GROUP_M8_SPLIT_K1_num_warps4_num_stages3,0.26038399478420615,0.23420800268650055,1.1117638671499348,0.9922918820414892,False,False,0.005696000065654516,1,decode_bs32,BLOCK_M32_BLOCK_N64_BLOCK_K64_GROUP_M8_SPLIT_K2_num_warps8_num_stages2
1.7802240252494812,0.4055039882659912,4.390151704455591,0.9991742298972806,False,False,0.015615999698638916,cast_not_priced,f01,BLOCK_M32_BLOCK_N128_BLOCK_K64_GROUP_M8_SPLIT_K16_num_warps8_num_stages3,0.14604799589142203,0.11683200299739838,1.2500684071527408,0.9922918820414892,False,False,0.005696000065654516,1,decode_bs32,BLOCK_M16_BLOCK_N64_BLOCK_K128_GROUP_M8_SPLIT_K16_num_warps2_num_stages2
0.4410879909992218,0.4055039882659912,1.0877525345321368,0.9991742298972806,False,False,0.015615999698638916,cast_not_priced,f01,BLOCK_M32_BLOCK_N128_BLOCK_K64_GROUP_M8_SPLIT_K16_num_warps8_num_stages3,0.14969599386677146,0.11683200299739838,1.2812927111256056,0.9922918820414892,False,False,0.005696000065654516,0,decode_bs32,BLOCK_M32_BLOCK_N64_BLOCK_K128_GROUP_M8_SPLIT_K8_num_warps8_num_stages2
0.7605760097503662,0.4055039882659912,1.8756313914512346,0.9991742298972806,False,False,0.015615999698638916,cast_not_priced,f01,BLOCK_M32_BLOCK_N128_BLOCK_K64_GROUP_M8_SPLIT_K16_num_warps8_num_stages3,0.8077120198868215,0.11683200299739838,6.91344836315789,0.9922918820414892,False,False,0.005696000065654516,1,decode_bs32,BLOCK_M32_BLOCK_N128_BLOCK_K32_GROUP_M8_SPLIT_K1_num_warps8_num_stages2
0.3391999900341034,0.4055039882659912,0.8364898986187145,0.9991742298972806,False,False,0.015615999698638916,cast_not_priced,f01,BLOCK_M32_BLOCK_N128_BLOCK_K64_GROUP_M8_SPLIT_K16_num_warps8_num_stages3,0.2392960055731237,0.11683200299739838,2.0482059661208782,0.9922918820414892,False,False,0.005696000065654516,1,decode_bs32,BLOCK_M32_BLOCK_N128_BLOCK_K32_GROUP_M8_SPLIT_K4_num_warps8_num_stages2
0.46643200516700745,0.4055039882659912,1.1502525712793985,0.9991742298972806,False,False,0.015615999698638916,cast_not_priced,f01,BLOCK_M32_BLOCK_N128_BLOCK_K64_GROUP_M8_SPLIT_K16_num_warps8_num_stages3,0.2374079986475408,0.11683200299739838,2.03204595108095,0.9922918820414892,False,False,0.005696000065654516,1,decode_bs32,BLOCK_M32_BLOCK_N64_BLOCK_K32_GROUP_M8_SPLIT_K8_num_warps8_num_stages2
0.5434880256652832,0.4055039882659912,1.3402778798535049,0.9991742298972806,False,False,0.015615999698638916,cast_not_priced,f01,BLOCK_M32_BLOCK_N128_BLOCK_K64_GROUP_M8_SPLIT_K16_num_warps8_num_stages3,0.15401600440964103,0.11683200299739838,1.3182689713286064,0.9922918820414892,False,False,0.005696000065654516,1,decode_bs32,BLOCK_M16_BLOCK_N128_BLOCK_K64_GROUP_M8_SPLIT_K16_num_warps8_num_stages2
2.4412160515785217,0.4055039882659912,6.020202321603803,0.9991742298972806,False,False,0.015615999698638916,cast_not_priced,f01,BLOCK_M32_BLOCK_N128_BLOCK_K64_GROUP_M8_SPLIT_K16_num_warps8_num_stages3,0.14182399353012443,0.11683200299739838,1.2139139096441116,0.9922918820414892,False,False,0.005696000065654516,1,decode_bs32,BLOCK_M16_BLOCK_N128_BLOCK_K64_GROUP_M8_SPLIT_K16_num_warps2_num_stages3
0.5749760270118713,0.4055039882659912,1.417929400572787,0.9991742298972806,False,False,0.015615999698638916,cast_not_priced,f01,BLOCK_M32_BLOCK_N128_BLOCK_K64_GROUP_M8_SPLIT_K16_num_warps8_num_stages3,0.14553600689396262,0.11683200299739838,1.2456861404422161,0.9922918820414892,False,False,0.005696000065654516,1,decode_bs32,BLOCK_M16_BLOCK_N128_BLOCK_K64_GROUP_M8_SPLIT_K16_num_warps8_num_stages3
2.8142080903053284,0.4055039882659912,6.940025676046724,0.9991742298972806,False,False,0.015615999698638916,cast_not_priced,f01,BLOCK_M32_BLOCK_N128_BLOCK_K64_GROUP_M8_SPLIT_K16_num_warps8_num_stages3,0.16188800474628806,0.11683200299739838,1.3856477728101007,0.9922918820414892,False,False,0.005696000065654516,1,decode_bs32,BLOCK_M16_BLOCK_N128_BLOCK_K64_GROUP_M8_SPLIT_K2_num_warps2_num_stages3
0.5639680027961731,0.4055039882659912,1.390782875423255,0.9991742298972806,False,False,0.015615999698638916,cast_not_priced,f01,BLOCK_M32_BLOCK_N128_BLOCK_K64_GROUP_M8_SPLIT_K16_num_warps8_num_stages3,0.2366399927996099,0.11683200299739838,2.025472359699931,0.9922918820414892,False,False,0.005696000065654516,1,decode_bs32,BLOCK_M16_BLOCK_N64_BLOCK_K64_GROUP_M8_SPLIT_K1_num_warps4_num_stages3
0.42239999771118164,0.4055039882659912,1.0416666911648411,0.9991742298972806,False,False,0.015615999698638916,cast_not_priced,f01,BLOCK_M32_BLOCK_N128_BLOCK_K64_GROUP_M8_SPLIT_K16_num_warps8_num_stages3,0.13254399737343192,0.11683200299739838,1.1344836515075705,0.9922918820414892,False,False,0.005696000065654516,0,decode_bs32,BLOCK_M32_BLOCK_N128_BLOCK_K64_GROUP_M8_SPLIT_K16_num_warps8_num_stages3
1.3434880375862122,0.4055039882659912,3.31313150169302,0.9991742298972806,False,False,0.015615999698638916,cast_not_priced,f01,BLOCK_M32_BLOCK_N128_BLOCK_K64_GROUP_M8_SPLIT_K16_num_warps8_num_stages3,0.18719999631866813,0.11683200299739838,1.6023006669057682,0.9922918820414892,False,False,0.005696000065654516,1,decode_bs32,BLOCK_M32_BLOCK_N128_BLOCK_K64_GROUP_M8_SPLIT_K4_num_warps2_num_stages2
0.4131839871406555,0.4055039882659912,1.018939391712287,0.9991742298972806,False,False,0.015615999698638916,cast_not_priced,f01,BLOCK_M32_BLOCK_N128_BLOCK_K64_GROUP_M8_SPLIT_K16_num_warps8_num_stages3,0.26038399478420615,0.11683200299739838,2.2287043627079166,0.9922918820414892,False,False,0.005696000065654516,1,decode_bs32,BLOCK_M32_BLOCK_N64_BLOCK_K64_GROUP_M8_SPLIT_K2_num_warps8_num_stages2
1.7802240252494812,1.3839360475540161,1.2863484757087358,0.9991742298972806,False,False,0.015615999698638916,cast_not_priced,f01,BLOCK_M32_BLOCK_N128_BLOCK_K64_GROUP_M8_SPLIT_K4_num_warps2_num_stages2,0.14604799589142203,0.17875200510025024,0.8170425602191892,0.9922918820414892,False,False,0.005696000065654516,1,decode_bs32,BLOCK_M16_BLOCK_N64_BLOCK_K128_GROUP_M8_SPLIT_K16_num_warps2_num_stages2
0.4410879909992218,1.3839360475540161,0.3187199233510866,0.9991742298972806,False,False,0.015615999698638916,cast_not_priced,f01,BLOCK_M32_BLOCK_N128_BLOCK_K64_GROUP_M8_SPLIT_K4_num_warps2_num_stages2,0.14969599386677146,0.17875200510025024,0.837450711575609,0.9922918820414892,False,False,0.005696000065654516,1,decode_bs32,BLOCK_M32_BLOCK_N64_BLOCK_K128_GROUP_M8_SPLIT_K8_num_warps8_num_stages2
0.7605760097503662,1.3839360475540161,0.5495745349610748,0.9991742298972806,False,False,0.015615999698638916,cast_not_priced,f01,BLOCK_M32_BLOCK_N128_BLOCK_K64_GROUP_M8_SPLIT_K4_num_warps2_num_stages2,0.8077120198868215,0.17875200510025024,4.5186179558312025,0.9922918820414892,False,False,0.005696000065654516,1,decode_bs32,BLOCK_M32_BLOCK_N128_BLOCK_K32_GROUP_M8_SPLIT_K1_num_warps8_num_stages2
0.3391999900341034,1.3839360475540161,0.24509802359264304,0.9991742298972806,False,False,0.015615999698638916,cast_not_priced,f01,BLOCK_M32_BLOCK_N128_BLOCK_K64_GROUP_M8_SPLIT_K4_num_warps2_num_stages2,0.2392960055731237,0.17875200510025024,1.3387038955950077,0.9922918820414892,False,False,0.005696000065654516,1,decode_bs32,BLOCK_M32_BLOCK_N128_BLOCK_K32_GROUP_M8_SPLIT_K4_num_warps8_num_stages2
0.46643200516700745,1.3839360475540161,0.33703291853072587,0.9991742298972806,False,False,0.015615999698638916,cast_not_priced,f01,BLOCK_M32_BLOCK_N128_BLOCK_K64_GROUP_M8_SPLIT_K4_num_warps2_num_stages2,0.2374079986475408,0.17875200510025024,1.328141737567611,0.9922918820414892,False,False,0.005696000065654516,1,decode_bs32,BLOCK_M32_BLOCK_N64_BLOCK_K32_GROUP_M8_SPLIT_K8_num_warps8_num_stages2
0.5434880256652832,1.3839360475540161,0.392711806752812,0.9991742298972806,False,False,0.015615999698638916,cast_not_priced,f01,BLOCK_M32_BLOCK_N128_BLOCK_K64_GROUP_M8_SPLIT_K4_num_warps2_num_stages2,0.15401600440964103,0.17875200510025024,0.8616183316280205,0.9922918820414892,False,False,0.005696000065654516,1,decode_bs32,BLOCK_M16_BLOCK_N128_BLOCK_K64_GROUP_M8_SPLIT_K16_num_warps8_num_stages2
2.4412160515785217,1.3839360475540161,1.7639659404010424,0.9991742298972806,False,False,0.015615999698638916,cast_not_priced,f01,BLOCK_M32_BLOCK_N128_BLOCK_K64_GROUP_M8_SPLIT_K4_num_warps2_num_stages2,0.14182399353012443,0.17875200510025024,0.7934120428500071,0.9922918820414892,False,False,0.005696000065654516,1,decode_bs32,BLOCK_M16_BLOCK_N128_BLOCK_K64_GROUP_M8_SPLIT_K16_num_warps2_num_stages3
0.5749760270118713,1.3839360475540161,0.41546430416932223,0.9991742298972806,False,False,0.015615999698638916,cast_not_priced,f01,BLOCK_M32_BLOCK_N128_BLOCK_K64_GROUP_M8_SPLIT_K4_num_warps2_num_stages2,0.14553600689396262,0.17875200510025024,0.8141783182367159,0.9922918820414892,False,False,0.005696000065654516,1,decode_bs32,BLOCK_M16_BLOCK_N128_BLOCK_K64_GROUP_M8_SPLIT_K16_num_warps8_num_stages3
2.8142080903053284,1.3839360475540161,2.033481312434336,0.9991742298972806,False,False,0.015615999698638916,cast_not_priced,f01,BLOCK_M32_BLOCK_N128_BLOCK_K64_GROUP_M8_SPLIT_K4_num_warps2_num_stages2,0.16188800474628806,0.17875200510025024,0.9056570003536225,0.9922918820414892,False,False,0.005696000065654516,1,decode_bs32,BLOCK_M16_BLOCK_N128_BLOCK_K64_GROUP_M8_SPLIT_K2_num_warps2_num_stages3
0.5639680027961731,1.3839360475540161,0.40751016189869205,0.9991742298972806,False,False,0.015615999698638916,cast_not_priced,f01,BLOCK_M32_BLOCK_N128_BLOCK_K64_GROUP_M8_SPLIT_K4_num_warps2_num_stages2,0.2366399927996099,0.17875200510025024,1.3238452495505943,0.9922918820414892,False,False,0.005696000065654516,1,decode_bs32,BLOCK_M16_BLOCK_N64_BLOCK_K64_GROUP_M8_SPLIT_K1_num_warps4_num_stages3
0.42239999771118164,1.3839360475540161,0.3052164140516002,0.9991742298972806,False,False,0.015615999698638916,cast_not_priced,f01,BLOCK_M32_BLOCK_N128_BLOCK_K64_GROUP_M8_SPLIT_K4_num_warps2_num_stages2,0.13254399737343192,0.17875200510025024,0.7414965627887459,0.9922918820414892,False,False,0.005696000065654516,1,decode_bs32,BLOCK_M32_BLOCK_N128_BLOCK_K64_GROUP_M8_SPLIT_K16_num_warps8_num_stages3
1.3434880375862122,1.3839360475540161,0.9707732087481266,0.9991742298972806,False,False,0.015615999698638916,cast_not_priced,f01,BLOCK_M32_BLOCK_N128_BLOCK_K64_GROUP_M8_SPLIT_K4_num_warps2_num_stages2,0.18719999631866813,0.17875200510025024,1.0472609591913666,0.9922918820414892,False,False,0.005696000065654516,1,decode_bs32,BLOCK_M32_BLOCK_N128_BLOCK_K64_GROUP_M8_SPLIT_K4_num_warps2_num_stages2
0.4131839871406555,1.3839360475540161,0.2985571391618287,0.9991742298972806,False,False,0.015615999698638916,cast_not_priced,f01,BLOCK_M32_BLOCK_N128_BLOCK_K64_GROUP_M8_SPLIT_K4_num_warps2_num_stages2,0.26038399478420615,0.17875200510025024,1.4566773370635697,0.9922918820414892,False,False,0.005696000065654516,1,decode_bs32,BLOCK_M32_BLOCK_N64_BLOCK_K64_GROUP_M8_SPLIT_K2_num_warps8_num_stages2
1.7802240252494812,0.3978239893913269,4.474903657703585,0.9991742298972806,False,False,0.015615999698638916,cast_not_priced,f01,BLOCK_M32_BLOCK_N64_BLOCK_K64_GROUP_M8_SPLIT_K2_num_warps8_num_stages2,0.14604799589142203,0.251583993434906,0.5805138629743947,0.9922918820414892,False,False,0.005696000065654516,1,decode_bs32,BLOCK_M16_BLOCK_N64_BLOCK_K128_GROUP_M8_SPLIT_K16_num_warps2_num_stages2
0.4410879909992218,0.3978239893913269,1.1087516156933852,0.9991742298972806,False,False,0.015615999698638916,cast_not_priced,f01,BLOCK_M32_BLOCK_N64_BLOCK_K64_GROUP_M8_SPLIT_K2_num_warps8_num_stages2,0.14969599386677146,0.251583993434906,0.5950139824992614,0.9922918820414892,False,False,0.005696000065654516,1,decode_bs32,BLOCK_M32_BLOCK_N64_BLOCK_K128_GROUP_M8_SPLIT_K8_num_warps8_num_stages2
0.7605760097503662,0.3978239893913269,1.9118404873322297,0.9991742298972806,False,False,0.015615999698638916,cast_not_priced,f01,BLOCK_M32_BLOCK_N64_BLOCK_K64_GROUP_M8_SPLIT_K2_num_warps8_num_stages2,0.8077120198868215,0.251583993434906,3.210506395335545,0.9922918820414892,False,False,0.005696000065654516,1,decode_bs32,BLOCK_M32_BLOCK_N128_BLOCK_K32_GROUP_M8_SPLIT_K1_num_warps8_num_stages2
0.3391999900341034,0.3978239893913269,0.8526383503244271,0.9991742298972806,False,False,0.015615999698638916,cast_not_priced,f01,BLOCK_M32_BLOCK_N64_BLOCK_K64_GROUP_M8_SPLIT_K2_num_warps8_num_stages2,0.2392960055731237,0.251583993434906,0.9511575132661941,0.9922918820414892,False,False,0.005696000065654516,1,decode_bs32,BLOCK_M32_BLOCK_N128_BLOCK_K32_GROUP_M8_SPLIT_K4_num_warps8_num_stages2
0.46643200516700745,0.3978239893913269,1.1724582167119968,0.9991742298972806,False,False,0.015615999698638916,cast_not_priced,f01,BLOCK_M32_BLOCK_N64_BLOCK_K64_GROUP_M8_SPLIT_K2_num_warps8_num_stages2,0.2374079986475408,0.251583993434906,0.943653033749013,0.9922918820414892,False,False,0.005696000065654516,1,decode_bs32,BLOCK_M32_BLOCK_N64_BLOCK_K32_GROUP_M8_SPLIT_K8_num_warps8_num_stages2
0.5434880256652832,0.3978239893913269,1.366151967096864,0.9991742298972806,False,False,0.015615999698638916,cast_not_priced,f01,BLOCK_M32_BLOCK_N64_BLOCK_K64_GROUP_M8_SPLIT_K2_num_warps8_num_stages2,0.15401600440964103,0.251583993434906,0.6121852281094767,0.9922918820414892,False,False,0.005696000065654516,1,decode_bs32,BLOCK_M16_BLOCK_N128_BLOCK_K64_GROUP_M8_SPLIT_K16_num_warps8_num_stages2
2.4412160515785217,0.3978239893913269,6.136422429712187,0.9991742298972806,False,False,0.015615999698638916,cast_not_priced,f01,BLOCK_M32_BLOCK_N64_BLOCK_K64_GROUP_M8_SPLIT_K2_num_warps8_num_stages2,0.14182399353012443,0.251583993434906,0.5637242321889587,0.9922918820414892,False,False,0.005696000065654516,1,decode_bs32,BLOCK_M16_BLOCK_N128_BLOCK_K64_GROUP_M8_SPLIT_K16_num_warps2_num_stages3
0.5749760270118713,0.3978239893913269,1.445302551743016,0.9991742298972806,False,False,0.015615999698638916,cast_not_priced,f01,BLOCK_M32_BLOCK_N64_BLOCK_K64_GROUP_M8_SPLIT_K2_num_warps8_num_stages2,0.14553600689396262,0.251583993434906,0.5784788010832578,0.9922918820414892,False,False,0.005696000065654516,1,decode_bs32,BLOCK_M16_BLOCK_N128_BLOCK_K64_GROUP_M8_SPLIT_K16_num_warps8_num_stages3
2.8142080903053284,0.3978239893913269,7.074002989641433,0.9991742298972806,False,False,0.015615999698638916,cast_not_priced,f01,BLOCK_M32_BLOCK_N64_BLOCK_K64_GROUP_M8_SPLIT_K2_num_warps8_num_stages2,0.16188800474628806,0.251583993434906,0.6434749784197794,0.9922918820414892,False,False,0.005696000065654516,1,decode_bs32,BLOCK_M16_BLOCK_N128_BLOCK_K64_GROUP_M8_SPLIT_K2_num_warps2_num_stages3
0.5639680027961731,0.3978239893913269,1.4176319624642233,0.9991742298972806,False,False,0.015615999698638916,cast_not_priced,f01,BLOCK_M32_BLOCK_N64_BLOCK_K64_GROUP_M8_SPLIT_K2_num_warps8_num_stages2,0.2366399927996099,0.251583993434906,0.940600352068254,0.9922918820414892,False,False,0.005696000065654516,1,decode_bs32,BLOCK_M16_BLOCK_N64_BLOCK_K64_GROUP_M8_SPLIT_K1_num_warps4_num_stages3
0.42239999771118164,0.3978239893913269,1.061776084336835,0.9991742298972806,False,False,0.015615999698638916,cast_not_priced,f01,BLOCK_M32_BLOCK_N64_BLOCK_K64_GROUP_M8_SPLIT_K2_num_warps8_num_stages2,0.13254399737343192,0.251583993434906,0.5268379580266338,0.9922918820414892,False,False,0.005696000065654516,1,decode_bs32,BLOCK_M32_BLOCK_N128_BLOCK_K64_GROUP_M8_SPLIT_K16_num_warps8_num_stages3
1.3434880375862122,0.3978239893913269,3.3770915616269317,0.9991742298972806,False,False,0.015615999698638916,cast_not_priced,f01,BLOCK_M32_BLOCK_N64_BLOCK_K64_GROUP_M8_SPLIT_K2_num_warps8_num_stages2,0.18719999631866813,0.251583993434906,0.7440854792183097,0.9922918820414892,False,False,0.005696000065654516,1,decode_bs32,BLOCK_M32_BLOCK_N128_BLOCK_K64_GROUP_M8_SPLIT_K4_num_warps2_num_stages2
0.4131839871406555,0.3978239893913269,1.0386100339821878,0.9991742298972806,False,False,0.015615999698638916,cast_not_priced,f01,BLOCK_M32_BLOCK_N64_BLOCK_K64_GROUP_M8_SPLIT_K2_num_warps8_num_stages2,0.26038399478420615,0.251583993434906,1.0349783832792885,0.9922918820414892,False,False,0.005696000065654516,1,decode_bs32,BLOCK_M32_BLOCK_N64_BLOCK_K64_GROUP_M8_SPLIT_K2_num_warps8_num_stages2
18.514175087213516,18.782976150512695,0.9856891122500924,0.8707404945197621,False,False,0.06681600213050842,cast_not_priced,f01,BLOCK_M64_BLOCK_N64_BLOCK_K128_GROUP_M8_SPLIT_K2_num_warps4_num_stages2,1.4863999523222446,1.6164159774780273,0.9195652437445979,1.00798212906145,False,False,0.02502400055527687,1,prefill_t2048,BLOCK_M64_BLOCK_N64_BLOCK_K128_GROUP_M8_SPLIT_K2_num_warps4_num_stages2
7.47775998711586,18.782976150512695,0.3981136922708465,0.8707404945197621,False,False,0.06681600213050842,cast_not_priced,f01,BLOCK_M64_BLOCK_N64_BLOCK_K128_GROUP_M8_SPLIT_K2_num_warps4_num_stages2,1.3362559713423252,1.6164159774780273,0.8266782746277881,1.00798212906145,False,False,0.02502400055527687,1,prefill_t2048,BLOCK_M128_BLOCK_N128_BLOCK_K32_GROUP_M1_SPLIT_K1_num_warps16_num_stages2
5.264896064996719,18.782976150512695,0.2803014827260487,0.8707404945197621,False,False,0.06681600213050842,cast_not_priced,f01,BLOCK_M64_BLOCK_N64_BLOCK_K128_GROUP_M8_SPLIT_K2_num_warps4_num_stages2,0.8008319772779942,1.6164159774780273,0.4954368110908383,1.00798212906145,False,False,0.02502400055527687,1,prefill_t2048,BLOCK_M128_BLOCK_N128_BLOCK_K32_GROUP_M1_SPLIT_K1_num_warps8_num_stages3
5.348608165979385,18.782976150512695,0.284758289800277,0.8707404945197621,False,False,0.06681600213050842,cast_not_priced,f01,BLOCK_M64_BLOCK_N64_BLOCK_K128_GROUP_M8_SPLIT_K2_num_warps4_num_stages2,1.001984003931284,1.6164159774780273,0.6198800419521987,1.00798212906145,False,False,0.02502400055527687,1,prefill_t2048,BLOCK_M128_BLOCK_N128_BLOCK_K32_GROUP_M1_SPLIT_K2_num_warps8_num_stages3
4.308223873376846,18.782976150512695,0.22936854302821708,0.8707404945197621,False,False,0.06681600213050842,cast_not_priced,f01,BLOCK_M64_BLOCK_N64_BLOCK_K128_GROUP_M8_SPLIT_K2_num_warps4_num_stages2,1.2365120090544224,1.6164159774780273,0.7649714097627638,1.00798212906145,False,False,0.02502400055527687,1,prefill_t2048,BLOCK_M128_BLOCK_N128_BLOCK_K32_GROUP_M8_SPLIT_K1_num_warps8_num_stages2
5.696511894464493,18.782976150512695,0.30328057964919486,0.8707404945197621,False,False,0.06681600213050842,cast_not_priced,f01,BLOCK_M64_BLOCK_N64_BLOCK_K128_GROUP_M8_SPLIT_K2_num_warps4_num_stages2,1.695872012525797,1.6164159774780273,1.049155685265954,1.00798212906145,False,False,0.02502400055527687,1,prefill_t2048,BLOCK_M128_BLOCK_N128_BLOCK_K32_GROUP_M8_SPLIT_K4_num_warps8_num_stages2
8.676864296197891,18.782976150512695,0.46195364497447067,0.8707404945197621,False,False,0.06681600213050842,cast_not_priced,f01,BLOCK_M64_BLOCK_N64_BLOCK_K128_GROUP_M8_SPLIT_K2_num_warps4_num_stages2,1.5866879858076572,1.6164159774780273,0.9816086996883361,1.00798212906145,False,False,0.02502400055527687,1,prefill_t2048,BLOCK_M128_BLOCK_N64_BLOCK_K32_GROUP_M8_SPLIT_K8_num_warps8_num_stages2
18.514175087213516,5.158400058746338,3.5891312958214168,0.8707404945197621,False,False,0.06681600213050842,,f01,BLOCK_M128_BLOCK_N128_BLOCK_K32_GROUP_M1_SPLIT_K1_num_warps8_num_stages3,1.4863999523222446,0.7500159740447998,1.9818243927608123,1.00798212906145,False,False,0.02502400055527687,1,prefill_t2048,BLOCK_M64_BLOCK_N64_BLOCK_K128_GROUP_M8_SPLIT_K2_num_warps4_num_stages2
7.47775998711586,5.158400058746338,1.449627772556517,0.8707404945197621,False,False,0.06681600213050842,,f01,BLOCK_M128_BLOCK_N128_BLOCK_K32_GROUP_M1_SPLIT_K1_num_warps8_num_stages3,1.3362559713423252,0.7500159740447998,1.7816366818642029,1.00798212906145,False,False,0.02502400055527687,1,prefill_t2048,BLOCK_M128_BLOCK_N128_BLOCK_K32_GROUP_M1_SPLIT_K1_num_warps16_num_stages2
5.264896064996719,5.158400058746338,1.0206451622668955,0.8707404945197621,False,False,0.06681600213050842,,f01,BLOCK_M128_BLOCK_N128_BLOCK_K32_GROUP_M1_SPLIT_K1_num_warps8_num_stages3,0.8008319772779942,0.7500159740447998,1.0677532279201283,1.00798212906145,False,False,0.02502400055527687,0,prefill_t2048,BLOCK_M128_BLOCK_N128_BLOCK_K32_GROUP_M1_SPLIT_K1_num_warps8_num_stages3
5.348608165979385,5.158400058746338,1.0368734694996251,0.8707404945197621,False,False,0.06681600213050842,,f01,BLOCK_M128_BLOCK_N128_BLOCK_K32_GROUP_M1_SPLIT_K1_num_warps8_num_stages3,1.001984003931284,0.7500159740447998,1.3359502178702045,1.00798212906145,False,False,0.02502400055527687,0,prefill_t2048,BLOCK_M128_BLOCK_N128_BLOCK_K32_GROUP_M1_SPLIT_K2_num_warps8_num_stages3
4.308223873376846,5.158400058746338,0.8351860701598797,0.8707404945197621,False,False,0.06681600213050842,,f01,BLOCK_M128_BLOCK_N128_BLOCK_K32_GROUP_M1_SPLIT_K1_num_warps8_num_stages3,1.2365120090544224,0.7500159740447998,1.6486475646458207,1.00798212906145,False,False,0.02502400055527687,1,prefill_t2048,BLOCK_M128_BLOCK_N128_BLOCK_K32_GROUP_M8_SPLIT_K1_num_warps8_num_stages2
5.696511894464493,5.158400058746338,1.1043175848305442,0.8707404945197621,False,False,0.06681600213050842,,f01,BLOCK_M128_BLOCK_N128_BLOCK_K32_GROUP_M1_SPLIT_K1_num_warps8_num_stages3,1.695872012525797,0.7500159740447998,2.261114524508113,1.00798212906145,False,False,0.02502400055527687,1,prefill_t2048,BLOCK_M128_BLOCK_N128_BLOCK_K32_GROUP_M8_SPLIT_K4_num_warps8_num_stages2
8.676864296197891,5.158400058746338,1.682084405509769,0.8707404945197621,False,False,0.06681600213050842,,f01,BLOCK_M128_BLOCK_N128_BLOCK_K32_GROUP_M1_SPLIT_K1_num_warps8_num_stages3,1.5866879858076572,0.7500159740447998,2.115538922792172,1.00798212906145,False,False,0.02502400055527687,1,prefill_t2048,BLOCK_M128_BLOCK_N64_BLOCK_K32_GROUP_M8_SPLIT_K8_num_warps8_num_stages2
18.514175087213516,5.339903831481934,3.467136426326886,0.8707404945197621,False,False,0.06681600213050842,cast_not_priced,f01,BLOCK_M128_BLOCK_N128_BLOCK_K32_GROUP_M1_SPLIT_K2_num_warps8_num_stages3,1.4863999523222446,0.8455039858818054,1.7580046660241662,1.00798212906145,False,False,0.02502400055527687,1,prefill_t2048,BLOCK_M64_BLOCK_N64_BLOCK_K128_GROUP_M8_SPLIT_K2_num_warps4_num_stages2
7.47775998711586,5.339903831481934,1.4003548047120218,0.8707404945197621,False,False,0.06681600213050842,cast_not_priced,f01,BLOCK_M128_BLOCK_N128_BLOCK_K32_GROUP_M1_SPLIT_K2_num_warps8_num_stages3,1.3362559713423252,0.8455039858818054,1.5804253955688896,1.00798212906145,False,False,0.02502400055527687,1,prefill_t2048,BLOCK_M128_BLOCK_N128_BLOCK_K32_GROUP_M1_SPLIT_K1_num_warps16_num_stages2
5.264896064996719,5.339903831481934,0.985953348814449,0.8707404945197621,False,False,0.06681600213050842,cast_not_priced,f01,BLOCK_M128_BLOCK_N128_BLOCK_K32_GROUP_M1_SPLIT_K2_num_warps8_num_stages3,0.8008319772779942,0.8455039858818054,0.9471652300287842,1.00798212906145,False,False,0.02502400055527687,0,prefill_t2048,BLOCK_M128_BLOCK_N128_BLOCK_K32_GROUP_M1_SPLIT_K1_num_warps8_num_stages3
5.348608165979385,5.339903831481934,1.001630054542581,0.8707404945197621,False,False,0.06681600213050842,cast_not_priced,f01,BLOCK_M128_BLOCK_N128_BLOCK_K32_GROUP_M1_SPLIT_K2_num_warps8_num_stages3,1.001984003931284,0.8455039858818054,1.1850730696275549,1.00798212906145,False,False,0.02502400055527687,0,prefill_t2048,BLOCK_M128_BLOCK_N128_BLOCK_K32_GROUP_M1_SPLIT_K2_num_warps8_num_stages3
4.308223873376846,5.339903831481934,0.8067980265819179,0.8707404945197621,False,False,0.06681600213050842,cast_not_priced,f01,BLOCK_M128_BLOCK_N128_BLOCK_K32_GROUP_M1_SPLIT_K2_num_warps8_num_stages3,1.2365120090544224,0.8455039858818054,1.462455564611941,1.00798212906145,False,False,0.02502400055527687,1,prefill_t2048,BLOCK_M128_BLOCK_N128_BLOCK_K32_GROUP_M8_SPLIT_K1_num_warps8_num_stages2
5.696511894464493,5.339903831481934,1.066781738817119,0.8707404945197621,False,False,0.06681600213050842,cast_not_priced,f01,BLOCK_M128_BLOCK_N128_BLOCK_K32_GROUP_M1_SPLIT_K2_num_warps8_num_stages3,1.695872012525797,0.8455039858818054,2.005752830079344,1.00798212906145,False,False,0.02502400055527687,1,prefill_t2048,BLOCK_M128_BLOCK_N128_BLOCK_K32_GROUP_M8_SPLIT_K4_num_warps8_num_stages2
8.676864296197891,5.339903831481934,1.6249102174916663,0.8707404945197621,False,False,0.06681600213050842,cast_not_priced,f01,BLOCK_M128_BLOCK_N128_BLOCK_K32_GROUP_M1_SPLIT_K2_num_warps8_num_stages3,1.5866879858076572,0.8455039858818054,1.876617984423628,1.00798212906145,False,False,0.02502400055527687,1,prefill_t2048,BLOCK_M128_BLOCK_N64_BLOCK_K32_GROUP_M8_SPLIT_K8_num_warps8_num_stages2
18.514175087213516,5.059072017669678,3.6595990376396266,0.8707404945197621,False,False,0.06681600213050842,,f01,BLOCK_M128_BLOCK_N128_BLOCK_K32_GROUP_M8_SPLIT_K1_num_warps8_num_stages2,1.4863999523222446,1.197759985923767,1.240983143359782,1.00798212906145,False,False,0.02502400055527687,1,prefill_t2048,BLOCK_M64_BLOCK_N64_BLOCK_K128_GROUP_M8_SPLIT_K2_num_warps4_num_stages2
7.47775998711586,5.059072017669678,1.4780892545112028,0.8707404945197621,False,False,0.06681600213050842,,f01,BLOCK_M128_BLOCK_N128_BLOCK_K32_GROUP_M8_SPLIT_K1_num_warps8_num_stages2,1.3362559713423252,1.197759985923767,1.115629163643953,1.00798212906145,False,False,0.02502400055527687,1,prefill_t2048,BLOCK_M128_BLOCK_N128_BLOCK_K32_GROUP_M1_SPLIT_K1_num_warps16_num_stages2
5.264896064996719,5.059072017669678,1.0406841504940365,0.8707404945197621,False,False,0.06681600213050842,,f01,BLOCK_M128_BLOCK_N128_BLOCK_K32_GROUP_M8_SPLIT_K1_num_warps8_num_stages2,0.8008319772779942,1.197759985923767,0.6686080572814895,1.00798212906145,False,False,0.02502400055527687,1,prefill_t2048,BLOCK_M128_BLOCK_N128_BLOCK_K32_GROUP_M1_SPLIT_K1_num_warps8_num_stages3
5.348608165979385,5.059072017669678,1.0572310786046242,0.8707404945197621,False,False,0.06681600213050842,,f01,BLOCK_M128_BLOCK_N128_BLOCK_K32_GROUP_M8_SPLIT_K1_num_warps8_num_stages2,1.001984003931284,1.197759985923767,0.8365482364636754,1.00798212906145,False,False,0.02502400055527687,1,prefill_t2048,BLOCK_M128_BLOCK_N128_BLOCK_K32_GROUP_M1_SPLIT_K2_num_warps8_num_stages3
4.308223873376846,5.059072017669678,0.8515838197854537,0.8707404945197621,False,False,0.06681600213050842,,f01,BLOCK_M128_BLOCK_N128_BLOCK_K32_GROUP_M8_SPLIT_K1_num_warps8_num_stages2,1.2365120090544224,1.197759985923767,1.0323537466488062,1.00798212906145,False,False,0.02502400055527687,1,prefill_t2048,BLOCK_M128_BLOCK_N128_BLOCK_K32_GROUP_M8_SPLIT_K1_num_warps8_num_stages2
5.696511894464493,5.059072017669678,1.125999367980619,0.8707404945197621,False,False,0.06681600213050842,,f01,BLOCK_M128_BLOCK_N128_BLOCK_K32_GROUP_M8_SPLIT_K1_num_warps8_num_stages2,1.695872012525797,1.197759985923767,1.415869650393992,1.00798212906145,False,False,0.02502400055527687,1,prefill_t2048,BLOCK_M128_BLOCK_N128_BLOCK_K32_GROUP_M8_SPLIT_K4_num_warps8_num_stages2
8.676864296197891,5.059072017669678,1.7151098592572813,0.8707404945197621,False,False,0.06681600213050842,,f01,BLOCK_M128_BLOCK_N128_BLOCK_K32_GROUP_M8_SPLIT_K1_num_warps8_num_stages2,1.5866879858076572,1.197759985923767,1.3247128009406084,1.00798212906145,False,False,0.02502400055527687,1,prefill_t2048,BLOCK_M128_BLOCK_N64_BLOCK_K32_GROUP_M8_SPLIT_K8_num_warps8_num_stages2
18.514175087213516,5.596672058105469,3.308068597730337,0.8707404945197621,False,False,0.06681600213050842,cast_not_priced,f01,BLOCK_M128_BLOCK_N128_BLOCK_K32_GROUP_M8_SPLIT_K4_num_warps8_num_stages2,1.4863999523222446,1.4659199714660645,1.0139707359575012,1.00798212906145,False,False,0.02502400055527687,1,prefill_t2048,BLOCK_M64_BLOCK_N64_BLOCK_K128_GROUP_M8_SPLIT_K2_num_warps4_num_stages2
7.47775998711586,5.596672058105469,1.336108299625324,0.8707404945197621,False,False,0.06681600213050842,cast_not_priced,f01,BLOCK_M128_BLOCK_N128_BLOCK_K32_GROUP_M8_SPLIT_K4_num_warps8_num_stages2,1.3362559713423252,1.4659199714660645,0.9115476952032637,1.00798212906145,False,False,0.02502400055527687,1,prefill_t2048,BLOCK_M128_BLOCK_N128_BLOCK_K32_GROUP_M1_SPLIT_K1_num_warps16_num_stages2
5.264896064996719,5.596672058105469,0.940719057742851,0.8707404945197621,False,False,0.06681600213050842,cast_not_priced,f01,BLOCK_M128_BLOCK_N128_BLOCK_K32_GROUP_M8_SPLIT_K4_num_warps8_num_stages2,0.8008319772779942,1.4659199714660645,0.5462999296456021,1.00798212906145,False,False,0.02502400055527687,1,prefill_t2048,BLOCK_M128_BLOCK_N128_BLOCK_K32_GROUP_M1_SPLIT_K1_num_warps8_num_stages3
5.348608165979385,5.596672058105469,0.9556765360645313,0.8707404945197621,False,False,0.06681600213050842,cast_not_priced,f01,BLOCK_M128_BLOCK_N128_BLOCK_K32_GROUP_M8_SPLIT_K4_num_warps8_num_stages2,1.001984003931284,1.4659199714660645,0.6835188983264899,1.00798212906145,False,False,0.02502400055527687,1,prefill_t2048,BLOCK_M128_BLOCK_N128_BLOCK_K32_GROUP_M1_SPLIT_K2_num_warps8_num_stages3
4.308223873376846,5.596672058105469,0.7697831548191917,0.8707404945197621,False,False,0.06681600213050842,cast_not_priced,f01,BLOCK_M128_BLOCK_N128_BLOCK_K32_GROUP_M8_SPLIT_K4_num_warps8_num_stages2,1.2365120090544224,1.4659199714660645,0.8435058073584935,1.00798212906145,False,False,0.02502400055527687,1,prefill_t2048,BLOCK_M128_BLOCK_N128_BLOCK_K32_GROUP_M8_SPLIT_K1_num_warps8_num_stages2
5.696511894464493,5.596672058105469,1.017839143570049,0.8707404945197621,False,False,0.06681600213050842,cast_not_priced,f01,BLOCK_M128_BLOCK_N128_BLOCK_K32_GROUP_M8_SPLIT_K4_num_warps8_num_stages2,1.695872012525797,1.4659199714660645,1.1568653443132764,1.00798212906145,False,False,0.02502400055527687,1,prefill_t2048,BLOCK_M128_BLOCK_N128_BLOCK_K32_GROUP_M8_SPLIT_K4_num_warps8_num_stages2
8.676864296197891,5.596672058105469,1.5503613944346597,0.8707404945197621,False,False,0.06681600213050842,cast_not_priced,f01,BLOCK_M128_BLOCK_N128_BLOCK_K32_GROUP_M8_SPLIT_K4_num_warps8_num_stages2,1.5866879858076572,1.4659199714660645,1.0823837703915125,1.00798212906145,False,False,0.02502400055527687,1,prefill_t2048,BLOCK_M128_BLOCK_N64_BLOCK_K32_GROUP_M8_SPLIT_K8_num_warps8_num_stages2
18.514175087213516,8.632575988769531,2.1446871839065604,0.8707404945197621,False,False,0.06681600213050842,cast_not_priced,f01,BLOCK_M128_BLOCK_N64_BLOCK_K32_GROUP_M8_SPLIT_K8_num_warps8_num_stages2,1.4863999523222446,1.562880039215088,0.9510646466946668,1.00798212906145,False,False,0.02502400055527687,1,prefill_t2048,BLOCK_M64_BLOCK_N64_BLOCK_K128_GROUP_M8_SPLIT_K2_num_warps4_num_stages2
7.47775998711586,8.632575988769531,0.8662257936500045,0.8707404945197621,False,False,0.06681600213050842,cast_not_priced,f01,BLOCK_M128_BLOCK_N64_BLOCK_K32_GROUP_M8_SPLIT_K8_num_warps8_num_stages2,1.3362559713423252,1.562880039215088,0.8549958652062777,1.00798212906145,False,False,0.02502400055527687,1,prefill_t2048,BLOCK_M128_BLOCK_N128_BLOCK_K32_GROUP_M1_SPLIT_K1_num_warps16_num_stages2
5.264896064996719,8.632575988769531,0.6098870223495323,0.8707404945197621,False,False,0.06681600213050842,cast_not_priced,f01,BLOCK_M128_BLOCK_N64_BLOCK_K32_GROUP_M8_SPLIT_K8_num_warps8_num_stages2,0.8008319772779942,1.562880039215088,0.5124078350122055,1.00798212906145,False,False,0.02502400055527687,1,prefill_t2048,BLOCK_M128_BLOCK_N128_BLOCK_K32_GROUP_M1_SPLIT_K1_num_warps8_num_stages3
5.348608165979385,8.632575988769531,0.6195842553761017,0.8707404945197621,False,False,0.06681600213050842,cast_not_priced,f01,BLOCK_M128_BLOCK_N64_BLOCK_K32_GROUP_M8_SPLIT_K8_num_warps8_num_stages2,1.001984003931284,1.562880039215088,0.6411138275427088,1.00798212906145,False,False,0.02502400055527687,1,prefill_t2048,BLOCK_M128_BLOCK_N128_BLOCK_K32_GROUP_M1_SPLIT_K2_num_warps8_num_stages3
4.308223873376846,8.632575988769531,0.49906584998285447,0.8707404945197621,False,False,0.06681600213050842,cast_not_priced,f01,BLOCK_M128_BLOCK_N64_BLOCK_K32_GROUP_M8_SPLIT_K8_num_warps8_num_stages2,1.2365120090544224,1.562880039215088,0.791175252116871,1.00798212906145,False,False,0.02502400055527687,1,prefill_t2048,BLOCK_M128_BLOCK_N128_BLOCK_K32_GROUP_M8_SPLIT_K1_num_warps8_num_stages2
5.696511894464493,8.632575988769531,0.659885519904524,0.8707404945197621,False,False,0.06681600213050842,cast_not_priced,f01,BLOCK_M128_BLOCK_N64_BLOCK_K32_GROUP_M8_SPLIT_K8_num_warps8_num_stages2,1.695872012525797,1.562880039215088,1.0850941658820472,1.00798212906145,False,False,0.02502400055527687,1,prefill_t2048,BLOCK_M128_BLOCK_N128_BLOCK_K32_GROUP_M8_SPLIT_K4_num_warps8_num_stages2
8.676864296197891,8.632575988769531,1.0051303698323626,0.8707404945197621,False,False,0.06681600213050842,cast_not_priced,f01,BLOCK_M128_BLOCK_N64_BLOCK_K32_GROUP_M8_SPLIT_K8_num_warps8_num_stages2,1.5866879858076572,1.562880039215088,1.0152333806787412,1.00798212906145,False,False,0.02502400055527687,1,prefill_t2048,BLOCK_M128_BLOCK_N64_BLOCK_K32_GROUP_M8_SPLIT_K8_num_warps8_num_stages2
73.05907410383224,74.19852447509766,0.9846432206121858,0.845815364423244,False,False,0.21145600080490112,cast_not_priced,f01,BLOCK_M64_BLOCK_N64_BLOCK_K128_GROUP_M8_SPLIT_K2_num_warps4_num_stages2,5.903807997703552,6.107840061187744,0.9665950546444867,1.0128255096768102,False,False,0.07635200023651123,1,prefill_t8192,BLOCK_M64_BLOCK_N64_BLOCK_K128_GROUP_M8_SPLIT_K2_num_warps4_num_stages2
27.9375359416008,74.19852447509766,0.3765241443713228,0.845815364423244,False,False,0.21145600080490112,cast_not_priced,f01,BLOCK_M64_BLOCK_N64_BLOCK_K128_GROUP_M8_SPLIT_K2_num_warps4_num_stages2,5.276448130607605,6.107840061187744,0.863881188398626,1.0128255096768102,False,False,0.07635200023651123,1,prefill_t8192,BLOCK_M128_BLOCK_N128_BLOCK_K32_GROUP_M1_SPLIT_K1_num_warps16_num_stages2
19.65849655866623,74.19852447509766,0.2649445753502008,0.845815364423244,False,False,0.21145600080490112,cast_not_priced,f01,BLOCK_M64_BLOCK_N64_BLOCK_K128_GROUP_M8_SPLIT_K2_num_warps4_num_stages2,3.386720061302185,6.107840061187744,0.5544873518910703,1.0128255096768102,False,False,0.07635200023651123,1,prefill_t8192,BLOCK_M128_BLOCK_N128_BLOCK_K32_GROUP_M1_SPLIT_K1_num_warps8_num_stages3
21.179647147655487,74.19852447509766,0.28544566482267114,0.845815364423244,False,False,0.21145600080490112,cast_not_priced,f01,BLOCK_M64_BLOCK_N64_BLOCK_K128_GROUP_M8_SPLIT_K2_num_warps4_num_stages2,4.104671835899353,6.107840061187744,0.6720332875090297,1.0128255096768102,False,False,0.07635200023651123,1,prefill_t8192,BLOCK_M128_BLOCK_N128_BLOCK_K32_GROUP_M1_SPLIT_K2_num_warps8_num_stages3
15.76012772321701,74.19852447509766,0.2124048670065722,0.845815364423244,False,False,0.21145600080490112,cast_not_priced,f01,BLOCK_M64_BLOCK_N64_BLOCK_K128_GROUP_M8_SPLIT_K2_num_warps4_num_stages2,4.842975974082947,6.107840061187744,0.7929113934822273,1.0128255096768102,False,False,0.07635200023651123,1,prefill_t8192,BLOCK_M128_BLOCK_N128_BLOCK_K32_GROUP_M8_SPLIT_K1_num_warps8_num_stages2
22.65983933210373,74.19852447509766,0.3053947432567716,0.845815364423244,False,False,0.21145600080490112,cast_not_priced,f01,BLOCK_M64_BLOCK_N64_BLOCK_K128_GROUP_M8_SPLIT_K2_num_warps4_num_stages2,6.6148799657821655,6.107840061187744,1.083014600826961,1.0128255096768102,False,False,0.07635200023651123,1,prefill_t8192,BLOCK_M128_BLOCK_N128_BLOCK_K32_GROUP_M8_SPLIT_K4_num_warps8_num_stages2
34.301696479320526,74.19852447509766,0.46229620766694335,0.845815364423244,False,False,0.21145600080490112,cast_not_priced,f01,BLOCK_M64_BLOCK_N64_BLOCK_K128_GROUP_M8_SPLIT_K2_num_warps4_num_stages2,6.1055039167404175,6.107840061187744,0.9996175170888688,1.0128255096768102,False,False,0.07635200023651123,1,prefill_t8192,BLOCK_M128_BLOCK_N64_BLOCK_K32_GROUP_M8_SPLIT_K8_num_warps8_num_stages2
73.05907410383224,19.290367126464844,3.7873345605538544,0.845815364423244,False,False,0.21145600080490112,,f01,BLOCK_M128_BLOCK_N128_BLOCK_K32_GROUP_M1_SPLIT_K1_num_warps8_num_stages3,5.903807997703552,3.288800001144409,1.795125272333129,1.0128255096768102,False,False,0.07635200023651123,1,prefill_t8192,BLOCK_M64_BLOCK_N64_BLOCK_K128_GROUP_M8_SPLIT_K2_num_warps4_num_stages2
27.9375359416008,19.290367126464844,1.4482635689847878,0.845815364423244,False,False,0.21145600080490112,,f01,BLOCK_M128_BLOCK_N128_BLOCK_K32_GROUP_M1_SPLIT_K1_num_warps8_num_stages3,5.276448130607605,3.288800001144409,1.6043688058779952,1.0128255096768102,False,False,0.07635200023651123,1,prefill_t8192,BLOCK_M128_BLOCK_N128_BLOCK_K32_GROUP_M1_SPLIT_K1_num_warps16_num_stages2
19.65849655866623,19.290367126464844,1.0190835887045582,0.845815364423244,False,False,0.21145600080490112,,f01,BLOCK_M128_BLOCK_N128_BLOCK_K32_GROUP_M1_SPLIT_K1_num_warps8_num_stages3,3.386720061302185,3.288800001144409,1.0297737959510163,1.0128255096768102,False,False,0.07635200023651123,0,prefill_t8192,BLOCK_M128_BLOCK_N128_BLOCK_K32_GROUP_M1_SPLIT_K1_num_warps8_num_stages3
21.179647147655487,19.290367126464844,1.0979390391486485,0.845815364423244,False,False,0.21145600080490112,,f01,BLOCK_M128_BLOCK_N128_BLOCK_K32_GROUP_M1_SPLIT_K1_num_warps8_num_stages3,4.104671835899353,3.288800001144409,1.248075843611969,1.0128255096768102,False,False,0.07635200023651123,0,prefill_t8192,BLOCK_M128_BLOCK_N128_BLOCK_K32_GROUP_M1_SPLIT_K2_num_warps8_num_stages3
15.76012772321701,19.290367126464844,0.8169947010285447,0.845815364423244,False,False,0.21145600080490112,,f01,BLOCK_M128_BLOCK_N128_BLOCK_K32_GROUP_M1_SPLIT_K1_num_warps8_num_stages3,4.842975974082947,3.288800001144409,1.4725662771824763,1.0128255096768102,False,False,0.07635200023651123,0,prefill_t8192,BLOCK_M128_BLOCK_N128_BLOCK_K32_GROUP_M8_SPLIT_K1_num_warps8_num_stages2
22.65983933210373,19.290367126464844,1.174671232721965,0.845815364423244,False,False,0.21145600080490112,,f01,BLOCK_M128_BLOCK_N128_BLOCK_K32_GROUP_M1_SPLIT_K1_num_warps8_num_stages3,6.6148799657821655,3.288800001144409,2.011335430394179,1.0128255096768102,False,False,0.07635200023651123,1,prefill_t8192,BLOCK_M128_BLOCK_N128_BLOCK_K32_GROUP_M8_SPLIT_K4_num_warps8_num_stages2
34.301696479320526,19.290367126464844,1.7781774838417324,0.845815364423244,False,False,0.21145600080490112,,f01,BLOCK_M128_BLOCK_N128_BLOCK_K32_GROUP_M1_SPLIT_K1_num_warps8_num_stages3,6.1055039167404175,3.288800001144409,1.8564533916978458,1.0128255096768102,False,False,0.07635200023651123,1,prefill_t8192,BLOCK_M128_BLOCK_N64_BLOCK_K32_GROUP_M8_SPLIT_K8_num_warps8_num_stages2
73.05907410383224,21.183231353759766,3.448910739053282,0.845815364423244,False,False,0.21145600080490112,cast_not_priced,f01,BLOCK_M128_BLOCK_N128_BLOCK_K32_GROUP_M1_SPLIT_K2_num_warps8_num_stages3,5.903807997703552,3.40118408203125,1.7358096049237326,1.0128255096768102,False,False,0.07635200023651123,1,prefill_t8192,BLOCK_M64_BLOCK_N64_BLOCK_K128_GROUP_M8_SPLIT_K2_num_warps4_num_stages2
27.9375359416008,21.183231353759766,1.3188514762004064,0.845815364423244,False,False,0.21145600080490112,cast_not_priced,f01,BLOCK_M128_BLOCK_N128_BLOCK_K32_GROUP_M1_SPLIT_K2_num_warps8_num_stages3,5.276448130607605,3.40118408203125,1.5513562345782863,1.0128255096768102,False,False,0.07635200023651123,1,prefill_t8192,BLOCK_M128_BLOCK_N128_BLOCK_K32_GROUP_M1_SPLIT_K1_num_warps16_num_stages2
19.65849655866623,21.183231353759766,0.9280216143783505,0.845815364423244,False,False,0.21145600080490112,cast_not_priced,f01,BLOCK_M128_BLOCK_N128_BLOCK_K32_GROUP_M1_SPLIT_K2_num_warps8_num_stages3,3.386720061302185,3.40118408203125,0.995747357279049,1.0128255096768102,False,False,0.07635200023651123,0,prefill_t8192,BLOCK_M128_BLOCK_N128_BLOCK_K32_GROUP_M1_SPLIT_K1_num_warps8_num_stages3
21.179647147655487,21.183231353759766,0.9998307998414206,0.845815364423244,False,False,0.21145600080490112,cast_not_priced,f01,BLOCK_M128_BLOCK_N128_BLOCK_K32_GROUP_M1_SPLIT_K2_num_warps8_num_stages3,4.104671835899353,3.40118408203125,1.2068361302714221,1.0128255096768102,False,False,0.07635200023651123,0,prefill_t8192,BLOCK_M128_BLOCK_N128_BLOCK_K32_GROUP_M1_SPLIT_K2_num_warps8_num_stages3
15.76012772321701,21.183231353759766,0.7439907283276581,0.845815364423244,False,False,0.21145600080490112,cast_not_priced,f01,BLOCK_M128_BLOCK_N128_BLOCK_K32_GROUP_M1_SPLIT_K2_num_warps8_num_stages3,4.842975974082947,3.40118408203125,1.4239088086025122,1.0128255096768102,False,False,0.07635200023651123,0,prefill_t8192,BLOCK_M128_BLOCK_N128_BLOCK_K32_GROUP_M8_SPLIT_K1_num_warps8_num_stages2
22.65983933210373,21.183231353759766,1.069706455718895,0.845815364423244,False,False,0.21145600080490112,cast_not_priced,f01,BLOCK_M128_BLOCK_N128_BLOCK_K32_GROUP_M1_SPLIT_K2_num_warps8_num_stages3,6.6148799657821655,3.40118408203125,1.944875609858681,1.0128255096768102,False,False,0.07635200023651123,1,prefill_t8192,BLOCK_M128_BLOCK_N128_BLOCK_K32_GROUP_M8_SPLIT_K4_num_warps8_num_stages2
34.301696479320526,21.183231353759766,1.6192853633368072,0.845815364423244,False,False,0.21145600080490112,cast_not_priced,f01,BLOCK_M128_BLOCK_N128_BLOCK_K32_GROUP_M1_SPLIT_K2_num_warps8_num_stages3,6.1055039167404175,3.40118408203125,1.795111281684612,1.0128255096768102,False,False,0.07635200023651123,1,prefill_t8192,BLOCK_M128_BLOCK_N64_BLOCK_K32_GROUP_M8_SPLIT_K8_num_warps8_num_stages2
73.05907410383224,18.899200439453125,3.865723014996835,0.845815364423244,False,False,0.21145600080490112,,f01,BLOCK_M128_BLOCK_N128_BLOCK_K32_GROUP_M8_SPLIT_K1_num_warps8_num_stages2,5.903807997703552,4.7226881980896,1.2500948083110237,1.0128255096768102,False,False,0.07635200023651123,1,prefill_t8192,BLOCK_M64_BLOCK_N64_BLOCK_K128_GROUP_M8_SPLIT_K2_num_warps4_num_stages2
27.9375359416008,18.899200439453125,1.4782390414400628,0.845815364423244,False,False,0.21145600080490112,,f01,BLOCK_M128_BLOCK_N128_BLOCK_K32_GROUP_M8_SPLIT_K1_num_warps8_num_stages2,5.276448130607605,4.7226881980896,1.1172552388154717,1.0128255096768102,False,False,0.07635200023651123,1,prefill_t8192,BLOCK_M128_BLOCK_N128_BLOCK_K32_GROUP_M1_SPLIT_K1_num_warps16_num_stages2
19.65849655866623,18.899200439453125,1.040176097483364,0.845815364423244,False,False,0.21145600080490112,,f01,BLOCK_M128_BLOCK_N128_BLOCK_K32_GROUP_M8_SPLIT_K1_num_warps8_num_stages2,3.386720061302185,4.7226881980896,0.7171170145579726,1.0128255096768102,False,False,0.07635200023651123,0,prefill_t8192,BLOCK_M128_BLOCK_N128_BLOCK_K32_GROUP_M1_SPLIT_K1_num_warps8_num_stages3
21.179647147655487,18.899200439453125,1.1206636606404683,0.845815364423244,False,False,0.21145600080490112,,f01,BLOCK_M128_BLOCK_N128_BLOCK_K32_GROUP_M8_SPLIT_K1_num_warps8_num_stages2,4.104671835899353,4.7226881980896,0.8691388598467619,1.0128255096768102,False,False,0.07635200023651123,0,prefill_t8192,BLOCK_M128_BLOCK_N128_BLOCK_K32_GROUP_M1_SPLIT_K2_num_warps8_num_stages3
15.76012772321701,18.899200439453125,0.8339044698587816,0.845815364423244,False,False,0.21145600080490112,,f01,BLOCK_M128_BLOCK_N128_BLOCK_K32_GROUP_M8_SPLIT_K1_num_warps8_num_stages2,4.842975974082947,4.7226881980896,1.0254701921761435,1.0128255096768102,False,False,0.07635200023651123,0,prefill_t8192,BLOCK_M128_BLOCK_N128_BLOCK_K32_GROUP_M8_SPLIT_K1_num_warps8_num_stages2
22.65983933210373,18.899200439453125,1.198984020763125,0.845815364423244,False,False,0.21145600080490112,,f01,BLOCK_M128_BLOCK_N128_BLOCK_K32_GROUP_M8_SPLIT_K1_num_warps8_num_stages2,6.6148799657821655,4.7226881980896,1.4006598971445938,1.0128255096768102,False,False,0.07635200023651123,1,prefill_t8192,BLOCK_M128_BLOCK_N128_BLOCK_K32_GROUP_M8_SPLIT_K4_num_warps8_num_stages2
34.301696479320526,18.899200439453125,1.8149813580321545,0.845815364423244,False,False,0.21145600080490112,,f01,BLOCK_M128_BLOCK_N128_BLOCK_K32_GROUP_M8_SPLIT_K1_num_warps8_num_stages2,6.1055039167404175,4.7226881980896,1.292802670989414,1.0128255096768102,False,False,0.07635200023651123,1,prefill_t8192,BLOCK_M128_BLOCK_N64_BLOCK_K32_GROUP_M8_SPLIT_K8_num_warps8_num_stages2
73.05907410383224,22.290687561035156,3.277560367027075,0.845815364423244,False,False,0.21145600080490112,cast_not_priced,f01,BLOCK_M128_BLOCK_N128_BLOCK_K32_GROUP_M8_SPLIT_K4_num_warps8_num_stages2,5.903807997703552,5.719520092010498,1.032220868661775,1.0128255096768102,False,False,0.07635200023651123,1,prefill_t8192,BLOCK_M64_BLOCK_N64_BLOCK_K128_GROUP_M8_SPLIT_K2_num_warps4_num_stages2
27.9375359416008,22.290687561035156,1.253327689650835,0.845815364423244,False,False,0.21145600080490112,cast_not_priced,f01,BLOCK_M128_BLOCK_N128_BLOCK_K32_GROUP_M8_SPLIT_K4_num_warps8_num_stages2,5.276448130607605,5.719520092010498,0.9225333674372763,1.0128255096768102,False,False,0.07635200023651123,1,prefill_t8192,BLOCK_M128_BLOCK_N128_BLOCK_K32_GROUP_M1_SPLIT_K1_num_warps16_num_stages2
19.65849655866623,22.290687561035156,0.8819152170536865,0.845815364423244,False,False,0.21145600080490112,cast_not_priced,f01,BLOCK_M128_BLOCK_N128_BLOCK_K32_GROUP_M8_SPLIT_K4_num_warps8_num_stages2,3.386720061302185,5.719520092010498,0.5921336068096059,1.0128255096768102,False,False,0.07635200023651123,1,prefill_t8192,BLOCK_M128_BLOCK_N128_BLOCK_K32_GROUP_M1_SPLIT_K1_num_warps8_num_stages3
21.179647147655487,22.290687561035156,0.9501567454867653,0.845815364423244,False,False,0.21145600080490112,cast_not_priced,f01,BLOCK_M128_BLOCK_N128_BLOCK_K32_GROUP_M8_SPLIT_K4_num_warps8_num_stages2,4.104671835899353,5.719520092010498,0.7176601829991122,1.0128255096768102,False,False,0.07635200023651123,1,prefill_t8192,BLOCK_M128_BLOCK_N128_BLOCK_K32_GROUP_M1_SPLIT_K2_num_warps8_num_stages3
15.76012772321701,22.290687561035156,0.7070274382548084,0.845815364423244,False,False,0.21145600080490112,cast_not_priced,f01,BLOCK_M128_BLOCK_N128_BLOCK_K32_GROUP_M8_SPLIT_K4_num_warps8_num_stages2,4.842975974082947,5.719520092010498,0.8467451632608161,1.0128255096768102,False,False,0.07635200023651123,1,prefill_t8192,BLOCK_M128_BLOCK_N128_BLOCK_K32_GROUP_M8_SPLIT_K1_num_warps8_num_stages2
22.65983933210373,22.290687561035156,1.016560806841771,0.845815364423244,False,False,0.21145600080490112,cast_not_priced,f01,BLOCK_M128_BLOCK_N128_BLOCK_K32_GROUP_M8_SPLIT_K4_num_warps8_num_stages2,6.6148799657821655,5.719520092010498,1.1565445805535994,1.0128255096768102,False,False,0.07635200023651123,1,prefill_t8192,BLOCK_M128_BLOCK_N128_BLOCK_K32_GROUP_M8_SPLIT_K4_num_warps8_num_stages2
34.301696479320526,22.290687561035156,1.5388352820161995,0.845815364423244,False,False,0.21145600080490112,cast_not_priced,f01,BLOCK_M128_BLOCK_N128_BLOCK_K32_GROUP_M8_SPLIT_K4_num_warps8_num_stages2,6.1055039167404175,5.719520092010498,1.0674853516589782,1.0128255096768102,False,False,0.07635200023651123,1,prefill_t8192,BLOCK_M128_BLOCK_N64_BLOCK_K32_GROUP_M8_SPLIT_K8_num_warps8_num_stages2
73.05907410383224,34.25766372680664,2.1326344576925567,0.845815364423244,False,False,0.21145600080490112,cast_not_priced,f01,BLOCK_M128_BLOCK_N64_BLOCK_K32_GROUP_M8_SPLIT_K8_num_warps8_num_stages2,5.903807997703552,6.0535359382629395,0.9752660359025883,1.0128255096768102,False,False,0.07635200023651123,1,prefill_t8192,BLOCK_M64_BLOCK_N64_BLOCK_K128_GROUP_M8_SPLIT_K2_num_warps4_num_stages2
27.9375359416008,34.25766372680664,0.8155120023476575,0.845815364423244,False,False,0.21145600080490112,cast_not_priced,f01,BLOCK_M128_BLOCK_N64_BLOCK_K32_GROUP_M8_SPLIT_K8_num_warps8_num_stages2,5.276448130607605,6.0535359382629395,0.8716307600086174,1.0128255096768102,False,False,0.07635200023651123,1,prefill_t8192,BLOCK_M128_BLOCK_N128_BLOCK_K32_GROUP_M1_SPLIT_K1_num_warps16_num_stages2
19.65849655866623,34.25766372680664,0.5738423003809056,0.845815364423244,False,False,0.21145600080490112,cast_not_priced,f01,BLOCK_M128_BLOCK_N64_BLOCK_K32_GROUP_M8_SPLIT_K8_num_warps8_num_stages2,3.386720061302185,6.0535359382629395,0.5594614611760286,1.0128255096768102,False,False,0.07635200023651123,1,prefill_t8192,BLOCK_M128_BLOCK_N128_BLOCK_K32_GROUP_M1_SPLIT_K1_num_warps8_num_stages3
21.179647147655487,34.25766372680664,0.6182455206681944,0.845815364423244,False,False,0.21145600080490112,cast_not_priced,f01,BLOCK_M128_BLOCK_N64_BLOCK_K32_GROUP_M8_SPLIT_K8_num_warps8_num_stages2,4.104671835899353,6.0535359382629395,0.6780618596735691,1.0128255096768102,False,False,0.07635200023651123,1,prefill_t8192,BLOCK_M128_BLOCK_N128_BLOCK_K32_GROUP_M1_SPLIT_K2_num_warps8_num_stages3
15.76012772321701,34.25766372680664,0.46004677519455894,0.845815364423244,False,False,0.21145600080490112,cast_not_priced,f01,BLOCK_M128_BLOCK_N64_BLOCK_K32_GROUP_M8_SPLIT_K8_num_warps8_num_stages2,4.842975974082947,6.0535359382629395,0.8000243202442501,1.0128255096768102,False,False,0.07635200023651123,1,prefill_t8192,BLOCK_M128_BLOCK_N128_BLOCK_K32_GROUP_M8_SPLIT_K1_num_warps8_num_stages2
22.65983933210373,34.25766372680664,0.661453142654687,0.845815364423244,False,False,0.21145600080490112,cast_not_priced,f01,BLOCK_M128_BLOCK_N64_BLOCK_K32_GROUP_M8_SPLIT_K8_num_warps8_num_stages2,6.6148799657821655,6.0535359382629395,1.092729940524695,1.0128255096768102,False,False,0.07635200023651123,1,prefill_t8192,BLOCK_M128_BLOCK_N128_BLOCK_K32_GROUP_M8_SPLIT_K4_num_warps8_num_stages2
34.301696479320526,34.25766372680664,1.0012853402048965,0.845815364423244,False,False,0.21145600080490112,cast_not_priced,f01,BLOCK_M128_BLOCK_N64_BLOCK_K32_GROUP_M8_SPLIT_K8_num_warps8_num_stages2,6.1055039167404175,6.0535359382629395,1.008584731140192,1.0128255096768102,False,False,0.07635200023651123,1,prefill_t8192,BLOCK_M128_BLOCK_N64_BLOCK_K32_GROUP_M8_SPLIT_K8_num_warps8_num_stages2
