c500_chain_ms,c500_fused_ms,c500_gain,c500_pub_gain,c500_pub_is_fused_winner,c500_pub_is_unfused_winner,c500_swiglu_act_ms,chain_note,family,fused_mapping,h200_chain_ms,h200_fused_ms,h200_gain,h200_pub_gain,h200_pub_is_fused_winner,h200_pub_is_unfused_winner,h200_swiglu_act_ms,pathological,regime,unfused_mapping
0.3653120119124651,0.4183039963245392,0.8733170496153699,0.9874100804155609,False,False,0.015359999611973763,,f06,BLOCK_M16_BLOCK_N32_BLOCK_K128_GROUP_M8_num_warps4_num_stages2,0.11484799720346928,0.10719999670982361,1.0713432903766575,1.0339345503165458,False,False,0.00559999980032444,0,decode_bs1,BLOCK_M32_BLOCK_N32_BLOCK_K128_GROUP_M8_num_warps2_num_stages2
0.6812160033732653,0.4183039963245392,1.6285189942214826,0.9874100804155609,False,False,0.015359999611973763,,f06,BLOCK_M16_BLOCK_N32_BLOCK_K128_GROUP_M8_num_warps4_num_stages2,0.24355199374258518,0.10719999670982361,2.2719403098663205,1.0339345503165458,False,False,0.00559999980032444,1,decode_bs1,BLOCK_M128_BLOCK_N64_BLOCK_K32_GROUP_M8_num_warps2_num_stages2
0.8842239994555712,0.4183039963245392,2.113831106623113,0.9874100804155609,False,False,0.015359999611973763,,f06,BLOCK_M16_BLOCK_N32_BLOCK_K128_GROUP_M8_num_warps4_num_stages2,0.22585600055754185,0.10719999670982361,2.1068657415065464,1.0339345503165458,False,False,0.00559999980032444,1,decode_bs1,BLOCK_M16_BLOCK_N64_BLOCK_K32_GROUP_M8_num_warps4_num_stages2
0.8867840189486742,0.4183039963245392,2.119951104317605,0.9874100804155609,False,False,0.015359999611973763,,f06,BLOCK_M16_BLOCK_N32_BLOCK_K128_GROUP_M8_num_warps4_num_stages2,0.2304640058428049,0.10719999670982361,2.149850866755536,1.0339345503165458,False,False,0.00559999980032444,1,decode_bs1,BLOCK_M32_BLOCK_N64_BLOCK_K32_GROUP_M8_num_warps2_num_stages2
1.4758399743586779,0.4183039963245392,3.5281517444878876,0.9874100804155609,False,False,0.015359999611973763,,f06,BLOCK_M16_BLOCK_N32_BLOCK_K128_GROUP_M8_num_warps4_num_stages2,0.18662399984896183,0.10719999670982361,1.740895574410591,1.0339345503165458,False,False,0.00559999980032444,1,decode_bs1,BLOCK_M64_BLOCK_N128_BLOCK_K32_GROUP_M8_num_warps2_num_stages3
0.5386239904910326,0.4183039963245392,1.2876376874801447,0.9874100804155609,False,False,0.015359999611973763,,f06,BLOCK_M16_BLOCK_N32_BLOCK_K128_GROUP_M8_num_warps4_num_stages2,0.2267840001732111,0.10719999670982361,2.115522454604973,1.0339345503165458,False,False,0.00559999980032444,1,decode_bs1,BLOCK_M64_BLOCK_N64_BLOCK_K32_GROUP_M8_num_warps4_num_stages2
0.3937279898673296,0.4183039963245392,0.9412484540593716,0.9874100804155609,False,False,0.015359999611973763,,f06,BLOCK_M16_BLOCK_N32_BLOCK_K128_GROUP_M8_num_warps4_num_stages2,0.15206400491297245,0.10719999670982361,1.4185075520532884,1.0339345503165458,False,False,0.00559999980032444,0,decode_bs1,BLOCK_M64_BLOCK_N64_BLOCK_K32_GROUP_M8_num_warps8_num_stages3
0.9008640069514513,0.4183039963245392,2.153610806654881,0.9874100804155609,False,False,0.015359999611973763,,f06,BLOCK_M16_BLOCK_N32_BLOCK_K128_GROUP_M8_num_warps4_num_stages2,0.20543999411165714,0.10719999670982361,1.916417914337781,1.0339345503165458,False,False,0.00559999980032444,1,decode_bs1,BLOCK_M128_BLOCK_N32_BLOCK_K64_GROUP_M8_num_warps8_num_stages3
0.4011519867926836,0.4183039963245392,0.9589963048821837,0.9874100804155609,False,False,0.015359999611973763,,f06,BLOCK_M16_BLOCK_N32_BLOCK_K128_GROUP_M8_num_warps4_num_stages2,0.15315199829638004,0.10719999670982361,1.428656744374186,1.0339345503165458,False,False,0.00559999980032444,0,decode_bs1,BLOCK_M64_BLOCK_N128_BLOCK_K64_GROUP_M8_num_warps16_num_stages2
0.5601279754191637,0.4183039963245392,1.339045240640233,0.9874100804155609,False,False,0.015359999611973763,,f06,BLOCK_M16_BLOCK_N32_BLOCK_K128_GROUP_M8_num_warps4_num_stages2,0.162815997377038,0.10719999670982361,1.518805992296433,1.0339345503165458,False,False,0.00559999980032444,1,decode_bs1,BLOCK_M64_BLOCK_N32_BLOCK_K64_GROUP_M8_num_warps2_num_stages2
0.3653120119124651,0.9195520281791687,0.39727171570251424,0.9874100804155609,False,False,0.015359999611973763,,f06,BLOCK_M64_BLOCK_N32_BLOCK_K128_GROUP_M8_num_warps16_num_stages2,0.11484799720346928,0.2051199972629547,0.559906390093401,1.0339345503165458,False,False,0.00559999980032444,1,decode_bs1,BLOCK_M32_BLOCK_N32_BLOCK_K128_GROUP_M8_num_warps2_num_stages2
0.6812160033732653,0.9195520281791687,0.7408128985612272,0.9874100804155609,False,False,0.015359999611973763,,f06,BLOCK_M64_BLOCK_N32_BLOCK_K128_GROUP_M8_num_warps16_num_stages2,0.24355199374258518,0.2051199972629547,1.1873634798774024,1.0339345503165458,False,False,0.00559999980032444,1,decode_bs1,BLOCK_M128_BLOCK_N64_BLOCK_K32_GROUP_M8_num_warps2_num_stages2
0.8842239994555712,0.9195520281791687,0.9615812617002742,0.9874100804155609,False,False,0.015359999611973763,,f06,BLOCK_M64_BLOCK_N32_BLOCK_K128_GROUP_M8_num_warps16_num_stages2,0.22585600055754185,0.2051199972629547,1.101092061092437,1.0339345503165458,False,False,0.00559999980032444,1,decode_bs1,BLOCK_M16_BLOCK_N64_BLOCK_K32_GROUP_M8_num_warps4_num_stages2
0.8867840189486742,0.9195520281791687,0.9643652471786949,0.9874100804155609,False,False,0.015359999611973763,,f06,BLOCK_M64_BLOCK_N32_BLOCK_K128_GROUP_M8_num_warps16_num_stages2,0.2304640058428049,0.2051199972629547,1.1235569857548326,1.0339345503165458,False,False,0.00559999980032444,1,decode_bs1,BLOCK_M32_BLOCK_N64_BLOCK_K32_GROUP_M8_num_warps2_num_stages2
1.4758399743586779,0.9195520281791687,1.6049553795025941,0.9874100804155609,False,False,0.015359999611973763,,f06,BLOCK_M64_BLOCK_N32_BLOCK_K128_GROUP_M8_num_warps16_num_stages2,0.18662399984896183,0.2051199972629547,0.9098284045397981,1.0339345503165458,False,False,0.00559999980032444,1,decode_bs1,BLOCK_M64_BLOCK_N128_BLOCK_K32_GROUP_M8_num_warps2_num_stages3
0.5386239904910326,0.9195520281791687,0.5857460741591505,0.9874100804155609,False,False,0.015359999611973763,,f06,BLOCK_M64_BLOCK_N32_BLOCK_K128_GROUP_M8_num_warps16_num_stages2,0.2267840001732111,0.2051199972629547,1.1056162402463574,1.0339345503165458,False,False,0.00559999980032444,1,decode_bs1,BLOCK_M64_BLOCK_N64_BLOCK_K32_GROUP_M8_num_warps4_num_stages2
0.3937279898673296,0.9195520281791687,0.428173695236105,0.9874100804155609,False,False,0.015359999611973763,,f06,BLOCK_M64_BLOCK_N32_BLOCK_K128_GROUP_M8_num_warps16_num_stages2,0.15206400491297245,0.2051199972629547,0.7413416875100343,1.0339345503165458,False,False,0.00559999980032444,1,decode_bs1,BLOCK_M64_BLOCK_N64_BLOCK_K32_GROUP_M8_num_warps8_num_stages3
0.9008640069514513,0.9195520281791687,0.9796770376715692,0.9874100804155609,False,False,0.015359999611973763,,f06,BLOCK_M64_BLOCK_N32_BLOCK_K128_GROUP_M8_num_warps16_num_stages2,0.20543999411165714,0.2051199972629547,1.0015600470601227,1.0339345503165458,False,False,0.00559999980032444,1,decode_bs1,BLOCK_M128_BLOCK_N32_BLOCK_K64_GROUP_M8_num_warps8_num_stages3
0.4011519867926836,0.9195520281791687,0.43624718830430526,0.9874100804155609,False,False,0.015359999611973763,,f06,BLOCK_M64_BLOCK_N32_BLOCK_K128_GROUP_M8_num_warps16_num_stages2,0.15315199829638004,0.2051199972629547,0.7466458674921197,1.0339345503165458,False,False,0.00559999980032444,1,decode_bs1,BLOCK_M64_BLOCK_N128_BLOCK_K64_GROUP_M8_num_warps16_num_stages2
0.5601279754191637,0.9195520281791687,0.6091313577202251,0.9874100804155609,False,False,0.015359999611973763,,f06,BLOCK_M64_BLOCK_N32_BLOCK_K128_GROUP_M8_num_warps16_num_stages2,0.162815997377038,0.2051199972629547,0.7937597481942004,1.0339345503165458,False,False,0.00559999980032444,1,decode_bs1,BLOCK_M64_BLOCK_N32_BLOCK_K64_GROUP_M8_num_warps2_num_stages2
0.3653120119124651,0.5368319749832153,0.6804960004923086,0.9874100804155609,False,False,0.015359999611973763,,f06,BLOCK_M64_BLOCK_N32_BLOCK_K128_GROUP_M8_num_warps4_num_stages2,0.11484799720346928,0.1598079949617386,0.7186624000317776,1.0339345503165458,False,False,0.00559999980032444,1,decode_bs1,BLOCK_M32_BLOCK_N32_BLOCK_K128_GROUP_M8_num_warps2_num_stages2
0.6812160033732653,0.5368319749832153,1.2689557163478653,0.9874100804155609,False,False,0.015359999611973763,,f06,BLOCK_M64_BLOCK_N32_BLOCK_K128_GROUP_M8_num_warps4_num_stages2,0.24355199374258518,0.1598079949617386,1.524028843493698,1.0339345503165458,False,False,0.00559999980032444,1,decode_bs1,BLOCK_M128_BLOCK_N64_BLOCK_K32_GROUP_M8_num_warps2_num_stages2
0.8842239994555712,0.5368319749832153,1.6471150018275595,0.9874100804155609,False,False,0.015359999611973763,,f06,BLOCK_M64_BLOCK_N32_BLOCK_K128_GROUP_M8_num_warps4_num_stages2,0.22585600055754185,0.1598079949617386,1.413296003191934,1.0339345503165458,False,False,0.00559999980032444,1,decode_bs1,BLOCK_M16_BLOCK_N64_BLOCK_K32_GROUP_M8_num_warps4_num_stages2
0.8867840189486742,0.5368319749832153,1.651883755576222,0.9874100804155609,False,False,0.015359999611973763,,f06,BLOCK_M64_BLOCK_N32_BLOCK_K128_GROUP_M8_num_warps4_num_stages2,0.2304640058428049,0.1598079949617386,1.4421306386954098,1.0339345503165458,False,False,0.00559999980032444,1,decode_bs1,BLOCK_M32_BLOCK_N64_BLOCK_K32_GROUP_M8_num_warps2_num_stages2
1.4758399743586779,0.5368319749832153,2.749165554836449,0.9874100804155609,False,False,0.015359999611973763,,f06,BLOCK_M64_BLOCK_N32_BLOCK_K128_GROUP_M8_num_warps4_num_stages2,0.18662399984896183,0.1598079949617386,1.1678013975060733,1.0339345503165458,False,False,0.00559999980032444,1,decode_bs1,BLOCK_M64_BLOCK_N128_BLOCK_K32_GROUP_M8_num_warps2_num_stages3
0.5386239904910326,0.5368319749832153,1.0033381310937624,0.9874100804155609,False,False,0.015359999611973763,,f06,BLOCK_M64_BLOCK_N32_BLOCK_K128_GROUP_M8_num_warps4_num_stages2,0.2267840001732111,0.1598079949617386,1.4191029693320911,1.0339345503165458,False,False,0.00559999980032444,1,decode_bs1,BLOCK_M64_BLOCK_N64_BLOCK_K32_GROUP_M8_num_warps4_num_stages2
0.3937279898673296,0.5368319749832153,0.7334287229810407,0.9874100804155609,False,False,0.015359999611973763,,f06,BLOCK_M64_BLOCK_N32_BLOCK_K128_GROUP_M8_num_warps4_num_stages2,0.15206400491297245,0.1598079949617386,0.9515419109624633,1.0339345503165458,False,False,0.00559999980032444,1,decode_bs1,BLOCK_M64_BLOCK_N64_BLOCK_K32_GROUP_M8_num_warps8_num_stages3
0.9008640069514513,0.5368319749832153,1.678111679133155,0.9874100804155609,False,False,0.015359999611973763,,f06,BLOCK_M64_BLOCK_N32_BLOCK_K128_GROUP_M8_num_warps4_num_stages2,0.20543999411165714,0.1598079949617386,1.285542654864319,1.0339345503165458,False,False,0.00559999980032444,1,decode_bs1,BLOCK_M128_BLOCK_N32_BLOCK_K64_GROUP_M8_num_warps8_num_stages3
0.4011519867926836,0.5368319749832153,0.7472579978218065,0.9874100804155609,False,False,0.015359999611973763,,f06,BLOCK_M64_BLOCK_N32_BLOCK_K128_GROUP_M8_num_warps4_num_stages2,0.15315199829638004,0.1598079949617386,0.9583500395774809,1.0339345503165458,False,False,0.00559999980032444,1,decode_bs1,BLOCK_M64_BLOCK_N128_BLOCK_K64_GROUP_M8_num_warps16_num_stages2
0.5601279754191637,0.5368319749832153,1.043395329491461,0.9874100804155609,False,False,0.015359999611973763,,f06,BLOCK_M64_BLOCK_N32_BLOCK_K128_GROUP_M8_num_warps4_num_stages2,0.162815997377038,0.1598079949617386,1.018822602811703,1.0339345503165458,False,False,0.00559999980032444,1,decode_bs1,BLOCK_M64_BLOCK_N32_BLOCK_K64_GROUP_M8_num_warps2_num_stages2
0.3653120119124651,0.653823971748352,0.5587314440851806,0.9874100804155609,False,False,0.015359999611973763,,f06,BLOCK_M32_BLOCK_N64_BLOCK_K32_GROUP_M8_num_warps2_num_stages3,0.11484799720346928,0.1709119975566864,0.6719715341538713,1.0339345503165458,False,False,0.00559999980032444,1,decode_bs1,BLOCK_M32_BLOCK_N32_BLOCK_K128_GROUP_M8_num_warps2_num_stages2
0.6812160033732653,0.653823971748352,1.041895116741691,0.9874100804155609,False,False,0.015359999611973763,,f06,BLOCK_M32_BLOCK_N64_BLOCK_K32_GROUP_M8_num_warps2_num_stages3,0.24355199374258518,0.1709119975566864,1.4250140260738937,1.0339345503165458,False,False,0.00559999980032444,1,decode_bs1,BLOCK_M128_BLOCK_N64_BLOCK_K32_GROUP_M8_num_warps2_num_stages2
0.8842239994555712,0.653823971748352,1.3523884679405682,0.9874100804155609,False,False,0.015359999611973763,,f06,BLOCK_M32_BLOCK_N64_BLOCK_K32_GROUP_M8_num_warps2_num_stages3,0.22585600055754185,0.1709119975566864,1.3214754012961094,1.0339345503165458,False,False,0.00559999980032444,1,decode_bs1,BLOCK_M16_BLOCK_N64_BLOCK_K32_GROUP_M8_num_warps4_num_stages2
0.8867840189486742,0.653823971748352,1.356303924705265,0.9874100804155609,False,False,0.015359999611973763,,f06,BLOCK_M32_BLOCK_N64_BLOCK_K32_GROUP_M8_num_warps2_num_stages3,0.2304640058428049,0.1709119975566864,1.3484366758183075,1.0339345503165458,False,False,0.00559999980032444,1,decode_bs1,BLOCK_M32_BLOCK_N64_BLOCK_K32_GROUP_M8_num_warps2_num_stages2
1.4758399743586779,0.653823971748352,2.2572435978635372,0.9874100804155609,False,False,0.015359999611973763,,f06,BLOCK_M32_BLOCK_N64_BLOCK_K32_GROUP_M8_num_warps2_num_stages3,0.18662399984896183,0.1709119975566864,1.0919303648479342,1.0339345503165458,False,False,0.00559999980032444,1,decode_bs1,BLOCK_M64_BLOCK_N128_BLOCK_K32_GROUP_M8_num_warps2_num_stages3
0.5386239904910326,0.653823971748352,0.8238058158845568,0.9874100804155609,False,False,0.015359999611973763,,f06,BLOCK_M32_BLOCK_N64_BLOCK_K32_GROUP_M8_num_warps2_num_stages3,0.2267840001732111,0.1709119975566864,1.3269050939387308,1.0339345503165458,False,False,0.00559999980032444,1,decode_bs1,BLOCK_M64_BLOCK_N64_BLOCK_K32_GROUP_M8_num_warps4_num_stages2
0.3937279898673296,0.653823971748352,0.6021926495207645,0.9874100804155609,False,False,0.015359999611973763,,f06,BLOCK_M32_BLOCK_N64_BLOCK_K32_GROUP_M8_num_warps2_num_stages3,0.15206400491297245,0.1709119975566864,0.8897210674899365,1.0339345503165458,False,False,0.00559999980032444,1,decode_bs1,BLOCK_M64_BLOCK_N64_BLOCK_K32_GROUP_M8_num_warps8_num_stages3
0.9008640069514513,0.653823971748352,1.377838754584822,0.9874100804155609,False,False,0.015359999611973763,,f06,BLOCK_M32_BLOCK_N64_BLOCK_K32_GROUP_M8_num_warps2_num_stages3,0.20543999411165714,0.1709119975566864,1.2020220759722784,1.0339345503165458,False,False,0.00559999980032444,1,decode_bs1,BLOCK_M128_BLOCK_N32_BLOCK_K64_GROUP_M8_num_warps8_num_stages3
0.4011519867926836,0.653823971748352,0.6135473829752476,0.9874100804155609,False,False,0.015359999611973763,,f06,BLOCK_M32_BLOCK_N64_BLOCK_K32_GROUP_M8_num_warps2_num_stages3,0.15315199829638004,0.1709119975566864,0.8960868779594253,1.0339345503165458,False,False,0.00559999980032444,1,decode_bs1,BLOCK_M64_BLOCK_N128_BLOCK_K64_GROUP_M8_num_warps16_num_stages2
0.5601279754191637,0.653823971748352,0.856695379218597,0.9874100804155609,False,False,0.015359999611973763,,f06,BLOCK_M32_BLOCK_N64_BLOCK_K32_GROUP_M8_num_warps2_num_stages3,0.162815997377038,0.1709119975566864,0.9526305917935153,1.0339345503165458,False,False,0.00559999980032444,1,decode_bs1,BLOCK_M64_BLOCK_N32_BLOCK_K64_GROUP_M8_num_warps2_num_stages2
0.3653120119124651,0.7662079930305481,0.4767791712372549,0.9874100804155609,False,False,0.015359999611973763,,f06,BLOCK_M128_BLOCK_N32_BLOCK_K64_GROUP_M8_num_warps4_num_stages2,0.11484799720346928,0.1828480064868927,0.6281063677426642,1.0339345503165458,False,False,0.00559999980032444,1,decode_bs1,BLOCK_M32_BLOCK_N32_BLOCK_K128_GROUP_M8_num_warps2_num_stages2
0.6812160033732653,0.7662079930305481,0.8890745196730226,0.9874100804155609,False,False,0.015359999611973763,,f06,BLOCK_M128_BLOCK_N32_BLOCK_K64_GROUP_M8_num_warps4_num_stages2,0.24355199374258518,0.1828480064868927,1.3319915181030098,1.0339345503165458,False,False,0.00559999980032444,1,decode_bs1,BLOCK_M128_BLOCK_N64_BLOCK_K32_GROUP_M8_num_warps2_num_stages2
0.8842239994555712,0.7662079930305481,1.154026070595061,0.9874100804155609,False,False,0.015359999611973763,,f06,BLOCK_M128_BLOCK_N32_BLOCK_K64_GROUP_M8_num_warps4_num_stages2,0.22585600055754185,0.1828480064868927,1.2352117198156718,1.0339345503165458,False,False,0.00559999980032444,1,decode_bs1,BLOCK_M16_BLOCK_N64_BLOCK_K32_GROUP_M8_num_warps4_num_stages2
0.8867840189486742,0.7662079930305481,1.157367225368163,0.9874100804155609,False,False,0.015359999611973763,,f06,BLOCK_M128_BLOCK_N32_BLOCK_K64_GROUP_M8_num_warps4_num_stages2,0.2304640058428049,0.1828480064868927,1.2604130078898372,1.0339345503165458,False,False,0.00559999980032444,1,decode_bs1,BLOCK_M32_BLOCK_N64_BLOCK_K32_GROUP_M8_num_warps2_num_stages2
1.4758399743586779,0.7662079930305481,1.9261610264875393,0.9874100804155609,False,False,0.015359999611973763,,f06,BLOCK_M128_BLOCK_N32_BLOCK_K64_GROUP_M8_num_warps4_num_stages2,0.18662399984896183,0.1828480064868927,1.0206509955159933,1.0339345503165458,False,False,0.00559999980032444,1,decode_bs1,BLOCK_M64_BLOCK_N128_BLOCK_K32_GROUP_M8_num_warps2_num_stages3
0.5386239904910326,0.7662079930305481,0.7029735990623607,0.9874100804155609,False,False,0.015359999611973763,,f06,BLOCK_M128_BLOCK_N32_BLOCK_K64_GROUP_M8_num_warps4_num_stages2,0.2267840001732111,0.1828480064868927,1.2402869712963915,1.0339345503165458,False,False,0.00559999980032444,1,decode_bs1,BLOCK_M64_BLOCK_N64_BLOCK_K32_GROUP_M8_num_warps4_num_stages2
0.3937279898673296,0.7662079930305481,0.5138656780517715,0.9874100804155609,False,False,0.015359999611973763,,f06,BLOCK_M128_BLOCK_N32_BLOCK_K64_GROUP_M8_num_warps4_num_stages2,0.15206400491297245,0.1828480064868927,0.8316415794441435,1.0339345503165458,False,False,0.00559999980032444,1,decode_bs1,BLOCK_M64_BLOCK_N64_BLOCK_K32_GROUP_M8_num_warps8_num_stages3
0.9008640069514513,0.7662079930305481,1.175743421036766,0.9874100804155609,False,False,0.015359999611973763,,f06,BLOCK_M128_BLOCK_N32_BLOCK_K64_GROUP_M8_num_warps4_num_stages2,0.20543999411165714,0.1828480064868927,1.123556105745041,1.0339345503165458,False,False,0.00559999980032444,1,decode_bs1,BLOCK_M128_BLOCK_N32_BLOCK_K64_GROUP_M8_num_warps8_num_stages3
0.4011519867926836,0.7662079930305481,0.5235549491020384,0.9874100804155609,False,False,0.015359999611973763,,f06,BLOCK_M128_BLOCK_N32_BLOCK_K64_GROUP_M8_num_warps4_num_stages2,0.15315199829638004,0.1828480064868927,0.8375918405616231,1.0339345503165458,False,False,0.00559999980032444,1,decode_bs1,BLOCK_M64_BLOCK_N128_BLOCK_K64_GROUP_M8_num_warps16_num_stages2
0.5601279754191637,0.7662079930305481,0.7310390657812308,0.9874100804155609,False,False,0.015359999611973763,,f06,BLOCK_M128_BLOCK_N32_BLOCK_K64_GROUP_M8_num_warps4_num_stages2,0.162815997377038,0.1828480064868927,0.8904444762908001,1.0339345503165458,False,False,0.00559999980032444,1,decode_bs1,BLOCK_M64_BLOCK_N32_BLOCK_K64_GROUP_M8_num_warps2_num_stages2
0.3653120119124651,0.30745598673820496,1.1881766095630586,0.9874100804155609,False,False,0.015359999611973763,,f06,BLOCK_M32_BLOCK_N32_BLOCK_K64_GROUP_M8_num_warps4_num_stages3,0.11484799720346928,0.11590400338172913,0.9908889585566609,1.0339345503165458,False,False,0.00559999980032444,0,decode_bs1,BLOCK_M32_BLOCK_N32_BLOCK_K128_GROUP_M8_num_warps2_num_stages2
0.6812160033732653,0.30745598673820496,2.215653728523141,0.9874100804155609,False,False,0.015359999611973763,,f06,BLOCK_M32_BLOCK_N32_BLOCK_K64_GROUP_M8_num_warps4_num_stages3,0.24355199374258518,0.11590400338172913,2.101325119378734,1.0339345503165458,False,False,0.00559999980032444,1,decode_bs1,BLOCK_M128_BLOCK_N64_BLOCK_K32_GROUP_M8_num_warps2_num_stages2
0.8842239994555712,0.30745598673820496,2.875936841680293,0.9874100804155609,False,False,0.015359999611973763,,f06,BLOCK_M32_BLOCK_N32_BLOCK_K64_GROUP_M8_num_warps4_num_stages3,0.22585600055754185,0.11590400338172913,1.948647104221987,1.0339345503165458,False,False,0.00559999980032444,1,decode_bs1,BLOCK_M16_BLOCK_N64_BLOCK_K32_GROUP_M8_num_warps4_num_stages2
0.8867840189486742,0.30745598673820496,2.8842633001118303,0.9874100804155609,False,False,0.015359999611973763,,f06,BLOCK_M32_BLOCK_N32_BLOCK_K64_GROUP_M8_num_warps4_num_stages3,0.2304640058428049,0.11590400338172913,1.9884041889715673,1.0339345503165458,False,False,0.00559999980032444,1,decode_bs1,BLOCK_M32_BLOCK_N64_BLOCK_K32_GROUP_M8_num_warps2_num_stages2
1.4758399743586779,0.30745598673820496,4.800166651545275,0.9874100804155609,False,False,0.015359999611973763,,f06,BLOCK_M32_BLOCK_N32_BLOCK_K64_GROUP_M8_num_warps4_num_stages3,0.18662399984896183,0.11590400338172913,1.6101600842407213,1.0339345503165458,False,False,0.00559999980032444,1,decode_bs1,BLOCK_M64_BLOCK_N128_BLOCK_K32_GROUP_M8_num_warps2_num_stages3
0.5386239904910326,0.30745598673820496,1.7518734834383447,0.9874100804155609,False,False,0.015359999611973763,,f06,BLOCK_M32_BLOCK_N32_BLOCK_K64_GROUP_M8_num_warps4_num_stages3,0.2267840001732111,0.11590400338172913,1.9566537268458224,1.0339345503165458,False,False,0.00559999980032444,1,decode_bs1,BLOCK_M64_BLOCK_N64_BLOCK_K32_GROUP_M8_num_warps4_num_stages2
0.3937279898673296,0.30745598673820496,1.2805995226971598,0.9874100804155609,False,False,0.015359999611973763,,f06,BLOCK_M32_BLOCK_N32_BLOCK_K64_GROUP_M8_num_warps4_num_stages3,0.15206400491297245,0.11590400338172913,1.3119823343129104,1.0339345503165458,False,False,0.00559999980032444,0,decode_bs1,BLOCK_M64_BLOCK_N64_BLOCK_K32_GROUP_M8_num_warps8_num_stages3
0.9008640069514513,0.30745598673820496,2.930058433757304,0.9874100804155609,False,False,0.015359999611973763,,f06,BLOCK_M32_BLOCK_N32_BLOCK_K64_GROUP_M8_num_warps4_num_stages3,0.20543999411165714,0.11590400338172913,1.7725012779329268,1.0339345503165458,False,False,0.00559999980032444,1,decode_bs1,BLOCK_M128_BLOCK_N32_BLOCK_K64_GROUP_M8_num_warps8_num_stages3
0.4011519867926836,0.30745598673820496,1.3047460582846275,0.9874100804155609,False,False,0.015359999611973763,,f06,BLOCK_M32_BLOCK_N32_BLOCK_K64_GROUP_M8_num_warps4_num_stages3,0.15315199829638004,0.11590400338172913,1.321369355914091,1.0339345503165458,False,False,0.00559999980032444,0,decode_bs1,BLOCK_M64_BLOCK_N128_BLOCK_K64_GROUP_M8_num_warps16_num_stages2
0.5601279754191637,0.30745598673820496,1.8218151526712858,0.9874100804155609,False,False,0.015359999611973763,,f06,BLOCK_M32_BLOCK_N32_BLOCK_K64_GROUP_M8_num_warps4_num_stages3,0.162815997377038,0.11590400338172913,1.4047486939756906,1.0339345503165458,False,False,0.00559999980032444,1,decode_bs1,BLOCK_M64_BLOCK_N32_BLOCK_K64_GROUP_M8_num_warps2_num_stages2
0.3653120119124651,0.5104640126228333,0.7156469464623814,0.9874100804155609,False,False,0.015359999611973763,,f06,BLOCK_M32_BLOCK_N64_BLOCK_K64_GROUP_M8_num_warps2_num_stages2,0.11484799720346928,0.13948799669742584,0.8233539797162255,1.0339345503165458,False,False,0.00559999980032444,1,decode_bs1,BLOCK_M32_BLOCK_N32_BLOCK_K128_GROUP_M8_num_warps2_num_stages2
0.6812160033732653,0.5104640126228333,1.3345034841400183,0.9874100804155609,False,False,0.015359999611973763,,f06,BLOCK_M32_BLOCK_N64_BLOCK_K64_GROUP_M8_num_warps2_num_stages2,0.24355199374258518,0.13948799669742584,1.7460426668173648,1.0339345503165458,False,False,0.00559999980032444,1,decode_bs1,BLOCK_M128_BLOCK_N64_BLOCK_K32_GROUP_M8_num_warps2_num_stages2
0.8842239994555712,0.5104640126228333,1.732196545868745,0.9874100804155609,False,False,0.015359999611973763,,f06,BLOCK_M32_BLOCK_N64_BLOCK_K64_GROUP_M8_num_warps2_num_stages2,0.22585600055754185,0.13948799669742584,1.6191787530468553,1.0339345503165458,False,False,0.00559999980032444,1,decode_bs1,BLOCK_M16_BLOCK_N64_BLOCK_K32_GROUP_M8_num_warps4_num_stages2
0.8867840189486742,0.5104640126228333,1.7372116290671653,0.9874100804155609,False,False,0.015359999611973763,,f06,BLOCK_M32_BLOCK_N64_BLOCK_K64_GROUP_M8_num_warps2_num_stages2,0.2304640058428049,0.13948799669742584,1.652213891512989,1.0339345503165458,False,False,0.00559999980032444,1,decode_bs1,BLOCK_M32_BLOCK_N64_BLOCK_K32_GROUP_M8_num_warps2_num_stages2
1.4758399743586779,0.5104640126228333,2.8911733988368975,0.9874100804155609,False,False,0.015359999611973763,,f06,BLOCK_M32_BLOCK_N64_BLOCK_K64_GROUP_M8_num_warps2_num_stages2,0.18662399984896183,0.13948799669742584,1.3379215722323572,1.0339345503165458,False,False,0.00559999980032444,1,decode_bs1,BLOCK_M64_BLOCK_N128_BLOCK_K32_GROUP_M8_num_warps2_num_stages3
0.5386239904910326,0.5104640126228333,1.0551654517690867,0.9874100804155609,False,False,0.015359999611973763,,f06,BLOCK_M32_BLOCK_N64_BLOCK_K64_GROUP_M8_num_warps2_num_stages2,0.2267840001732111,0.13948799669742584,1.6258316524908285,1.0339345503165458,False,False,0.00559999980032444,1,decode_bs1,BLOCK_M64_BLOCK_N64_BLOCK_K32_GROUP_M8_num_warps4_num_stages2
0.3937279898673296,0.5104640126228333,0.7713139029023846,0.9874100804155609,False,False,0.015359999611973763,,f06,BLOCK_M32_BLOCK_N64_BLOCK_K64_GROUP_M8_num_warps2_num_stages2,0.15206400491297245,0.13948799669742584,1.0901583542190099,1.0339345503165458,False,False,0.00559999980032444,1,decode_bs1,BLOCK_M64_BLOCK_N64_BLOCK_K32_GROUP_M8_num_warps8_num_stages3
0.9008640069514513,0.5104640126228333,1.7647943531272459,0.9874100804155609,False,False,0.015359999611973763,,f06,BLOCK_M32_BLOCK_N64_BLOCK_K64_GROUP_M8_num_warps2_num_stages2,0.20543999411165714,0.13948799669742584,1.4728148584518914,1.0339345503165458,False,False,0.00559999980032444,1,decode_bs1,BLOCK_M128_BLOCK_N32_BLOCK_K64_GROUP_M8_num_warps8_num_stages3
0.4011519867926836,0.5104640126228333,0.7858575274121878,0.9874100804155609,False,False,0.015359999611973763,,f06,BLOCK_M32_BLOCK_N64_BLOCK_K64_GROUP_M8_num_warps2_num_stages2,0.15315199829638004,0.13948799669742584,1.0979582610867502,1.0339345503165458,False,False,0.00559999980032444,1,decode_bs1,BLOCK_M64_BLOCK_N128_BLOCK_K64_GROUP_M8_num_warps16_num_stages2
0.5601279754191637,0.5104640126228333,1.0972918003389707,0.9874100804155609,False,False,0.015359999611973763,,f06,BLOCK_M32_BLOCK_N64_BLOCK_K64_GROUP_M8_num_warps2_num_stages2,0.162815997377038,0.13948799669742584,1.1672402015365861,1.0339345503165458,False,False,0.00559999980032444,1,decode_bs1,BLOCK_M64_BLOCK_N32_BLOCK_K64_GROUP_M8_num_warps2_num_stages2
0.3653120119124651,0.4774399995803833,0.7651474787062955,0.9874100804155609,False,False,0.015359999611973763,,f06,BLOCK_M64_BLOCK_N32_BLOCK_K64_GROUP_M8_num_warps8_num_stages2,0.11484799720346928,0.14735999703407288,0.7793702464374636,1.0339345503165458,False,False,0.00559999980032444,1,decode_bs1,BLOCK_M32_BLOCK_N32_BLOCK_K128_GROUP_M8_num_warps2_num_stages2
0.6812160033732653,0.4774399995803833,1.4268096597938555,0.9874100804155609,False,False,0.015359999611973763,,f06,BLOCK_M64_BLOCK_N32_BLOCK_K64_GROUP_M8_num_warps8_num_stages2,0.24355199374258518,0.14735999703407288,1.6527687204436534,1.0339345503165458,False,False,0.00559999980032444,1,decode_bs1,BLOCK_M128_BLOCK_N64_BLOCK_K32_GROUP_M8_num_warps2_num_stages2
0.8842239994555712,0.4774399995803833,1.852010724347993,0.9874100804155609,False,False,0.015359999611973763,,f06,BLOCK_M64_BLOCK_N32_BLOCK_K64_GROUP_M8_num_warps8_num_stages2,0.22585600055754185,0.14735999703407288,1.5326819021672413,1.0339345503165458,False,False,0.00559999980032444,1,decode_bs1,BLOCK_M16_BLOCK_N64_BLOCK_K32_GROUP_M8_num_warps4_num_stages2
0.8867840189486742,0.4774399995803833,1.8573726954759944,0.9874100804155609,False,False,0.015359999611973763,,f06,BLOCK_M64_BLOCK_N32_BLOCK_K64_GROUP_M8_num_warps8_num_stages2,0.2304640058428049,0.14735999703407288,1.5639522969691466,1.0339345503165458,False,False,0.00559999980032444,1,decode_bs1,BLOCK_M32_BLOCK_N64_BLOCK_K32_GROUP_M8_num_warps2_num_stages2
1.4758399743586779,0.4774399995803833,3.0911527640243324,0.9874100804155609,False,False,0.015359999611973763,,f06,BLOCK_M64_BLOCK_N32_BLOCK_K64_GROUP_M8_num_warps8_num_stages2,0.18662399984896183,0.14735999703407288,1.2664495358656274,1.0339345503165458,False,False,0.00559999980032444,1,decode_bs1,BLOCK_M64_BLOCK_N128_BLOCK_K32_GROUP_M8_num_warps2_num_stages3
0.5386239904910326,0.4774399995803833,1.1281501151232054,0.9874100804155609,False,False,0.015359999611973763,,f06,BLOCK_M64_BLOCK_N32_BLOCK_K64_GROUP_M8_num_warps8_num_stages2,0.2267840001732111,0.14735999703407288,1.5389794024003247,1.0339345503165458,False,False,0.00559999980032444,1,decode_bs1,BLOCK_M64_BLOCK_N64_BLOCK_K32_GROUP_M8_num_warps4_num_stages2
0.3937279898673296,0.4774399995803833,0.8246648588584382,0.9874100804155609,False,False,0.015359999611973763,,f06,BLOCK_M64_BLOCK_N32_BLOCK_K64_GROUP_M8_num_warps8_num_stages2,0.15206400491297245,0.14735999703407288,1.0319218782137456,1.0339345503165458,False,False,0.00559999980032444,1,decode_bs1,BLOCK_M64_BLOCK_N64_BLOCK_K32_GROUP_M8_num_warps8_num_stages3
0.9008640069514513,0.4774399995803833,1.8868632869956656,0.9874100804155609,False,False,0.015359999611973763,,f06,BLOCK_M64_BLOCK_N32_BLOCK_K64_GROUP_M8_num_warps8_num_stages2,0.20543999411165714,0.14735999703407288,1.3941367959186026,1.0339345503165458,False,False,0.00559999980032444,1,decode_bs1,BLOCK_M128_BLOCK_N32_BLOCK_K64_GROUP_M8_num_warps8_num_stages3
0.4011519867926836,0.4774399995803833,0.8402144502874741,0.9874100804155609,False,False,0.015359999611973763,,f06,BLOCK_M64_BLOCK_N32_BLOCK_K64_GROUP_M8_num_warps8_num_stages2,0.15315199829638004,0.14735999703407288,1.039305112505994,1.0339345503165458,False,False,0.00559999980032444,1,decode_bs1,BLOCK_M64_BLOCK_N128_BLOCK_K64_GROUP_M8_num_warps16_num_stages2
0.5601279754191637,0.4774399995803833,1.1731902980719127,0.9874100804155609,False,False,0.015359999611973763,,f06,BLOCK_M64_BLOCK_N32_BLOCK_K64_GROUP_M8_num_warps8_num_stages2,0.162815997377038,0.14735999703407288,1.1048859979237877,1.0339345503165458,False,False,0.00559999980032444,1,decode_bs1,BLOCK_M64_BLOCK_N32_BLOCK_K64_GROUP_M8_num_warps2_num_stages2
0.3653120119124651,0.46515199542045593,0.7853605176567191,0.9874100804155609,False,False,0.015359999611973763,,f06,BLOCK_M64_BLOCK_N32_BLOCK_K64_GROUP_M8_num_warps8_num_stages3,0.11484799720346928,0.12176000326871872,0.9432325404098835,1.0339345503165458,False,False,0.00559999980032444,1,decode_bs1,BLOCK_M32_BLOCK_N32_BLOCK_K128_GROUP_M8_num_warps2_num_stages2
0.6812160033732653,0.46515199542045593,1.464501947922435,0.9874100804155609,False,False,0.015359999611973763,,f06,BLOCK_M64_BLOCK_N32_BLOCK_K64_GROUP_M8_num_warps8_num_stages3,0.24355199374258518,0.12176000326871872,2.0002627069997456,1.0339345503165458,False,False,0.00559999980032444,1,decode_bs1,BLOCK_M128_BLOCK_N64_BLOCK_K32_GROUP_M8_num_warps2_num_stages2
0.8842239994555712,0.46515199542045593,1.9009356256900747,0.9874100804155609,False,False,0.015359999611973763,,f06,BLOCK_M64_BLOCK_N32_BLOCK_K64_GROUP_M8_num_warps8_num_stages3,0.22585600055754185,0.12176000326871872,1.854927681457827,1.0339345503165458,False,False,0.00559999980032444,1,decode_bs1,BLOCK_M16_BLOCK_N64_BLOCK_K32_GROUP_M8_num_warps4_num_stages2
0.8867840189486742,0.46515199542045593,1.9064392449764738,0.9874100804155609,False,False,0.015359999611973763,,f06,BLOCK_M64_BLOCK_N32_BLOCK_K64_GROUP_M8_num_warps8_num_stages3,0.2304640058428049,0.12176000326871872,1.8927726647163556,1.0339345503165458,False,False,0.00559999980032444,1,decode_bs1,BLOCK_M32_BLOCK_N64_BLOCK_K32_GROUP_M8_num_warps2_num_stages2
1.4758399743586779,0.46515199542045593,3.172812304125773,0.9874100804155609,False,False,0.015359999611973763,,f06,BLOCK_M64_BLOCK_N32_BLOCK_K64_GROUP_M8_num_warps8_num_stages3,0.18662399984896183,0.12176000326871872,1.5327200627376074,1.0339345503165458,False,False,0.00559999980032444,1,decode_bs1,BLOCK_M64_BLOCK_N128_BLOCK_K32_GROUP_M8_num_warps2_num_stages3
0.5386239904910326,0.46515199542045593,1.157952660192642,0.9874100804155609,False,False,0.015359999611973763,,f06,BLOCK_M64_BLOCK_N32_BLOCK_K64_GROUP_M8_num_warps8_num_stages3,0.2267840001732111,0.12176000326871872,1.8625492286880878,1.0339345503165458,False,False,0.00559999980032444,1,decode_bs1,BLOCK_M64_BLOCK_N64_BLOCK_K32_GROUP_M8_num_warps4_num_stages2
0.3937279898673296,0.46515199542045593,0.8464501791751632,0.9874100804155609,False,False,0.015359999611973763,,f06,BLOCK_M64_BLOCK_N32_BLOCK_K64_GROUP_M8_num_warps8_num_stages3,0.15206400491297245,0.12176000326871872,1.2488830554428796,1.0339345503165458,False,False,0.00559999980032444,1,decode_bs1,BLOCK_M64_BLOCK_N64_BLOCK_K32_GROUP_M8_num_warps8_num_stages3
0.9008640069514513,0.46515199542045593,1.936708894771376,0.9874100804155609,False,False,0.015359999611973763,,f06,BLOCK_M64_BLOCK_N32_BLOCK_K64_GROUP_M8_num_warps8_num_stages3,0.20543999411165714,0.12176000326871872,1.6872535200106766,1.0339345503165458,False,False,0.00559999980032444,1,decode_bs1,BLOCK_M128_BLOCK_N32_BLOCK_K64_GROUP_M8_num_warps8_num_stages3
0.4011519867926836,0.46515199542045593,0.8624105469655741,0.9874100804155609,False,False,0.015359999611973763,,f06,BLOCK_M64_BLOCK_N32_BLOCK_K64_GROUP_M8_num_warps8_num_stages3,0.15315199829638004,0.12176000326871872,1.2578186118998422,1.0339345503165458,False,False,0.00559999980032444,1,decode_bs1,BLOCK_M64_BLOCK_N128_BLOCK_K64_GROUP_M8_num_warps16_num_stages2
0.5601279754191637,0.46515199542045593,1.204182677777955,0.9874100804155609,False,False,0.015359999611973763,,f06,BLOCK_M64_BLOCK_N32_BLOCK_K64_GROUP_M8_num_warps8_num_stages3,0.162815997377038,0.12176000326871872,1.3371878532042298,1.0339345503165458,False,False,0.00559999980032444,1,decode_bs1,BLOCK_M64_BLOCK_N32_BLOCK_K64_GROUP_M8_num_warps2_num_stages2
10.443008065223694,12.400383949279785,0.8421519936751817,0.9599110345662974,False,False,0.03916800022125244,,f06,BLOCK_M16_BLOCK_N32_BLOCK_K128_GROUP_M8_num_warps4_num_stages2,2.8956799609586596,2.8362560272216797,1.0209515407518375,1.0059603290970538,False,False,0.01235199999064207,0,decode_bs256,BLOCK_M32_BLOCK_N32_BLOCK_K128_GROUP_M8_num_warps2_num_stages2
17.651968598365784,12.400383949279785,1.4235017778938217,0.9599110345662974,False,False,0.03916800022125244,,f06,BLOCK_M16_BLOCK_N32_BLOCK_K128_GROUP_M8_num_warps4_num_stages2,6.7596159083768725,2.8362560272216797,2.3832883362784463,1.0059603290970538,False,False,0.01235199999064207,1,decode_bs256,BLOCK_M128_BLOCK_N64_BLOCK_K32_GROUP_M8_num_warps2_num_stages2
18.857216477394104,12.400383949279785,1.5206961779993378,0.9599110345662974,False,False,0.03916800022125244,,f06,BLOCK_M16_BLOCK_N32_BLOCK_K128_GROUP_M8_num_warps4_num_stages2,5.087135802023113,2.8362560272216797,1.7936095166296868,1.0059603290970538,False,False,0.01235199999064207,1,decode_bs256,BLOCK_M16_BLOCK_N64_BLOCK_K32_GROUP_M8_num_warps4_num_stages2
12.224256157875061,12.400383949279785,0.9857965856440313,0.9599110345662974,False,False,0.03916800022125244,,f06,BLOCK_M16_BLOCK_N32_BLOCK_K128_GROUP_M8_num_warps4_num_stages2,5.09484816621989,2.8362560272216797,1.7963287225556526,1.0059603290970538,False,False,0.01235199999064207,1,decode_bs256,BLOCK_M32_BLOCK_N64_BLOCK_K32_GROUP_M8_num_warps2_num_stages2
34.171393036842346,12.400383949279785,2.7556721772979476,0.9599110345662974,False,False,0.03916800022125244,,f06,BLOCK_M16_BLOCK_N32_BLOCK_K128_GROUP_M8_num_warps4_num_stages2,4.9741120440885425,2.8362560272216797,1.7537598849850833,1.0059603290970538,False,False,0.01235199999064207,1,decode_bs256,BLOCK_M64_BLOCK_N128_BLOCK_K32_GROUP_M8_num_warps2_num_stages3
11.785728096961975,12.400383949279785,0.9504325144421428,0.9599110345662974,False,False,0.03916800022125244,,f06,BLOCK_M16_BLOCK_N32_BLOCK_K128_GROUP_M8_num_warps4_num_stages2,5.167967806570232,2.8362560272216797,1.8221090610189499,1.0059603290970538,False,False,0.01235199999064207,1,decode_bs256,BLOCK_M64_BLOCK_N64_BLOCK_K32_GROUP_M8_num_warps4_num_stages2
11.7811199426651,12.400383949279785,0.9500609006021421,0.9599110345662974,False,False,0.03916800022125244,,f06,BLOCK_M16_BLOCK_N32_BLOCK_K128_GROUP_M8_num_warps4_num_stages2,4.179103861562908,2.8362560272216797,1.4734579041711708,1.0059603290970538,False,False,0.01235199999064207,0,decode_bs256,BLOCK_M64_BLOCK_N64_BLOCK_K32_GROUP_M8_num_warps8_num_stages3
27.560192704200745,12.400383949279785,2.222527368259548,0.9599110345662974,False,False,0.03916800022125244,,f06,BLOCK_M16_BLOCK_N32_BLOCK_K128_GROUP_M8_num_warps4_num_stages2,5.693344126455486,2.8362560272216797,2.00734491943329,1.0059603290970538,False,False,0.01235199999064207,1,decode_bs256,BLOCK_M128_BLOCK_N32_BLOCK_K64_GROUP_M8_num_warps8_num_stages3
9.90387213230133,12.400383949279785,0.7986746356250161,0.9599110345662974,False,False,0.03916800022125244,,f06,BLOCK_M16_BLOCK_N32_BLOCK_K128_GROUP_M8_num_warps4_num_stages2,4.030943880788982,2.8362560272216797,1.4212200316547539,1.0059603290970538,False,False,0.01235199999064207,0,decode_bs256,BLOCK_M64_BLOCK_N128_BLOCK_K64_GROUP_M8_num_warps16_num_stages2
16.504320740699768,12.400383949279785,1.3309523969746389,0.9599110345662974,False,False,0.03916800022125244,,f06,BLOCK_M16_BLOCK_N32_BLOCK_K128_GROUP_M8_num_warps4_num_stages2,4.384607802145183,2.8362560272216797,1.5459139654751928,1.0059603290970538,False,False,0.01235199999064207,1,decode_bs256,BLOCK_M64_BLOCK_N32_BLOCK_K64_GROUP_M8_num_warps2_num_stages2
10.443008065223694,28.495359420776367,0.3664810087501318,0.9599110345662974,False,False,0.03916800022125244,,f06,BLOCK_M64_BLOCK_N32_BLOCK_K128_GROUP_M8_num_warps16_num_stages2,2.8956799609586596,5.236095905303955,0.5530227125949798,1.0059603290970538,False,False,0.01235199999064207,1,decode_bs256,BLOCK_M32_BLOCK_N32_BLOCK_K128_GROUP_M8_num_warps2_num_stages2
17.651968598365784,28.495359420776367,0.6194681855985114,0.9599110345662974,False,False,0.03916800022125244,,f06,BLOCK_M64_BLOCK_N32_BLOCK_K128_GROUP_M8_num_warps16_num_stages2,6.7596159083768725,5.236095905303955,1.2909648773869198,1.0059603290970538,False,False,0.01235199999064207,1,decode_bs256,BLOCK_M128_BLOCK_N64_BLOCK_K32_GROUP_M8_num_warps2_num_stages2
18.857216477394104,28.495359420776367,0.6617644718544958,0.9599110345662974,False,False,0.03916800022125244,,f06,BLOCK_M64_BLOCK_N32_BLOCK_K128_GROUP_M8_num_warps16_num_stages2,5.087135802023113,5.236095905303955,0.9715513034950426,1.0059603290970538,False,False,0.01235199999064207,1,decode_bs256,BLOCK_M16_BLOCK_N64_BLOCK_K32_GROUP_M8_num_warps4_num_stages2
12.224256157875061,28.495359420776367,0.4289911201808595,0.9599110345662974,False,False,0.03916800022125244,,f06,BLOCK_M64_BLOCK_N32_BLOCK_K128_GROUP_M8_num_warps16_num_stages2,5.09484816621989,5.236095905303955,0.9730242261336377,1.0059603290970538,False,False,0.01235199999064207,1,decode_bs256,BLOCK_M32_BLOCK_N64_BLOCK_K32_GROUP_M8_num_warps2_num_stages2
34.171393036842346,28.495359420776367,1.199191508071574,0.9599110345662974,False,False,0.03916800022125244,,f06,BLOCK_M64_BLOCK_N32_BLOCK_K128_GROUP_M8_num_warps16_num_stages2,4.9741120440885425,5.236095905303955,0.949965801629028,1.0059603290970538,False,False,0.01235199999064207,1,decode_bs256,BLOCK_M64_BLOCK_N128_BLOCK_K32_GROUP_M8_num_warps2_num_stages3
11.785728096961975,28.495359420776367,0.4136016648510436,0.9599110345662974,False,False,0.03916800022125244,,f06,BLOCK_M64_BLOCK_N32_BLOCK_K128_GROUP_M8_num_warps16_num_stages2,5.167967806570232,5.236095905303955,0.9869887603348304,1.0059603290970538,False,False,0.01235199999064207,1,decode_bs256,BLOCK_M64_BLOCK_N64_BLOCK_K32_GROUP_M8_num_warps4_num_stages2
11.7811199426651,28.495359420776367,0.41343994889481267,0.9599110345662974,False,False,0.03916800022125244,,f06,BLOCK_M64_BLOCK_N32_BLOCK_K128_GROUP_M8_num_warps16_num_stages2,4.179103861562908,5.236095905303955,0.7981335592668658,1.0059603290970538,False,False,0.01235199999064207,1,decode_bs256,BLOCK_M64_BLOCK_N64_BLOCK_K32_GROUP_M8_num_warps8_num_stages3
27.560192704200745,28.495359420776367,0.9671817890497012,0.9599110345662974,False,False,0.03916800022125244,,f06,BLOCK_M64_BLOCK_N32_BLOCK_K128_GROUP_M8_num_warps16_num_stages2,5.693344126455486,5.236095905303955,1.0873261738174729,1.0059603290970538,False,False,0.01235199999064207,1,decode_bs256,BLOCK_M128_BLOCK_N32_BLOCK_K64_GROUP_M8_num_warps8_num_stages3
9.90387213230133,28.495359420776367,0.3475608777575298,0.9599110345662974,False,False,0.03916800022125244,,f06,BLOCK_M64_BLOCK_N32_BLOCK_K128_GROUP_M8_num_warps16_num_stages2,4.030943880788982,5.236095905303955,0.7698376717481048,1.0059603290970538,False,False,0.01235199999064207,1,decode_bs256,BLOCK_M64_BLOCK_N128_BLOCK_K64_GROUP_M8_num_warps16_num_stages2
16.504320740699768,28.495359420776367,0.5791932818600012,0.9599110345662974,False,False,0.03916800022125244,,f06,BLOCK_M64_BLOCK_N32_BLOCK_K128_GROUP_M8_num_warps16_num_stages2,4.384607802145183,5.236095905303955,0.8373811101709866,1.0059603290970538,False,False,0.01235199999064207,1,decode_bs256,BLOCK_M64_BLOCK_N32_BLOCK_K64_GROUP_M8_num_warps2_num_stages2
10.443008065223694,16.146175384521484,0.6467790555052978,0.9599110345662974,False,False,0.03916800022125244,,f06,BLOCK_M64_BLOCK_N32_BLOCK_K128_GROUP_M8_num_warps4_num_stages2,2.8956799609586596,3.2291200160980225,0.8967396524511089,1.0059603290970538,False,False,0.01235199999064207,1,decode_bs256,BLOCK_M32_BLOCK_N32_BLOCK_K128_GROUP_M8_num_warps2_num_stages2
17.651968598365784,16.146175384521484,1.0932600555849175,0.9599110345662974,False,False,0.03916800022125244,,f06,BLOCK_M64_BLOCK_N32_BLOCK_K128_GROUP_M8_num_warps4_num_stages2,6.7596159083768725,3.2291200160980225,2.093330651904664,1.0059603290970538,False,False,0.01235199999064207,1,decode_bs256,BLOCK_M128_BLOCK_N64_BLOCK_K32_GROUP_M8_num_warps2_num_stages2
18.857216477394104,16.146175384521484,1.1679060847729648,0.9599110345662974,False,False,0.03916800022125244,,f06,BLOCK_M64_BLOCK_N32_BLOCK_K128_GROUP_M8_num_warps4_num_stages2,5.087135802023113,3.2291200160980225,1.5753938462065167,1.0059603290970538,False,False,0.01235199999064207,1,decode_bs256,BLOCK_M16_BLOCK_N64_BLOCK_K32_GROUP_M8_num_warps4_num_stages2
12.224256157875061,16.146175384521484,0.7570991808743656,0.9599110345662974,False,False,0.03916800022125244,,f06,BLOCK_M64_BLOCK_N32_BLOCK_K128_GROUP_M8_num_warps4_num_stages2,5.09484816621989,3.2291200160980225,1.5777822257521295,1.0059603290970538,False,False,0.01235199999064207,1,decode_bs256,BLOCK_M32_BLOCK_N64_BLOCK_K32_GROUP_M8_num_warps2_num_stages2
34.171393036842346,16.146175384521484,2.1163769266126464,0.9599110345662974,False,False,0.03916800022125244,,f06,BLOCK_M64_BLOCK_N32_BLOCK_K128_GROUP_M8_num_warps4_num_stages2,4.9741120440885425,3.2291200160980225,1.5403924348711941,1.0059603290970538,False,False,0.01235199999064207,1,decode_bs256,BLOCK_M64_BLOCK_N128_BLOCK_K32_GROUP_M8_num_warps2_num_stages3
11.785728096961975,16.146175384521484,0.7299393086154851,0.9599110345662974,False,False,0.03916800022125244,,f06,BLOCK_M64_BLOCK_N32_BLOCK_K128_GROUP_M8_num_warps4_num_stages2,5.167967806570232,3.2291200160980225,1.6004260544069397,1.0059603290970538,False,False,0.01235199999064207,1,decode_bs256,BLOCK_M64_BLOCK_N64_BLOCK_K32_GROUP_M8_num_warps4_num_stages2
11.7811199426651,16.146175384521484,0.7296539063956322,0.9599110345662974,False,False,0.03916800022125244,,f06,BLOCK_M64_BLOCK_N32_BLOCK_K128_GROUP_M8_num_warps4_num_stages2,4.179103861562908,3.2291200160980225,1.294192795786147,1.0059603290970538,False,False,0.01235199999064207,1,decode_bs256,BLOCK_M64_BLOCK_N64_BLOCK_K32_GROUP_M8_num_warps8_num_stages3
27.560192704200745,16.146175384521484,1.706917709479441,0.9599110345662974,False,False,0.03916800022125244,,f06,BLOCK_M64_BLOCK_N32_BLOCK_K128_GROUP_M8_num_warps4_num_stages2,5.693344126455486,3.2291200160980225,1.7631255877987349,1.0059603290970538,False,False,0.01235199999064207,1,decode_bs256,BLOCK_M128_BLOCK_N32_BLOCK_K64_GROUP_M8_num_warps8_num_stages3
9.90387213230133,16.146175384521484,0.6133881180180706,0.9599110345662974,False,False,0.03916800022125244,,f06,BLOCK_M64_BLOCK_N32_BLOCK_K128_GROUP_M8_num_warps4_num_stages2,4.030943880788982,3.2291200160980225,1.2483103324415488,1.0059603290970538,False,False,0.01235199999064207,1,decode_bs256,BLOCK_M64_BLOCK_N128_BLOCK_K64_GROUP_M8_num_warps16_num_stages2
16.504320740699768,16.146175384521484,1.0221814360149724,0.9599110345662974,False,False,0.03916800022125244,,f06,BLOCK_M64_BLOCK_N32_BLOCK_K128_GROUP_M8_num_warps4_num_stages2,4.384607802145183,3.2291200160980225,1.3578336451685742,1.0059603290970538,False,False,0.01235199999064207,1,decode_bs256,BLOCK_M64_BLOCK_N32_BLOCK_K64_GROUP_M8_num_warps2_num_stages2
10.443008065223694,13.174271583557129,0.7926820089436795,0.9599110345662974,False,False,0.03916800022125244,,f06,BLOCK_M32_BLOCK_N64_BLOCK_K32_GROUP_M8_num_warps2_num_stages3,2.8956799609586596,5.01964807510376,0.5768691186381236,1.0059603290970538,False,False,0.01235199999064207,1,decode_bs256,BLOCK_M32_BLOCK_N32_BLOCK_K128_GROUP_M8_num_warps2_num_stages2
17.651968598365784,13.174271583557129,1.3398819423456618,0.9599110345662974,False,False,0.03916800022125244,,f06,BLOCK_M32_BLOCK_N64_BLOCK_K32_GROUP_M8_num_warps2_num_stages3,6.7596159083768725,5.01964807510376,1.3466314385470433,1.0059603290970538,False,False,0.01235199999064207,1,decode_bs256,BLOCK_M128_BLOCK_N64_BLOCK_K32_GROUP_M8_num_warps2_num_stages2
18.857216477394104,13.174271583557129,1.4313669152630712,0.9599110345662974,False,False,0.03916800022125244,,f06,BLOCK_M32_BLOCK_N64_BLOCK_K32_GROUP_M8_num_warps2_num_stages3,5.087135802023113,5.01964807510376,1.0134447128383512,1.0059603290970538,False,False,0.01235199999064207,1,decode_bs256,BLOCK_M16_BLOCK_N64_BLOCK_K32_GROUP_M8_num_warps4_num_stages2
12.224256157875061,13.174271583557129,0.9278885804306792,0.9599110345662974,False,False,0.03916800022125244,,f06,BLOCK_M32_BLOCK_N64_BLOCK_K32_GROUP_M8_num_warps2_num_stages3,5.09484816621989,5.01964807510376,1.0149811480787079,1.0059603290970538,False,False,0.01235199999064207,1,decode_bs256,BLOCK_M32_BLOCK_N64_BLOCK_K32_GROUP_M8_num_warps2_num_stages2
34.171393036842346,13.174271583557129,2.593797525738867,0.9599110345662974,False,False,0.03916800022125244,,f06,BLOCK_M32_BLOCK_N64_BLOCK_K32_GROUP_M8_num_warps2_num_stages3,4.9741120440885425,5.01964807510376,0.9909284415293843,1.0059603290970538,False,False,0.01235199999064207,1,decode_bs256,BLOCK_M64_BLOCK_N128_BLOCK_K32_GROUP_M8_num_warps2_num_stages3
11.785728096961975,13.174271583557129,0.8946018777745404,0.9599110345662974,False,False,0.03916800022125244,,f06,BLOCK_M32_BLOCK_N64_BLOCK_K32_GROUP_M8_num_warps2_num_stages3,5.167967806570232,5.01964807510376,1.0295478346783118,1.0059603290970538,False,False,0.01235199999064207,1,decode_bs256,BLOCK_M64_BLOCK_N64_BLOCK_K32_GROUP_M8_num_warps4_num_stages2
11.7811199426651,13.174271583557129,0.8942520934037197,0.9599110345662974,False,False,0.03916800022125244,,f06,BLOCK_M32_BLOCK_N64_BLOCK_K32_GROUP_M8_num_warps2_num_stages3,4.179103861562908,5.01964807510376,0.832549174570674,1.0059603290970538,False,False,0.01235199999064207,1,decode_bs256,BLOCK_M64_BLOCK_N64_BLOCK_K32_GROUP_M8_num_warps8_num_stages3
27.560192704200745,13.174271583557129,2.0919708941326784,0.9599110345662974,False,False,0.03916800022125244,,f06,BLOCK_M32_BLOCK_N64_BLOCK_K32_GROUP_M8_num_warps2_num_stages3,5.693344126455486,5.01964807510376,1.134211809527663,1.0059603290970538,False,False,0.01235199999064207,1,decode_bs256,BLOCK_M128_BLOCK_N32_BLOCK_K64_GROUP_M8_num_warps8_num_stages3
9.90387213230133,13.174271583557129,0.7517586129515047,0.9599110345662974,False,False,0.03916800022125244,,f06,BLOCK_M32_BLOCK_N64_BLOCK_K32_GROUP_M8_num_warps2_num_stages3,4.030943880788982,5.01964807510376,0.8030331649705661,1.0059603290970538,False,False,0.01235199999064207,1,decode_bs256,BLOCK_M64_BLOCK_N128_BLOCK_K64_GROUP_M8_num_warps16_num_stages2
16.504320740699768,13.174271583557129,1.2527691292852114,0.9599110345662974,False,False,0.03916800022125244,,f06,BLOCK_M32_BLOCK_N64_BLOCK_K32_GROUP_M8_num_warps2_num_stages3,4.384607802145183,5.01964807510376,0.8734890846017228,1.0059603290970538,False,False,0.01235199999064207,1,decode_bs256,BLOCK_M64_BLOCK_N32_BLOCK_K64_GROUP_M8_num_warps2_num_stages2
10.443008065223694,23.49875259399414,0.44440691153507184,0.9599110345662974,False,False,0.03916800022125244,,f06,BLOCK_M128_BLOCK_N32_BLOCK_K64_GROUP_M8_num_warps4_num_stages2,2.8956799609586596,5.012224197387695,0.5777235508475159,1.0059603290970538,False,False,0.01235199999064207,1,decode_bs256,BLOCK_M32_BLOCK_N32_BLOCK_K128_GROUP_M8_num_warps2_num_stages2
17.651968598365784,23.49875259399414,0.7511874737928561,0.9599110345662974,False,False,0.03916800022125244,,f06,BLOCK_M128_BLOCK_N32_BLOCK_K64_GROUP_M8_num_warps4_num_stages2,6.7596159083768725,5.012224197387695,1.3486260075716274,1.0059603290970538,False,False,0.01235199999064207,1,decode_bs256,BLOCK_M128_BLOCK_N64_BLOCK_K32_GROUP_M8_num_warps2_num_stages2
18.857216477394104,23.49875259399414,0.8024773401041582,0.9599110345662974,False,False,0.03916800022125244,,f06,BLOCK_M128_BLOCK_N32_BLOCK_K64_GROUP_M8_num_warps4_num_stages2,5.087135802023113,5.012224197387695,1.0149457808919362,1.0059603290970538,False,False,0.01235199999064207,1,decode_bs256,BLOCK_M16_BLOCK_N64_BLOCK_K32_GROUP_M8_num_warps4_num_stages2
12.224256157875061,23.49875259399414,0.5202087263559412,0.9599110345662974,False,False,0.03916800022125244,,f06,BLOCK_M128_BLOCK_N32_BLOCK_K64_GROUP_M8_num_warps4_num_stages2,5.09484816621989,5.012224197387695,1.0164844918300457,1.0059603290970538,False,False,0.01235199999064207,1,decode_bs256,BLOCK_M32_BLOCK_N64_BLOCK_K32_GROUP_M8_num_warps2_num_stages2
34.171393036842346,23.49875259399414,1.4541790207866583,0.9599110345662974,False,False,0.03916800022125244,,f06,BLOCK_M128_BLOCK_N32_BLOCK_K64_GROUP_M8_num_warps4_num_stages2,4.9741120440885425,5.012224197387695,0.9923961595095813,1.0059603290970538,False,False,0.01235199999064207,1,decode_bs256,BLOCK_M64_BLOCK_N128_BLOCK_K32_GROUP_M8_num_warps2_num_stages3
11.785728096961975,23.49875259399414,0.5015469672196216,0.9599110345662974,False,False,0.03916800022125244,,f06,BLOCK_M128_BLOCK_N32_BLOCK_K64_GROUP_M8_num_warps4_num_stages2,5.167967806570232,5.012224197387695,1.0310727539409965,1.0059603290970538,False,False,0.01235199999064207,1,decode_bs256,BLOCK_M64_BLOCK_N64_BLOCK_K32_GROUP_M8_num_warps4_num_stages2
11.7811199426651,23.49875259399414,0.5013508651380986,0.9599110345662974,False,False,0.03916800022125244,,f06,BLOCK_M128_BLOCK_N32_BLOCK_K64_GROUP_M8_num_warps4_num_stages2,4.179103861562908,5.012224197387695,0.8337823084093088,1.0059603290970538,False,False,0.01235199999064207,1,decode_bs256,BLOCK_M64_BLOCK_N64_BLOCK_K32_GROUP_M8_num_warps8_num_stages3
27.560192704200745,23.49875259399414,1.1728364130802686,0.9599110345662974,False,False,0.03916800022125244,,f06,BLOCK_M128_BLOCK_N32_BLOCK_K64_GROUP_M8_num_warps4_num_stages2,5.693344126455486,5.012224197387695,1.1358917522928804,1.0059603290970538,False,False,0.01235199999064207,1,decode_bs256,BLOCK_M128_BLOCK_N32_BLOCK_K64_GROUP_M8_num_warps8_num_stages3
9.90387213230133,23.49875259399414,0.421463739093648,0.9599110345662974,False,False,0.03916800022125244,,f06,BLOCK_M128_BLOCK_N32_BLOCK_K64_GROUP_M8_num_warps4_num_stages2,4.030943880788982,5.012224197387695,0.8042225810429342,1.0059603290970538,False,False,0.01235199999064207,1,decode_bs256,BLOCK_M64_BLOCK_N128_BLOCK_K64_GROUP_M8_num_warps16_num_stages2
16.504320740699768,23.49875259399414,0.7023488023325108,0.9599110345662974,False,False,0.03916800022125244,,f06,BLOCK_M128_BLOCK_N32_BLOCK_K64_GROUP_M8_num_warps4_num_stages2,4.384607802145183,5.012224197387695,0.8747828567665393,1.0059603290970538,False,False,0.01235199999064207,1,decode_bs256,BLOCK_M64_BLOCK_N32_BLOCK_K64_GROUP_M8_num_warps2_num_stages2
10.443008065223694,8.97920036315918,1.163022055735651,0.9599110345662974,False,False,0.03916800022125244,,f06,BLOCK_M32_BLOCK_N32_BLOCK_K64_GROUP_M8_num_warps4_num_stages3,2.8956799609586596,3.294528007507324,0.878936210091461,1.0059603290970538,False,False,0.01235199999064207,0,decode_bs256,BLOCK_M32_BLOCK_N32_BLOCK_K128_GROUP_M8_num_warps2_num_stages2
17.651968598365784,8.97920036315918,1.9658731161396243,0.9599110345662974,False,False,0.03916800022125244,,f06,BLOCK_M32_BLOCK_N32_BLOCK_K64_GROUP_M8_num_warps4_num_stages3,6.7596159083768725,3.294528007507324,2.051770661221749,1.0059603290970538,False,False,0.01235199999064207,1,decode_bs256,BLOCK_M128_BLOCK_N64_BLOCK_K32_GROUP_M8_num_warps2_num_stages2
18.857216477394104,8.97920036315918,2.100099754401684,0.9599110345662974,False,False,0.03916800022125244,,f06,BLOCK_M32_BLOCK_N32_BLOCK_K64_GROUP_M8_num_warps4_num_stages3,5.087135802023113,3.294528007507324,1.5441167264114701,1.0059603290970538,False,False,0.01235199999064207,1,decode_bs256,BLOCK_M16_BLOCK_N64_BLOCK_K32_GROUP_M8_num_warps4_num_stages2
12.224256157875061,8.97920036315918,1.3613969689361252,0.9599110345662974,False,False,0.03916800022125244,,f06,BLOCK_M32_BLOCK_N32_BLOCK_K64_GROUP_M8_num_warps4_num_stages3,5.09484816621989,3.294528007507324,1.546457688206059,1.0059603290970538,False,False,0.01235199999064207,1,decode_bs256,BLOCK_M32_BLOCK_N64_BLOCK_K32_GROUP_M8_num_warps2_num_stages2
34.171393036842346,8.97920036315918,3.805616497549646,0.9599110345662974,False,False,0.03916800022125244,,f06,BLOCK_M32_BLOCK_N32_BLOCK_K64_GROUP_M8_num_warps4_num_stages3,4.9741120440885425,3.294528007507324,1.5098102164419023,1.0059603290970538,False,False,0.01235199999064207,1,decode_bs256,BLOCK_M64_BLOCK_N128_BLOCK_K32_GROUP_M8_num_warps2_num_stages3
11.785728096961975,8.97920036315918,1.3125587602786677,0.9599110345662974,False,False,0.03916800022125244,,f06,BLOCK_M32_BLOCK_N32_BLOCK_K64_GROUP_M8_num_warps4_num_stages3,5.167967806570232,3.294528007507324,1.568651957061483,1.0059603290970538,False,False,0.01235199999064207,1,decode_bs256,BLOCK_M64_BLOCK_N64_BLOCK_K32_GROUP_M8_num_warps4_num_stages2
11.7811199426651,8.97920036315918,1.312045557085677,0.9599110345662974,False,False,0.03916800022125244,,f06,BLOCK_M32_BLOCK_N32_BLOCK_K64_GROUP_M8_num_warps4_num_stages3,4.179103861562908,3.294528007507324,1.2684985078408435,1.0059603290970538,False,False,0.01235199999064207,0,decode_bs256,BLOCK_M64_BLOCK_N64_BLOCK_K32_GROUP_M8_num_warps8_num_stages3
27.560192704200745,8.97920036315918,3.0693370889993323,0.9599110345662974,False,False,0.03916800022125244,,f06,BLOCK_M32_BLOCK_N32_BLOCK_K64_GROUP_M8_num_warps4_num_stages3,5.693344126455486,3.294528007507324,1.7281213313354504,1.0059603290970538,False,False,0.01235199999064207,1,decode_bs256,BLOCK_M128_BLOCK_N32_BLOCK_K64_GROUP_M8_num_warps8_num_stages3
9.90387213230133,8.97920036315918,1.1029793001318906,0.9599110345662974,False,False,0.03916800022125244,,f06,BLOCK_M32_BLOCK_N32_BLOCK_K64_GROUP_M8_num_warps4_num_stages3,4.030943880788982,3.294528007507324,1.2235269730910068,1.0059603290970538,False,False,0.01235199999064207,0,decode_bs256,BLOCK_M64_BLOCK_N128_BLOCK_K64_GROUP_M8_num_warps16_num_stages2
16.504320740699768,8.97920036315918,1.8380613053714063,0.9599110345662974,False,False,0.03916800022125244,,f06,BLOCK_M32_BLOCK_N32_BLOCK_K64_GROUP_M8_num_warps4_num_stages3,4.384607802145183,3.294528007507324,1.330875862082176,1.0059603290970538,False,False,0.01235199999064207,1,decode_bs256,BLOCK_M64_BLOCK_N32_BLOCK_K64_GROUP_M8_num_warps2_num_stages2
10.443008065223694,13.312255859375,0.7844656965385268,0.9599110345662974,False,False,0.03916800022125244,,f06,BLOCK_M32_BLOCK_N64_BLOCK_K64_GROUP_M8_num_warps2_num_stages2,2.8956799609586596,3.098655939102173,0.9344954773512787,1.0059603290970538,False,False,0.01235199999064207,0,decode_bs256,BLOCK_M32_BLOCK_N32_BLOCK_K128_GROUP_M8_num_warps2_num_stages2
17.651968598365784,13.312255859375,1.3259937898455123,0.9599110345662974,False,False,0.03916800022125244,,f06,BLOCK_M32_BLOCK_N64_BLOCK_K64_GROUP_M8_num_warps2_num_stages2,6.7596159083768725,3.098655939102173,2.1814670751524137,1.0059603290970538,False,False,0.01235199999064207,1,decode_bs256,BLOCK_M128_BLOCK_N64_BLOCK_K32_GROUP_M8_num_warps2_num_stages2
18.857216477394104,13.312255859375,1.4165305021623462,0.9599110345662974,False,False,0.03916800022125244,,f06,BLOCK_M32_BLOCK_N64_BLOCK_K64_GROUP_M8_num_warps2_num_stages2,5.087135802023113,3.098655939102173,1.6417233477999809,1.0059603290970538,False,False,0.01235199999064207,1,decode_bs256,BLOCK_M16_BLOCK_N64_BLOCK_K32_GROUP_M8_num_warps4_num_stages2
12.224256157875061,13.312255859375,0.9182708240441662,0.9599110345662974,False,False,0.03916800022125244,,f06,BLOCK_M32_BLOCK_N64_BLOCK_K64_GROUP_M8_num_warps2_num_stages2,5.09484816621989,3.098655939102173,1.6442122863424806,1.0059603290970538,False,False,0.01235199999064207,1,decode_bs256,BLOCK_M32_BLOCK_N64_BLOCK_K32_GROUP_M8_num_warps2_num_stages2
34.171393036842346,13.312255859375,2.5669122797679362,0.9599110345662974,False,False,0.03916800022125244,,f06,BLOCK_M32_BLOCK_N64_BLOCK_K64_GROUP_M8_num_warps2_num_stages2,4.9741120440885425,3.098655939102173,1.605248256613407,1.0059603290970538,False,False,0.01235199999064207,1,decode_bs256,BLOCK_M64_BLOCK_N128_BLOCK_K32_GROUP_M8_num_warps2_num_stages3
11.785728096961975,13.312255859375,0.8853291449218965,0.9599110345662974,False,False,0.03916800022125244,,f06,BLOCK_M32_BLOCK_N64_BLOCK_K64_GROUP_M8_num_warps2_num_stages2,5.167967806570232,3.098655939102173,1.6678094980973062,1.0059603290970538,False,False,0.01235199999064207,1,decode_bs256,BLOCK_M64_BLOCK_N64_BLOCK_K32_GROUP_M8_num_warps4_num_stages2
11.7811199426651,13.312255859375,0.8849829861381747,0.9599110345662974,False,False,0.03916800022125244,,f06,BLOCK_M32_BLOCK_N64_BLOCK_K64_GROUP_M8_num_warps2_num_stages2,4.179103861562908,3.098655939102173,1.3486827655908749,1.0059603290970538,False,False,0.01235199999064207,0,decode_bs256,BLOCK_M64_BLOCK_N64_BLOCK_K32_GROUP_M8_num_warps8_num_stages3
27.560192704200745,13.312255859375,2.0702871846315816,0.9599110345662974,False,False,0.03916800022125244,,f06,BLOCK_M32_BLOCK_N64_BLOCK_K64_GROUP_M8_num_warps2_num_stages2,5.693344126455486,3.098655939102173,1.8373592416669264,1.0059603290970538,False,False,0.01235199999064207,1,decode_bs256,BLOCK_M128_BLOCK_N32_BLOCK_K64_GROUP_M8_num_warps8_num_stages3
9.90387213230133,13.312255859375,0.7439664799806747,0.9599110345662974,False,False,0.03916800022125244,,f06,BLOCK_M32_BLOCK_N64_BLOCK_K64_GROUP_M8_num_warps2_num_stages2,4.030943880788982,3.098655939102173,1.300868492665545,1.0059603290970538,False,False,0.01235199999064207,0,decode_bs256,BLOCK_M64_BLOCK_N128_BLOCK_K64_GROUP_M8_num_warps16_num_stages2
16.504320740699768,13.312255859375,1.239783919047559,0.9599110345662974,False,False,0.03916800022125244,,f06,BLOCK_M32_BLOCK_N64_BLOCK_K64_GROUP_M8_num_warps2_num_stages2,4.384607802145183,3.098655939102173,1.4150031137098789,1.0059603290970538,False,False,0.01235199999064207,1,decode_bs256,BLOCK_M64_BLOCK_N32_BLOCK_K64_GROUP_M8_num_warps2_num_stages2
10.443008065223694,13.982975959777832,0.7468373038230995,0.9599110345662974,False,False,0.03916800022125244,,f06,BLOCK_M64_BLOCK_N32_BLOCK_K64_GROUP_M8_num_warps8_num_stages2,2.8956799609586596,3.609312057495117,0.8022803001878086,1.0059603290970538,False,False,0.01235199999064207,1,decode_bs256,BLOCK_M32_BLOCK_N32_BLOCK_K128_GROUP_M8_num_warps2_num_stages2
17.651968598365784,13.982975959777832,1.2623899697133032,0.9599110345662974,False,False,0.03916800022125244,,f06,BLOCK_M64_BLOCK_N32_BLOCK_K64_GROUP_M8_num_warps8_num_stages2,6.7596159083768725,3.609312057495117,1.8728266774106763,1.0059603290970538,False,False,0.01235199999064207,1,decode_bs256,BLOCK_M128_BLOCK_N64_BLOCK_K32_GROUP_M8_num_warps2_num_stages2
18.857216477394104,13.982975959777832,1.348583916015952,0.9599110345662974,False,False,0.03916800022125244,,f06,BLOCK_M64_BLOCK_N32_BLOCK_K64_GROUP_M8_num_warps8_num_stages2,5.087135802023113,3.609312057495117,1.4094474850017855,1.0059603290970538,False,False,0.01235199999064207,1,decode_bs256,BLOCK_M16_BLOCK_N64_BLOCK_K32_GROUP_M8_num_warps4_num_stages2
12.224256157875061,13.982975959777832,0.874224213288949,0.9599110345662974,False,False,0.03916800022125244,,f06,BLOCK_M64_BLOCK_N32_BLOCK_K64_GROUP_M8_num_warps8_num_stages2,5.09484816621989,3.609312057495117,1.411584281176215,1.0059603290970538,False,False,0.01235199999064207,1,decode_bs256,BLOCK_M32_BLOCK_N64_BLOCK_K32_GROUP_M8_num_warps2_num_stages2
34.171393036842346,13.982975959777832,2.443785438460074,0.9599110345662974,False,False,0.03916800022125244,,f06,BLOCK_M64_BLOCK_N32_BLOCK_K64_GROUP_M8_num_warps8_num_stages2,4.9741120440885425,3.609312057495117,1.3781329973281955,1.0059603290970538,False,False,0.01235199999064207,1,decode_bs256,BLOCK_M64_BLOCK_N128_BLOCK_K32_GROUP_M8_num_warps2_num_stages3
11.785728096961975,13.982975959777832,0.8428626446089686,0.9599110345662974,False,False,0.03916800022125244,,f06,BLOCK_M64_BLOCK_N32_BLOCK_K64_GROUP_M8_num_warps8_num_stages2,5.167967806570232,3.609312057495117,1.4318428897934723,1.0059603290970538,False,False,0.01235199999064207,1,decode_bs256,BLOCK_M64_BLOCK_N64_BLOCK_K32_GROUP_M8_num_warps4_num_stages2
11.7811199426651,13.982975959777832,0.8425330899912585,0.9599110345662974,False,False,0.03916800022125244,,f06,BLOCK_M64_BLOCK_N32_BLOCK_K64_GROUP_M8_num_warps8_num_stages2,4.179103861562908,3.609312057495117,1.157867148916802,1.0059603290970538,False,False,0.01235199999064207,1,decode_bs256,BLOCK_M64_BLOCK_N64_BLOCK_K32_GROUP_M8_num_warps8_num_stages3
27.560192704200745,13.982975959777832,1.970981912825847,0.9599110345662974,False,False,0.03916800022125244,,f06,BLOCK_M64_BLOCK_N32_BLOCK_K64_GROUP_M8_num_warps8_num_stages2,5.693344126455486,3.609312057495117,1.5774042354228297,1.0059603290970538,False,False,0.01235199999064207,1,decode_bs256,BLOCK_M128_BLOCK_N32_BLOCK_K64_GROUP_M8_num_warps8_num_stages3
9.90387213230133,13.982975959777832,0.7082807093990519,0.9599110345662974,False,False,0.03916800022125244,,f06,BLOCK_M64_BLOCK_N32_BLOCK_K64_GROUP_M8_num_warps8_num_stages2,4.030943880788982,3.609312057495117,1.1168177803906707,1.0059603290970538,False,False,0.01235199999064207,1,decode_bs256,BLOCK_M64_BLOCK_N128_BLOCK_K64_GROUP_M8_num_warps16_num_stages2
16.504320740699768,13.982975959777832,1.1803153197269745,0.9599110345662974,False,False,0.03916800022125244,,f06,BLOCK_M64_BLOCK_N32_BLOCK_K64_GROUP_M8_num_warps8_num_stages2,4.384607802145183,3.609312057495117,1.2148042985200136,1.0059603290970538,False,False,0.01235199999064207,1,decode_bs256,BLOCK_M64_BLOCK_N32_BLOCK_K64_GROUP_M8_num_warps2_num_stages2
10.443008065223694,13.573375701904297,0.7693744205252181,0.9599110345662974,False,False,0.03916800022125244,,f06,BLOCK_M64_BLOCK_N32_BLOCK_K64_GROUP_M8_num_warps8_num_stages3,2.8956799609586596,3.3251841068267822,0.8708329728310901,1.0059603290970538,False,False,0.01235199999064207,1,decode_bs256,BLOCK_M32_BLOCK_N32_BLOCK_K128_GROUP_M8_num_warps2_num_stages2
17.651968598365784,13.573375701904297,1.3004847862488087,0.9599110345662974,False,False,0.03916800022125244,,f06,BLOCK_M64_BLOCK_N32_BLOCK_K64_GROUP_M8_num_warps8_num_stages3,6.7596159083768725,3.3251841068267822,2.032854630364381,1.0059603290970538,False,False,0.01235199999064207,1,decode_bs256,BLOCK_M128_BLOCK_N64_BLOCK_K32_GROUP_M8_num_warps2_num_stages2
18.857216477394104,13.573375701904297,1.3892797850389202,0.9599110345662974,False,False,0.03916800022125244,,f06,BLOCK_M64_BLOCK_N32_BLOCK_K64_GROUP_M8_num_warps8_num_stages3,5.087135802023113,3.3251841068267822,1.5298809445103954,1.0059603290970538,False,False,0.01235199999064207,1,decode_bs256,BLOCK_M16_BLOCK_N64_BLOCK_K32_GROUP_M8_num_warps4_num_stages2
12.224256157875061,13.573375701904297,0.9006054519039093,0.9599110345662974,False,False,0.03916800022125244,,f06,BLOCK_M64_BLOCK_N32_BLOCK_K64_GROUP_M8_num_warps8_num_stages3,5.09484816621989,3.3251841068267822,1.5322003241143527,1.0059603290970538,False,False,0.01235199999064207,1,decode_bs256,BLOCK_M32_BLOCK_N64_BLOCK_K32_GROUP_M8_num_warps2_num_stages2
34.171393036842346,13.573375701904297,2.517530921364552,0.9599110345662974,False,False,0.03916800022125244,,f06,BLOCK_M64_BLOCK_N32_BLOCK_K64_GROUP_M8_num_warps8_num_stages3,4.9741120440885425,3.3251841068267822,1.4958907189158106,1.0059603290970538,False,False,0.01235199999064207,1,decode_bs256,BLOCK_M64_BLOCK_N128_BLOCK_K32_GROUP_M8_num_warps2_num_stages3
11.785728096961975,13.573375701904297,0.8682974932542742,0.9599110345662974,False,False,0.03916800022125244,,f06,BLOCK_M64_BLOCK_N32_BLOCK_K64_GROUP_M8_num_warps8_num_stages3,5.167967806570232,3.3251841068267822,1.5541899758152085,1.0059603290970538,False,False,0.01235199999064207,1,decode_bs256,BLOCK_M64_BLOCK_N64_BLOCK_K32_GROUP_M8_num_warps4_num_stages2
11.7811199426651,13.573375701904297,0.8679579937518601,0.9599110345662974,False,False,0.03916800022125244,,f06,BLOCK_M64_BLOCK_N32_BLOCK_K64_GROUP_M8_num_warps8_num_stages3,4.179103861562908,3.3251841068267822,1.2568037520036808,1.0059603290970538,False,False,0.01235199999064207,1,decode_bs256,BLOCK_M64_BLOCK_N64_BLOCK_K32_GROUP_M8_num_warps8_num_stages3
27.560192704200745,13.573375701904297,2.030459725677095,0.9599110345662974,False,False,0.03916800022125244,,f06,BLOCK_M64_BLOCK_N32_BLOCK_K64_GROUP_M8_num_warps8_num_stages3,5.693344126455486,3.3251841068267822,1.712189143081354,1.0059603290970538,False,False,0.01235199999064207,1,decode_bs256,BLOCK_M128_BLOCK_N32_BLOCK_K64_GROUP_M8_num_warps8_num_stages3
9.90387213230133,13.573375701904297,0.7296543136952919,0.9599110345662974,False,False,0.03916800022125244,,f06,BLOCK_M64_BLOCK_N32_BLOCK_K64_GROUP_M8_num_warps8_num_stages3,4.030943880788982,3.3251841068267822,1.212246826427817,1.0059603290970538,False,False,0.01235199999064207,1,decode_bs256,BLOCK_M64_BLOCK_N128_BLOCK_K64_GROUP_M8_num_warps16_num_stages2
16.504320740699768,13.573375701904297,1.2159333907175554,0.9599110345662974,False,False,0.03916800022125244,,f06,BLOCK_M64_BLOCK_N32_BLOCK_K64_GROUP_M8_num_warps8_num_stages3,4.384607802145183,3.3251841068267822,1.3186060263981616,1.0059603290970538,False,False,0.01235199999064207,1,decode_bs256,BLOCK_M64_BLOCK_N32_BLOCK_K64_GROUP_M8_num_warps2_num_stages2
6.357503980398178,7.54585599899292,0.8425159426904859,0.974553156580497,False,False,0.01945599913597107,,f06,BLOCK_M16_BLOCK_N32_BLOCK_K128_GROUP_M8_num_warps4_num_stages2,1.8787199789658189,1.8355200290679932,1.0235355371849366,0.999439820664357,False,False,0.006719999946653843,0,decode_bs32,BLOCK_M32_BLOCK_N32_BLOCK_K128_GROUP_M8_num_warps2_num_stages2
10.667264074087143,7.54585599899292,1.4136585796907348,0.974553156580497,False,False,0.01945599913597107,,f06,BLOCK_M16_BLOCK_N32_BLOCK_K128_GROUP_M8_num_warps4_num_stages2,4.4219202334061265,1.8355200290679932,2.4090830736679067,0.999439820664357,False,False,0.006719999946653843,1,decode_bs32,BLOCK_M128_BLOCK_N64_BLOCK_K32_GROUP_M8_num_warps2_num_stages2
8.137727826833725,7.54585599899292,1.07843667145514,0.974553156580497,False,False,0.01945599913597107,,f06,BLOCK_M16_BLOCK_N32_BLOCK_K128_GROUP_M8_num_warps4_num_stages2,3.3028799826279283,1.8355200290679932,1.7994246482317082,0.999439820664357,False,False,0.006719999946653843,1,decode_bs32,BLOCK_M16_BLOCK_N64_BLOCK_K32_GROUP_M8_num_warps4_num_stages2
6.746111959218979,7.54585599899292,0.8940154649279451,0.974553156580497,False,False,0.01945599913597107,,f06,BLOCK_M16_BLOCK_N32_BLOCK_K128_GROUP_M8_num_warps4_num_stages2,3.3711039358749986,1.8355200290679932,1.836593380888748,0.999439820664357,False,False,0.006719999946653843,1,decode_bs32,BLOCK_M32_BLOCK_N64_BLOCK_K32_GROUP_M8_num_warps2_num_stages2
20.611840337514877,7.54585599899292,2.731544352326066,0.974553156580497,False,False,0.01945599913597107,,f06,BLOCK_M16_BLOCK_N32_BLOCK_K128_GROUP_M8_num_warps4_num_stages2,3.2330560022965074,1.8355200290679932,1.7613842132456214,0.999439820664357,False,False,0.006719999946653843,1,decode_bs32,BLOCK_M64_BLOCK_N128_BLOCK_K32_GROUP_M8_num_warps2_num_stages3
7.016704171895981,7.54585599899292,0.9298751755708616,0.974553156580497,False,False,0.01945599913597107,,f06,BLOCK_M16_BLOCK_N32_BLOCK_K128_GROUP_M8_num_warps4_num_stages2,3.413023882545531,1.8355200290679932,1.8594315662567484,0.999439820664357,False,False,0.006719999946653843,1,decode_bs32,BLOCK_M64_BLOCK_N64_BLOCK_K32_GROUP_M8_num_warps4_num_stages2
6.663680166006088,7.54585599899292,0.8830913506559669,0.974553156580497,False,False,0.01945599913597107,,f06,BLOCK_M16_BLOCK_N32_BLOCK_K128_GROUP_M8_num_warps4_num_stages2,2.720064097084105,1.8355200290679932,1.481903795114265,0.999439820664357,False,False,0.006719999946653843,0,decode_bs32,BLOCK_M64_BLOCK_N64_BLOCK_K32_GROUP_M8_num_warps8_num_stages3
16.75007924437523,7.54585599899292,2.2197719180714177,0.974553156580497,False,False,0.01945599913597107,,f06,BLOCK_M16_BLOCK_N32_BLOCK_K128_GROUP_M8_num_warps4_num_stages2,3.7776960665360093,1.8355200290679932,2.058106698216842,0.999439820664357,False,False,0.006719999946653843,1,decode_bs32,BLOCK_M128_BLOCK_N32_BLOCK_K64_GROUP_M8_num_warps8_num_stages3
5.997312158346176,7.54585599899292,0.7947822167752188,0.974553156580497,False,False,0.01945599913597107,,f06,BLOCK_M16_BLOCK_N32_BLOCK_K128_GROUP_M8_num_warps4_num_stages2,2.6574079329147935,1.8355200290679932,1.4477684203010976,0.999439820664357,False,False,0.006719999946653843,0,decode_bs32,BLOCK_M64_BLOCK_N128_BLOCK_K64_GROUP_M8_num_warps16_num_stages2
10.045696347951889,7.54585599899292,1.331286516638086,0.974553156580497,False,False,0.01945599913597107,,f06,BLOCK_M16_BLOCK_N32_BLOCK_K128_GROUP_M8_num_warps4_num_stages2,2.893887930549681,1.8355200290679932,1.576603842355829,0.999439820664357,False,False,0.006719999946653843,1,decode_bs32,BLOCK_M64_BLOCK_N32_BLOCK_K64_GROUP_M8_num_warps2_num_stages2
6.357503980398178,17.32659149169922,0.3669217909041092,0.974553156580497,False,False,0.01945599913597107,,f06,BLOCK_M64_BLOCK_N32_BLOCK_K128_GROUP_M8_num_warps16_num_stages2,1.8787199789658189,3.4343039989471436,0.5470453342341793,0.999439820664357,False,False,0.006719999946653843,1,decode_bs32,BLOCK_M32_BLOCK_N32_BLOCK_K128_GROUP_M8_num_warps2_num_stages2
10.667264074087143,17.32659149169922,0.6156585430664531,0.974553156580497,False,False,0.01945599913597107,,f06,BLOCK_M64_BLOCK_N32_BLOCK_K128_GROUP_M8_num_warps16_num_stages2,4.4219202334061265,3.4343039989471436,1.2875739115587197,0.999439820664357,False,False,0.006719999946653843,1,decode_bs32,BLOCK_M128_BLOCK_N64_BLOCK_K32_GROUP_M8_num_warps2_num_stages2
8.137727826833725,17.32659149169922,0.4696669758003083,0.974553156580497,False,False,0.01945599913597107,,f06,BLOCK_M64_BLOCK_N32_BLOCK_K128_GROUP_M8_num_warps16_num_stages2,3.3028799826279283,3.4343039989471436,0.9617319793589891,0.999439820664357,False,False,0.006719999946653843,1,decode_bs32,BLOCK_M16_BLOCK_N64_BLOCK_K32_GROUP_M8_num_warps4_num_stages2
6.746111959218979,17.32659149169922,0.38935020557568345,0.974553156580497,False,False,0.01945599913597107,,f06,BLOCK_M64_BLOCK_N32_BLOCK_K128_GROUP_M8_num_warps16_num_stages2,3.3711039358749986,3.4343039989471436,0.9815974173831087,0.999439820664357,False,False,0.006719999946653843,1,decode_bs32,BLOCK_M32_BLOCK_N64_BLOCK_K32_GROUP_M8_num_warps2_num_stages2
20.611840337514877,17.32659149169922,1.1896073354871641,0.974553156580497,False,False,0.01945599913597107,,f06,BLOCK_M64_BLOCK_N32_BLOCK_K128_GROUP_M8_num_warps16_num_stages2,3.2330560022965074,3.4343039989471436,0.9414006457458824,0.999439820664357,False,False,0.006719999946653843,1,decode_bs32,BLOCK_M64_BLOCK_N128_BLOCK_K32_GROUP_M8_num_warps2_num_stages3
7.016704171895981,17.32659149169922,0.4049673691018529,0.974553156580497,False,False,0.01945599913597107,,f06,BLOCK_M64_BLOCK_N32_BLOCK_K128_GROUP_M8_num_warps16_num_stages2,3.413023882545531,3.4343039989471436,0.9938036596620052,0.999439820664357,False,False,0.006719999946653843,1,decode_bs32,BLOCK_M64_BLOCK_N64_BLOCK_K32_GROUP_M8_num_warps4_num_stages2
6.663680166006088,17.32659149169922,0.38459267474497266,0.974553156580497,False,False,0.01945599913597107,,f06,BLOCK_M64_BLOCK_N32_BLOCK_K128_GROUP_M8_num_warps16_num_stages2,2.720064097084105,3.4343039989471436,0.7920277581477926,0.999439820664357,False,False,0.006719999946653843,1,decode_bs32,BLOCK_M64_BLOCK_N64_BLOCK_K32_GROUP_M8_num_warps8_num_stages3
16.75007924437523,17.32659149169922,0.9667267363231722,0.974553156580497,False,False,0.01945599913597107,,f06,BLOCK_M64_BLOCK_N32_BLOCK_K128_GROUP_M8_num_warps16_num_stages2,3.7776960665360093,3.4343039989471436,1.0999888384063088,0.999439820664357,False,False,0.006719999946653843,1,decode_bs32,BLOCK_M128_BLOCK_N32_BLOCK_K64_GROUP_M8_num_warps8_num_stages3
5.997312158346176,17.32659149169922,0.34613340778648555,0.974553156580497,False,False,0.01945599913597107,,f06,BLOCK_M64_BLOCK_N32_BLOCK_K128_GROUP_M8_num_warps16_num_stages2,2.6574079329147935,3.4343039989471436,0.7737835479123213,0.999439820664357,False,False,0.006719999946653843,1,decode_bs32,BLOCK_M64_BLOCK_N128_BLOCK_K64_GROUP_M8_num_warps16_num_stages2
10.045696347951889,17.32659149169922,0.5797849134242333,0.974553156580497,False,False,0.01945599913597107,,f06,BLOCK_M64_BLOCK_N32_BLOCK_K128_GROUP_M8_num_warps16_num_stages2,2.893887930549681,3.4343039989471436,0.8426417496636471,0.999439820664357,False,False,0.006719999946653843,1,decode_bs32,BLOCK_M64_BLOCK_N32_BLOCK_K64_GROUP_M8_num_warps2_num_stages2
6.357503980398178,9.82579231262207,0.6470220190010958,0.974553156580497,False,False,0.01945599913597107,,f06,BLOCK_M64_BLOCK_N32_BLOCK_K128_GROUP_M8_num_warps4_num_stages2,1.8787199789658189,2.1297919750213623,0.8821143102236428,0.999439820664357,False,False,0.006719999946653843,1,decode_bs32,BLOCK_M32_BLOCK_N32_BLOCK_K128_GROUP_M8_num_warps2_num_stages2
10.667264074087143,9.82579231262207,1.0856390746610969,0.974553156580497,False,False,0.01945599913597107,,f06,BLOCK_M64_BLOCK_N32_BLOCK_K128_GROUP_M8_num_warps4_num_stages2,4.4219202334061265,2.1297919750213623,2.0762216616774385,0.999439820664357,False,False,0.006719999946653843,1,decode_bs32,BLOCK_M128_BLOCK_N64_BLOCK_K32_GROUP_M8_num_warps2_num_stages2
8.137727826833725,9.82579231262207,0.8282006751130001,0.974553156580497,False,False,0.01945599913597107,,f06,BLOCK_M64_BLOCK_N32_BLOCK_K128_GROUP_M8_num_warps4_num_stages2,3.3028799826279283,2.1297919750213623,1.5507993369140194,0.999439820664357,False,False,0.006719999946653843,1,decode_bs32,BLOCK_M16_BLOCK_N64_BLOCK_K32_GROUP_M8_num_warps4_num_stages2
6.746111959218979,9.82579231262207,0.6865718045508677,0.974553156580497,False,False,0.01945599913597107,,f06,BLOCK_M64_BLOCK_N32_BLOCK_K128_GROUP_M8_num_warps4_num_stages2,3.3711039358749986,2.1297919750213623,1.582832490408452,0.999439820664357,False,False,0.006719999946653843,1,decode_bs32,BLOCK_M32_BLOCK_N64_BLOCK_K32_GROUP_M8_num_warps2_num_stages2
20.611840337514877,9.82579231262207,2.097728069321922,0.974553156580497,False,False,0.01945599913597107,,f06,BLOCK_M64_BLOCK_N32_BLOCK_K128_GROUP_M8_num_warps4_num_stages2,3.2330560022965074,2.1297919750213623,1.51801492362374,0.999439820664357,False,False,0.006719999946653843,1,decode_bs32,BLOCK_M64_BLOCK_N128_BLOCK_K32_GROUP_M8_num_warps2_num_stages3
7.016704171895981,9.82579231262207,0.714110775869181,0.974553156580497,False,False,0.01945599913597107,,f06,BLOCK_M64_BLOCK_N32_BLOCK_K128_GROUP_M8_num_warps4_num_stages2,3.413023882545531,2.1297919750213623,1.6025151388371146,0.999439820664357,False,False,0.006719999946653843,1,decode_bs32,BLOCK_M64_BLOCK_N64_BLOCK_K32_GROUP_M8_num_warps4_num_stages2
6.663680166006088,9.82579231262207,0.6781824766890321,0.974553156580497,False,False,0.01945599913597107,,f06,BLOCK_M64_BLOCK_N32_BLOCK_K128_GROUP_M8_num_warps4_num_stages2,2.720064097084105,2.1297919750213623,1.2771501296772527,0.999439820664357,False,False,0.006719999946653843,1,decode_bs32,BLOCK_M64_BLOCK_N64_BLOCK_K32_GROUP_M8_num_warps8_num_stages3
16.75007924437523,9.82579231262207,1.7047051994838442,0.974553156580497,False,False,0.01945599913597107,,f06,BLOCK_M64_BLOCK_N32_BLOCK_K128_GROUP_M8_num_warps4_num_stages2,3.7776960665360093,2.1297919750213623,1.7737394594597053,0.999439820664357,False,False,0.006719999946653843,1,decode_bs32,BLOCK_M128_BLOCK_N32_BLOCK_K64_GROUP_M8_num_warps8_num_stages3
5.997312158346176,9.82579231262207,0.6103642299300501,0.974553156580497,False,False,0.01945599913597107,,f06,BLOCK_M64_BLOCK_N32_BLOCK_K128_GROUP_M8_num_warps4_num_stages2,2.6574079329147935,2.1297919750213623,1.2477312169833579,0.999439820664357,False,False,0.006719999946653843,1,decode_bs32,BLOCK_M64_BLOCK_N128_BLOCK_K64_GROUP_M8_num_warps16_num_stages2
10.045696347951889,9.82579231262207,1.0223802853076116,0.974553156580497,False,False,0.01945599913597107,,f06,BLOCK_M64_BLOCK_N32_BLOCK_K128_GROUP_M8_num_warps4_num_stages2,2.893887930549681,2.1297919750213623,1.358765534141265,0.999439820664357,False,False,0.006719999946653843,1,decode_bs32,BLOCK_M64_BLOCK_N32_BLOCK_K64_GROUP_M8_num_warps2_num_stages2
6.357503980398178,7.279615879058838,0.8733295940362341,0.974553156580497,False,False,0.01945599913597107,,f06,BLOCK_M32_BLOCK_N64_BLOCK_K32_GROUP_M8_num_warps2_num_stages3,1.8787199789658189,3.2568960189819336,0.5768437088615079,0.999439820664357,False,False,0.006719999946653843,1,decode_bs32,BLOCK_M32_BLOCK_N32_BLOCK_K128_GROUP_M8_num_warps2_num_stages2
10.667264074087143,7.279615879058838,1.4653608447629087,0.974553156580497,False,False,0.01945599913597107,,f06,BLOCK_M32_BLOCK_N64_BLOCK_K32_GROUP_M8_num_warps2_num_stages3,4.4219202334061265,3.2568960189819336,1.3577099814160987,0.999439820664357,False,False,0.006719999946653843,1,decode_bs32,BLOCK_M128_BLOCK_N64_BLOCK_K32_GROUP_M8_num_warps2_num_stages2
8.137727826833725,7.279615879058838,1.117878740036738,0.974553156580497,False,False,0.01945599913597107,,f06,BLOCK_M32_BLOCK_N64_BLOCK_K32_GROUP_M8_num_warps2_num_stages3,3.3028799826279283,3.2568960189819336,1.0141189535613018,0.999439820664357,False,False,0.006719999946653843,1,decode_bs32,BLOCK_M16_BLOCK_N64_BLOCK_K32_GROUP_M8_num_warps4_num_stages2
6.746111959218979,7.279615879058838,0.9267126276024286,0.974553156580497,False,False,0.01945599913597107,,f06,BLOCK_M32_BLOCK_N64_BLOCK_K32_GROUP_M8_num_warps2_num_stages3,3.3711039358749986,3.2568960189819336,1.035066491600418,0.999439820664357,False,False,0.006719999946653843,1,decode_bs32,BLOCK_M32_BLOCK_N64_BLOCK_K32_GROUP_M8_num_warps2_num_stages2
20.611840337514877,7.279615879058838,2.83144614770247,0.974553156580497,False,False,0.01945599913597107,,f06,BLOCK_M32_BLOCK_N64_BLOCK_K32_GROUP_M8_num_warps2_num_stages3,3.2330560022965074,3.2568960189819336,0.9926801419061336,0.999439820664357,False,False,0.006719999946653843,1,decode_bs32,BLOCK_M64_BLOCK_N128_BLOCK_K32_GROUP_M8_num_warps2_num_stages3
7.016704171895981,7.279615879058838,0.963883848882855,0.974553156580497,False,False,0.01945599913597107,,f06,BLOCK_M32_BLOCK_N64_BLOCK_K32_GROUP_M8_num_warps2_num_stages3,3.413023882545531,3.2568960189819336,1.0479376260874307,0.999439820664357,False,False,0.006719999946653843,1,decode_bs32,BLOCK_M64_BLOCK_N64_BLOCK_K32_GROUP_M8_num_warps4_num_stages2
6.663680166006088,7.279615879058838,0.9153889816048395,0.974553156580497,False,False,0.01945599913597107,,f06,BLOCK_M32_BLOCK_N64_BLOCK_K32_GROUP_M8_num_warps2_num_stages3,2.720064097084105,3.2568960189819336,0.8351706905074495,0.999439820664357,False,False,0.006719999946653843,1,decode_bs32,BLOCK_M64_BLOCK_N64_BLOCK_K32_GROUP_M8_num_warps8_num_stages3
16.75007924437523,7.279615879058838,2.300956468398275,0.974553156580497,False,False,0.01945599913597107,,f06,BLOCK_M32_BLOCK_N64_BLOCK_K32_GROUP_M8_num_warps2_num_stages3,3.7776960665360093,3.2568960189819336,1.1599068697676358,0.999439820664357,False,False,0.006719999946653843,1,decode_bs32,BLOCK_M128_BLOCK_N32_BLOCK_K64_GROUP_M8_num_warps8_num_stages3
5.997312158346176,7.279615879058838,0.8238500846725381,0.974553156580497,False,False,0.01945599913597107,,f06,BLOCK_M32_BLOCK_N64_BLOCK_K32_GROUP_M8_num_warps2_num_stages3,2.6574079329147935,3.2568960189819336,0.8159326909507744,0.999439820664357,False,False,0.006719999946653843,1,decode_bs32,BLOCK_M64_BLOCK_N128_BLOCK_K64_GROUP_M8_num_warps16_num_stages2
10.045696347951889,7.279615879058838,1.3799761573753078,0.974553156580497,False,False,0.01945599913597107,,f06,BLOCK_M32_BLOCK_N64_BLOCK_K32_GROUP_M8_num_warps2_num_stages3,2.893887930549681,3.2568960189819336,0.8885417015721232,0.999439820664357,False,False,0.006719999946653843,1,decode_bs32,BLOCK_M64_BLOCK_N32_BLOCK_K64_GROUP_M8_num_warps2_num_stages2
6.357503980398178,14.295552253723145,0.44471901942385084,0.974553156580497,False,False,0.01945599913597107,,f06,BLOCK_M128_BLOCK_N32_BLOCK_K64_GROUP_M8_num_warps4_num_stages2,1.8787199789658189,3.353663921356201,0.5601992397038031,0.999439820664357,False,False,0.006719999946653843,1,decode_bs32,BLOCK_M32_BLOCK_N32_BLOCK_K128_GROUP_M8_num_warps2_num_stages2
10.667264074087143,14.295552253723145,0.746194612475286,0.974553156580497,False,False,0.01945599913597107,,f06,BLOCK_M128_BLOCK_N32_BLOCK_K64_GROUP_M8_num_warps4_num_stages2,4.4219202334061265,3.353663921356201,1.3185340979599198,0.999439820664357,False,False,0.006719999946653843,1,decode_bs32,BLOCK_M128_BLOCK_N64_BLOCK_K32_GROUP_M8_num_warps2_num_stages2
8.137727826833725,14.295552253723145,0.5692489301848642,0.974553156580497,False,False,0.01945599913597107,,f06,BLOCK_M128_BLOCK_N32_BLOCK_K64_GROUP_M8_num_warps4_num_stages2,3.3028799826279283,3.353663921356201,0.9848571771295032,0.999439820664357,False,False,0.006719999946653843,1,decode_bs32,BLOCK_M16_BLOCK_N64_BLOCK_K32_GROUP_M8_num_warps4_num_stages2
6.746111959218979,14.295552253723145,0.4719028575801971,0.974553156580497,False,False,0.01945599913597107,,f06,BLOCK_M128_BLOCK_N32_BLOCK_K64_GROUP_M8_num_warps4_num_stages2,3.3711039358749986,3.353663921356201,1.0052002868885397,0.999439820664357,False,False,0.006719999946653843,1,decode_bs32,BLOCK_M32_BLOCK_N64_BLOCK_K32_GROUP_M8_num_warps2_num_stages2
20.611840337514877,14.295552253723145,1.4418358921493721,0.974553156580497,False,False,0.01945599913597107,,f06,BLOCK_M128_BLOCK_N32_BLOCK_K64_GROUP_M8_num_warps4_num_stages2,3.2330560022965074,3.353663921356201,0.964036969151363,0.999439820664357,False,False,0.006719999946653843,1,decode_bs32,BLOCK_M64_BLOCK_N128_BLOCK_K32_GROUP_M8_num_warps2_num_stages3
7.016704171895981,14.295552253723145,0.4908312772644754,0.974553156580497,False,False,0.01945599913597107,,f06,BLOCK_M128_BLOCK_N32_BLOCK_K64_GROUP_M8_num_warps4_num_stages2,3.413023882545531,3.353663921356201,1.0177000327347425,0.999439820664357,False,False,0.006719999946653843,1,decode_bs32,BLOCK_M64_BLOCK_N64_BLOCK_K32_GROUP_M8_num_warps4_num_stages2
6.663680166006088,14.295552253723145,0.4661366030312396,0.974553156580497,False,False,0.01945599913597107,,f06,BLOCK_M128_BLOCK_N32_BLOCK_K64_GROUP_M8_num_warps4_num_stages2,2.720064097084105,3.353663921356201,0.8110723557487918,0.999439820664357,False,False,0.006719999946653843,1,decode_bs32,BLOCK_M64_BLOCK_N64_BLOCK_K32_GROUP_M8_num_warps8_num_stages3
16.75007924437523,14.295552253723145,1.1716986477393923,0.974553156580497,False,False,0.01945599913597107,,f06,BLOCK_M128_BLOCK_N32_BLOCK_K64_GROUP_M8_num_warps4_num_stages2,3.7776960665360093,3.353663921356201,1.1264384730024861,0.999439820664357,False,False,0.006719999946653843,1,decode_bs32,BLOCK_M128_BLOCK_N32_BLOCK_K64_GROUP_M8_num_warps8_num_stages3
5.997312158346176,14.295552253723145,0.41952294335353374,0.974553156580497,False,False,0.01945599913597107,,f06,BLOCK_M128_BLOCK_N32_BLOCK_K64_GROUP_M8_num_warps4_num_stages2,2.6574079329147935,3.353663921356201,0.7923894567945121,0.999439820664357,False,False,0.006719999946653843,1,decode_bs32,BLOCK_M64_BLOCK_N128_BLOCK_K64_GROUP_M8_num_warps16_num_stages2
10.045696347951889,14.295552253723145,0.70271481434623,0.974553156580497,False,False,0.01945599913597107,,f06,BLOCK_M128_BLOCK_N32_BLOCK_K64_GROUP_M8_num_warps4_num_stages2,2.893887930549681,3.353663921356201,0.8629033792328871,0.999439820664357,False,False,0.006719999946653843,1,decode_bs32,BLOCK_M64_BLOCK_N32_BLOCK_K64_GROUP_M8_num_warps2_num_stages2
6.357503980398178,5.228032112121582,1.2160414940179558,0.974553156580497,False,False,0.01945599913597107,,f06,BLOCK_M32_BLOCK_N32_BLOCK_K64_GROUP_M8_num_warps4_num_stages3,1.8787199789658189,2.0792319774627686,0.9035643926842502,0.999439820664357,False,False,0.006719999946653843,0,decode_bs32,BLOCK_M32_BLOCK_N32_BLOCK_K128_GROUP_M8_num_warps2_num_stages2
10.667264074087143,5.228032112121582,2.0403975808324315,0.974553156580497,False,False,0.01945599913597107,,f06,BLOCK_M32_BLOCK_N32_BLOCK_K64_GROUP_M8_num_warps4_num_stages3,4.4219202334061265,2.0792319774627686,2.1267084583809055,0.999439820664357,False,False,0.006719999946653843,1,decode_bs32,BLOCK_M128_BLOCK_N64_BLOCK_K32_GROUP_M8_num_warps2_num_stages2
8.137727826833725,5.228032112121582,1.5565565880832668,0.974553156580497,False,False,0.01945599913597107,,f06,BLOCK_M32_BLOCK_N32_BLOCK_K64_GROUP_M8_num_warps4_num_stages3,3.3028799826279283,2.0792319774627686,1.5885096124090707,0.999439820664357,False,False,0.006719999946653843,1,decode_bs32,BLOCK_M16_BLOCK_N64_BLOCK_K32_GROUP_M8_num_warps4_num_stages2
6.746111959218979,5.228032112121582,1.2903730915457874,0.974553156580497,False,False,0.01945599913597107,,f06,BLOCK_M32_BLOCK_N32_BLOCK_K64_GROUP_M8_num_warps4_num_stages3,3.3711039358749986,2.0792319774627686,1.6213217055216065,0.999439820664357,False,False,0.006719999946653843,1,decode_bs32,BLOCK_M32_BLOCK_N64_BLOCK_K32_GROUP_M8_num_warps2_num_stages2
20.611840337514877,5.228032112121582,3.9425619230082365,0.974553156580497,False,False,0.01945599913597107,,f06,BLOCK_M32_BLOCK_N32_BLOCK_K64_GROUP_M8_num_warps4_num_stages3,3.2330560022965074,2.0792319774627686,1.5549279913642535,0.999439820664357,False,False,0.006719999946653843,1,decode_bs32,BLOCK_M64_BLOCK_N128_BLOCK_K32_GROUP_M8_num_warps2_num_stages3
7.016704171895981,5.228032112121582,1.3421310392541832,0.974553156580497,False,False,0.01945599913597107,,f06,BLOCK_M32_BLOCK_N32_BLOCK_K64_GROUP_M8_num_warps4_num_stages3,3.413023882545531,2.0792319774627686,1.6414829704140819,0.999439820664357,False,False,0.006719999946653843,1,decode_bs32,BLOCK_M64_BLOCK_N64_BLOCK_K32_GROUP_M8_num_warps4_num_stages2
6.663680166006088,5.228032112121582,1.274605821673484,0.974553156580497,False,False,0.01945599913597107,,f06,BLOCK_M32_BLOCK_N32_BLOCK_K64_GROUP_M8_num_warps4_num_stages3,2.720064097084105,2.0792319774627686,1.3082061677424406,0.999439820664357,False,False,0.006719999946653843,0,decode_bs32,BLOCK_M64_BLOCK_N64_BLOCK_K32_GROUP_M8_num_warps8_num_stages3
16.75007924437523,5.228032112121582,3.2038975440756996,0.974553156580497,False,False,0.01945599913597107,,f06,BLOCK_M32_BLOCK_N32_BLOCK_K64_GROUP_M8_num_warps4_num_stages3,3.7776960665360093,2.0792319774627686,1.8168708963132778,0.999439820664357,False,False,0.006719999946653843,1,decode_bs32,BLOCK_M128_BLOCK_N32_BLOCK_K64_GROUP_M8_num_warps8_num_stages3
5.997312158346176,5.228032112121582,1.1471452412162813,0.974553156580497,False,False,0.01945599913597107,,f06,BLOCK_M32_BLOCK_N32_BLOCK_K64_GROUP_M8_num_warps4_num_stages3,2.6574079329147935,2.0792319774627686,1.278071885060924,0.999439820664357,False,False,0.006719999946653843,0,decode_bs32,BLOCK_M64_BLOCK_N128_BLOCK_K64_GROUP_M8_num_warps16_num_stages2
10.045696347951889,5.228032112121582,1.9215062441296398,0.974553156580497,False,False,0.01945599913597107,,f06,BLOCK_M32_BLOCK_N32_BLOCK_K64_GROUP_M8_num_warps4_num_stages3,2.893887930549681,2.0792319774627686,1.3918061870523055,0.999439820664357,False,False,0.006719999946653843,1,decode_bs32,BLOCK_M64_BLOCK_N32_BLOCK_K64_GROUP_M8_num_warps2_num_stages2
6.357503980398178,8.093695640563965,0.7854883927850776,0.974553156580497,False,False,0.01945599913597107,,f06,BLOCK_M32_BLOCK_N64_BLOCK_K64_GROUP_M8_num_warps2_num_stages2,1.8787199789658189,2.05948805809021,0.9122266922528215,0.999439820664357,False,False,0.006719999946653843,1,decode_bs32,BLOCK_M32_BLOCK_N32_BLOCK_K128_GROUP_M8_num_warps2_num_stages2
10.667264074087143,8.093695640563965,1.3179719806394712,0.974553156580497,False,False,0.01945599913597107,,f06,BLOCK_M32_BLOCK_N64_BLOCK_K64_GROUP_M8_num_warps2_num_stages2,4.4219202334061265,2.05948805809021,2.147096806915516,0.999439820664357,False,False,0.006719999946653843,1,decode_bs32,BLOCK_M128_BLOCK_N64_BLOCK_K32_GROUP_M8_num_warps2_num_stages2
8.137727826833725,8.093695640563965,1.0054403066565882,0.974553156580497,False,False,0.01945599913597107,,f06,BLOCK_M32_BLOCK_N64_BLOCK_K64_GROUP_M8_num_warps2_num_stages2,3.3028799826279283,2.05948805809021,1.6037383512146857,0.999439820664357,False,False,0.006719999946653843,1,decode_bs32,BLOCK_M16_BLOCK_N64_BLOCK_K32_GROUP_M8_num_warps4_num_stages2
6.746111959218979,8.093695640563965,0.8335020562681936,0.974553156580497,False,False,0.01945599913597107,,f06,BLOCK_M32_BLOCK_N64_BLOCK_K64_GROUP_M8_num_warps2_num_stages2,3.3711039358749986,2.05948805809021,1.6368650076082825,0.999439820664357,False,False,0.006719999946653843,1,decode_bs32,BLOCK_M32_BLOCK_N64_BLOCK_K32_GROUP_M8_num_warps2_num_stages2
20.611840337514877,8.093695640563965,2.5466537479136853,0.974553156580497,False,False,0.01945599913597107,,f06,BLOCK_M32_BLOCK_N64_BLOCK_K64_GROUP_M8_num_warps2_num_stages2,3.2330560022965074,2.05948805809021,1.5698347895712308,0.999439820664357,False,False,0.006719999946653843,1,decode_bs32,BLOCK_M64_BLOCK_N128_BLOCK_K32_GROUP_M8_num_warps2_num_stages3
7.016704171895981,8.093695640563965,0.8669345233010344,0.974553156580497,False,False,0.01945599913597107,,f06,BLOCK_M32_BLOCK_N64_BLOCK_K64_GROUP_M8_num_warps2_num_stages2,3.413023882545531,2.05948805809021,1.657219554703547,0.999439820664357,False,False,0.006719999946653843,1,decode_bs32,BLOCK_M64_BLOCK_N64_BLOCK_K32_GROUP_M8_num_warps4_num_stages2
6.663680166006088,8.093695640563965,0.8233173647658644,0.974553156580497,False,False,0.01945599913597107,,f06,BLOCK_M32_BLOCK_N64_BLOCK_K64_GROUP_M8_num_warps2_num_stages2,2.720064097084105,2.05948805809021,1.3207476908637459,0.999439820664357,False,False,0.006719999946653843,1,decode_bs32,BLOCK_M64_BLOCK_N64_BLOCK_K32_GROUP_M8_num_warps8_num_stages3
16.75007924437523,8.093695640563965,2.069521759680117,0.974553156580497,False,False,0.01945599913597107,,f06,BLOCK_M32_BLOCK_N64_BLOCK_K64_GROUP_M8_num_warps2_num_stages2,3.7776960665360093,2.05948805809021,1.8342888912107196,0.999439820664357,False,False,0.006719999946653843,1,decode_bs32,BLOCK_M128_BLOCK_N32_BLOCK_K64_GROUP_M8_num_warps8_num_stages3
5.997312158346176,8.093695640563965,0.7409856293939274,0.974553156580497,False,False,0.01945599913597107,,f06,BLOCK_M32_BLOCK_N64_BLOCK_K64_GROUP_M8_num_warps2_num_stages2,2.6574079329147935,2.05948805809021,1.2903245165592474,0.999439820664357,False,False,0.006719999946653843,1,decode_bs32,BLOCK_M64_BLOCK_N128_BLOCK_K64_GROUP_M8_num_warps16_num_stages2
10.045696347951889,8.093695640563965,1.241175452361328,0.974553156580497,False,False,0.01945599913597107,,f06,BLOCK_M32_BLOCK_N64_BLOCK_K64_GROUP_M8_num_warps2_num_stages2,2.893887930549681,2.05948805809021,1.4051491676204333,0.999439820664357,False,False,0.006719999946653843,1,decode_bs32,BLOCK_M64_BLOCK_N32_BLOCK_K64_GROUP_M8_num_warps2_num_stages2
6.357503980398178,8.522239685058594,0.7459898119908919,0.974553156580497,False,False,0.01945599913597107,,f06,BLOCK_M64_BLOCK_N32_BLOCK_K64_GROUP_M8_num_warps8_num_stages2,1.8787199789658189,2.3737919330596924,0.7914425661326804,0.999439820664357,False,False,0.006719999946653843,1,decode_bs32,BLOCK_M32_BLOCK_N32_BLOCK_K128_GROUP_M8_num_warps2_num_stages2
10.667264074087143,8.522239685058594,1.2516972613184372,0.974553156580497,False,False,0.01945599913597107,,f06,BLOCK_M64_BLOCK_N32_BLOCK_K64_GROUP_M8_num_warps8_num_stages2,4.4219202334061265,2.3737919330596924,1.862808686735448,0.999439820664357,False,False,0.006719999946653843,1,decode_bs32,BLOCK_M128_BLOCK_N64_BLOCK_K32_GROUP_M8_num_warps2_num_stages2
8.137727826833725,8.522239685058594,0.9548813607180041,0.974553156580497,False,False,0.01945599913597107,,f06,BLOCK_M64_BLOCK_N32_BLOCK_K64_GROUP_M8_num_warps8_num_stages2,3.3028799826279283,2.3737919330596924,1.391394054646858,0.999439820664357,False,False,0.006719999946653843,1,decode_bs32,BLOCK_M16_BLOCK_N64_BLOCK_K32_GROUP_M8_num_warps4_num_stages2
6.746111959218979,8.522239685058594,0.7915890902536376,0.974553156580497,False,False,0.01945599913597107,,f06,BLOCK_M64_BLOCK_N32_BLOCK_K64_GROUP_M8_num_warps8_num_stages2,3.3711039358749986,2.3737919330596924,1.420134548831255,0.999439820664357,False,False,0.006719999946653843,1,decode_bs32,BLOCK_M32_BLOCK_N64_BLOCK_K32_GROUP_M8_num_warps2_num_stages2
20.611840337514877,8.522239685058594,2.418594301407889,0.974553156580497,False,False,0.01945599913597107,,f06,BLOCK_M64_BLOCK_N32_BLOCK_K64_GROUP_M8_num_warps8_num_stages2,3.2330560022965074,2.3737919330596924,1.361979521991748,0.999439820664357,False,False,0.006719999946653843,1,decode_bs32,BLOCK_M64_BLOCK_N128_BLOCK_K32_GROUP_M8_num_warps2_num_stages3
7.016704171895981,8.522239685058594,0.8233403930422004,0.974553156580497,False,False,0.01945599913597107,,f06,BLOCK_M64_BLOCK_N32_BLOCK_K64_GROUP_M8_num_warps8_num_stages2,3.413023882545531,2.3737919330596924,1.4377940353627892,0.999439820664357,False,False,0.006719999946653843,1,decode_bs32,BLOCK_M64_BLOCK_N64_BLOCK_K32_GROUP_M8_num_warps4_num_stages2
6.663680166006088,8.522239685058594,0.7819165398139436,0.974553156580497,False,False,0.01945599913597107,,f06,BLOCK_M64_BLOCK_N32_BLOCK_K64_GROUP_M8_num_warps8_num_stages2,2.720064097084105,2.3737919330596924,1.145873005633685,0.999439820664357,False,False,0.006719999946653843,1,decode_bs32,BLOCK_M64_BLOCK_N64_BLOCK_K32_GROUP_M8_num_warps8_num_stages3
16.75007924437523,8.522239685058594,1.9654550755879223,0.974553156580497,False,False,0.01945599913597107,,f06,BLOCK_M64_BLOCK_N32_BLOCK_K64_GROUP_M8_num_warps8_num_stages2,3.7776960665360093,2.3737919330596924,1.5914183606086987,0.999439820664357,False,False,0.006719999946653843,1,decode_bs32,BLOCK_M128_BLOCK_N32_BLOCK_K64_GROUP_M8_num_warps8_num_stages3
5.997312158346176,8.522239685058594,0.703724886881651,0.974553156580497,False,False,0.01945599913597107,,f06,BLOCK_M64_BLOCK_N32_BLOCK_K64_GROUP_M8_num_warps8_num_stages2,2.6574079329147935,2.3737919330596924,1.1194780367669104,0.999439820664357,False,False,0.006719999946653843,1,decode_bs32,BLOCK_M64_BLOCK_N128_BLOCK_K64_GROUP_M8_num_warps16_num_stages2
10.045696347951889,8.522239685058594,1.178762475498578,0.974553156580497,False,False,0.01945599913597107,,f06,BLOCK_M64_BLOCK_N32_BLOCK_K64_GROUP_M8_num_warps8_num_stages2,2.893887930549681,2.3737919330596924,1.219099235382274,0.999439820664357,False,False,0.006719999946653843,1,decode_bs32,BLOCK_M64_BLOCK_N32_BLOCK_K64_GROUP_M8_num_warps2_num_stages2
6.357503980398178,8.268287658691406,0.7689021285701565,0.974553156580497,False,False,0.01945599913597107,,f06,BLOCK_M64_BLOCK_N32_BLOCK_K64_GROUP_M8_num_warps8_num_stages3,1.8787199789658189,2.1579840183258057,0.870590311610999,0.999439820664357,False,False,0.006719999946653843,1,decode_bs32,BLOCK_M32_BLOCK_N32_BLOCK_K128_GROUP_M8_num_warps2_num_stages2
10.667264074087143,8.268287658691406,1.2901418666625606,0.974553156580497,False,False,0.01945599913597107,,f06,BLOCK_M64_BLOCK_N32_BLOCK_K64_GROUP_M8_num_warps8_num_stages3,4.4219202334061265,2.1579840183258057,2.0490977671079853,0.999439820664357,False,False,0.006719999946653843,1,decode_bs32,BLOCK_M128_BLOCK_N64_BLOCK_K32_GROUP_M8_num_warps2_num_stages2
8.137727826833725,8.268287658691406,0.9842095682628507,0.974553156580497,False,False,0.01945599913597107,,f06,BLOCK_M64_BLOCK_N32_BLOCK_K64_GROUP_M8_num_warps8_num_stages3,3.3028799826279283,2.1579840183258057,1.5305395937039186,0.999439820664357,False,False,0.006719999946653843,1,decode_bs32,BLOCK_M16_BLOCK_N64_BLOCK_K32_GROUP_M8_num_warps4_num_stages2
6.746111959218979,8.268287658691406,0.8159019421787586,0.974553156580497,False,False,0.01945599913597107,,f06,BLOCK_M64_BLOCK_N32_BLOCK_K64_GROUP_M8_num_warps8_num_stages3,3.3711039358749986,2.1579840183258057,1.562154264001616,0.999439820664357,False,False,0.006719999946653843,1,decode_bs32,BLOCK_M32_BLOCK_N64_BLOCK_K32_GROUP_M8_num_warps2_num_stages2
20.611840337514877,8.268287658691406,2.4928789597503003,0.974553156580497,False,False,0.01945599913597107,,f06,BLOCK_M64_BLOCK_N32_BLOCK_K64_GROUP_M8_num_warps8_num_stages3,3.2330560022965074,2.1579840183258057,1.4981834781171168,0.999439820664357,False,False,0.006719999946653843,1,decode_bs32,BLOCK_M64_BLOCK_N128_BLOCK_K32_GROUP_M8_num_warps2_num_stages3
7.016704171895981,8.268287658691406,0.8486284538637461,0.974553156580497,False,False,0.01945599913597107,,f06,BLOCK_M64_BLOCK_N32_BLOCK_K64_GROUP_M8_num_warps8_num_stages3,3.413023882545531,2.1579840183258057,1.5815797770334754,0.999439820664357,False,False,0.006719999946653843,1,decode_bs32,BLOCK_M64_BLOCK_N64_BLOCK_K32_GROUP_M8_num_warps4_num_stages2
6.663680166006088,8.268287658691406,0.8059323092129485,0.974553156580497,False,False,0.01945599913597107,,f06,BLOCK_M64_BLOCK_N32_BLOCK_K64_GROUP_M8_num_warps8_num_stages3,2.720064097084105,2.1579840183258057,1.2604653574748756,0.999439820664357,False,False,0.006719999946653843,1,decode_bs32,BLOCK_M64_BLOCK_N64_BLOCK_K32_GROUP_M8_num_warps8_num_stages3
16.75007924437523,8.268287658691406,2.0258220245600658,0.974553156580497,False,False,0.01945599913597107,,f06,BLOCK_M64_BLOCK_N32_BLOCK_K64_GROUP_M8_num_warps8_num_stages3,3.7776960665360093,2.1579840183258057,1.7505672120161477,0.999439820664357,False,False,0.006719999946653843,1,decode_bs32,BLOCK_M128_BLOCK_N32_BLOCK_K64_GROUP_M8_num_warps8_num_stages3
5.997312158346176,8.268287658691406,0.7253390793729775,0.974553156580497,False,False,0.01945599913597107,,f06,BLOCK_M64_BLOCK_N32_BLOCK_K64_GROUP_M8_num_warps8_num_stages3,2.6574079329147935,2.1579840183258057,1.2314307753661902,0.999439820664357,False,False,0.006719999946653843,1,decode_bs32,BLOCK_M64_BLOCK_N128_BLOCK_K64_GROUP_M8_num_warps16_num_stages2
10.045696347951889,8.268287658691406,1.2149669632492912,0.974553156580497,False,False,0.01945599913597107,,f06,BLOCK_M64_BLOCK_N32_BLOCK_K64_GROUP_M8_num_warps8_num_stages3,2.893887930549681,2.1579840183258057,1.3410145329967735,0.999439820664357,False,False,0.006719999946653843,1,decode_bs32,BLOCK_M64_BLOCK_N32_BLOCK_K64_GROUP_M8_num_warps2_num_stages2
19.945215329527855,97.1246109008789,0.20535696508357765,0.553217585679146,False,False,0.1740799993276596,,f06,BLOCK_M32_BLOCK_N64_BLOCK_K32_GROUP_M8_num_warps16_num_stages3,4.417855821549892,12.306943893432617,0.35897261414406895,0.94825258491927,False,False,0.052960000932216644,1,prefill_t2048,BLOCK_M64_BLOCK_N64_BLOCK_K128_GROUP_M8_num_warps4_num_stages2
50.668800458312035,97.1246109008789,0.5216885811776624,0.553217585679146,False,False,0.1740799993276596,,f06,BLOCK_M32_BLOCK_N64_BLOCK_K32_GROUP_M8_num_warps16_num_stages3,7.2143360003829,12.306943893432617,0.5862004460939082,0.94825258491927,False,False,0.052960000932216644,1,prefill_t2048,BLOCK_M128_BLOCK_N128_BLOCK_K32_GROUP_M8_num_warps16_num_stages2
115.82720194756985,97.1246109008789,1.1925628414180005,0.553217585679146,False,False,0.1740799993276596,,f06,BLOCK_M32_BLOCK_N64_BLOCK_K32_GROUP_M8_num_warps16_num_stages3,6.954720102250576,12.306943893432617,0.5651053716074743,0.94825258491927,False,False,0.052960000932216644,1,prefill_t2048,BLOCK_M128_BLOCK_N64_BLOCK_K32_GROUP_M8_num_warps4_num_stages2
22.568447217345238,97.1246109008789,0.232365895811697,0.553217585679146,False,False,0.1740799993276596,,f06,BLOCK_M32_BLOCK_N64_BLOCK_K32_GROUP_M8_num_warps16_num_stages3,8.761567674577236,12.306943893432617,0.7119206645000382,0.94825258491927,False,False,0.052960000932216644,1,prefill_t2048,BLOCK_M64_BLOCK_N128_BLOCK_K32_GROUP_M8_num_warps16_num_stages2
23.890176877379417,97.1246109008789,0.24597449251828332,0.553217585679146,False,False,0.1740799993276596,,f06,BLOCK_M32_BLOCK_N64_BLOCK_K32_GROUP_M8_num_warps16_num_stages3,5.711999975144863,12.306943893432617,0.4641282209950572,0.94825258491927,False,False,0.052960000932216644,1,prefill_t2048,BLOCK_M64_BLOCK_N128_BLOCK_K32_GROUP_M8_num_warps8_num_stages3
23.3620472997427,97.1246109008789,0.24053684316516824,0.553217585679146,False,False,0.1740799993276596,,f06,BLOCK_M32_BLOCK_N64_BLOCK_K32_GROUP_M8_num_warps16_num_stages3,6.651392064988613,12.306943893432617,0.5404584698349044,0.94825258491927,False,False,0.052960000932216644,1,prefill_t2048,BLOCK_M64_BLOCK_N256_BLOCK_K32_GROUP_M8_num_warps8_num_stages2
29.71264086663723,97.1246109008789,0.3059228818631834,0.553217585679146,False,False,0.1740799993276596,,f06,BLOCK_M32_BLOCK_N64_BLOCK_K32_GROUP_M8_num_warps16_num_stages3,10.983168207108974,12.306943893432617,0.8924366847052864,0.94825258491927,False,False,0.052960000932216644,1,prefill_t2048,BLOCK_M64_BLOCK_N64_BLOCK_K32_GROUP_M8_num_warps16_num_stages2
95.67462168633938,97.1246109008789,0.985070836309251,0.553217585679146,False,False,0.1740799993276596,,f06,BLOCK_M32_BLOCK_N64_BLOCK_K32_GROUP_M8_num_warps16_num_stages3,6.455391965806484,12.306943893432617,0.5245324933390888,0.94825258491927,False,False,0.052960000932216644,1,prefill_t2048,BLOCK_M64_BLOCK_N64_BLOCK_K32_GROUP_M8_num_warps4_num_stages3
16.963071927428246,97.1246109008789,0.17465266290477094,0.553217585679146,False,False,0.1740799993276596,,f06,BLOCK_M32_BLOCK_N64_BLOCK_K32_GROUP_M8_num_warps16_num_stages3,3.869439922273159,12.306943893432617,0.31441111260270044,0.94825258491927,False,False,0.052960000932216644,1,prefill_t2048,BLOCK_M64_BLOCK_N128_BLOCK_K64_GROUP_M8_num_warps8_num_stages2
19.190271481871605,97.1246109008789,0.19758402431548838,0.553217585679146,False,False,0.1740799993276596,,f06,BLOCK_M32_BLOCK_N64_BLOCK_K32_GROUP_M8_num_warps16_num_stages3,6.315936170518398,12.306943893432617,0.5132010209202941,0.94825258491927,False,False,0.052960000932216644,1,prefill_t2048,BLOCK_M64_BLOCK_N64_BLOCK_K64_GROUP_M8_num_warps16_num_stages2
19.945215329527855,155.4903106689453,0.1282730431479634,0.553217585679146,False,False,0.1740799993276596,,f06,BLOCK_M64_BLOCK_N128_BLOCK_K32_GROUP_M8_num_warps16_num_stages2,4.417855821549892,6.73414421081543,0.6560381962795744,0.94825258491927,False,False,0.052960000932216644,1,prefill_t2048,BLOCK_M64_BLOCK_N64_BLOCK_K128_GROUP_M8_num_warps4_num_stages2
50.668800458312035,155.4903106689453,0.32586468083011977,0.553217585679146,False,False,0.1740799993276596,,f06,BLOCK_M64_BLOCK_N128_BLOCK_K32_GROUP_M8_num_warps16_num_stages2,7.2143360003829,6.73414421081543,1.0713070249960277,0.94825258491927,False,False,0.052960000932216644,1,prefill_t2048,BLOCK_M128_BLOCK_N128_BLOCK_K32_GROUP_M8_num_warps16_num_stages2
115.82720194756985,155.4903106689453,0.7449158822132509,0.553217585679146,False,False,0.1740799993276596,,f06,BLOCK_M64_BLOCK_N128_BLOCK_K32_GROUP_M8_num_warps16_num_stages2,6.954720102250576,6.73414421081543,1.0327548511778064,0.94825258491927,False,False,0.052960000932216644,1,prefill_t2048,BLOCK_M128_BLOCK_N64_BLOCK_K32_GROUP_M8_num_warps4_num_stages2
22.568447217345238,155.4903106689453,0.14514375281811454,0.553217585679146,False,False,0.1740799993276596,,f06,BLOCK_M64_BLOCK_N128_BLOCK_K32_GROUP_M8_num_warps16_num_stages2,8.761567674577236,6.73414421081543,1.3010662380092255,0.94825258491927,False,False,0.052960000932216644,1,prefill_t2048,BLOCK_M64_BLOCK_N128_BLOCK_K32_GROUP_M8_num_warps16_num_stages2
23.890176877379417,155.4903106689453,0.15364415168121975,0.553217585679146,False,False,0.1740799993276596,,f06,BLOCK_M64_BLOCK_N128_BLOCK_K32_GROUP_M8_num_warps16_num_stages2,5.711999975144863,6.73414421081543,0.848214679746694,0.94825258491927,False,False,0.052960000932216644,1,prefill_t2048,BLOCK_M64_BLOCK_N128_BLOCK_K32_GROUP_M8_num_warps8_num_stages3
23.3620472997427,155.4903106689453,0.15024760835086937,0.553217585679146,False,False,0.1740799993276596,,f06,BLOCK_M64_BLOCK_N128_BLOCK_K32_GROUP_M8_num_warps16_num_stages2,6.651392064988613,6.73414421081543,0.9877115572170385,0.94825258491927,False,False,0.052960000932216644,1,prefill_t2048,BLOCK_M64_BLOCK_N256_BLOCK_K32_GROUP_M8_num_warps8_num_stages2
29.71264086663723,155.4903106689453,0.19108998328454346,0.553217585679146,False,False,0.1740799993276596,,f06,BLOCK_M64_BLOCK_N128_BLOCK_K32_GROUP_M8_num_warps16_num_stages2,10.983168207108974,6.73414421081543,1.630967182061436,0.94825258491927,False,False,0.052960000932216644,1,prefill_t2048,BLOCK_M64_BLOCK_N64_BLOCK_K32_GROUP_M8_num_warps16_num_stages2
95.67462168633938,155.4903106689453,0.6153092194280863,0.553217585679146,False,False,0.1740799993276596,,f06,BLOCK_M64_BLOCK_N128_BLOCK_K32_GROUP_M8_num_warps16_num_stages2,6.455391965806484,6.73414421081543,0.9586061366845615,0.94825258491927,False,False,0.052960000932216644,1,prefill_t2048,BLOCK_M64_BLOCK_N64_BLOCK_K32_GROUP_M8_num_warps4_num_stages3
16.963071927428246,155.4903106689453,0.10909407701644092,0.553217585679146,False,False,0.1740799993276596,,f06,BLOCK_M64_BLOCK_N128_BLOCK_K32_GROUP_M8_num_warps16_num_stages2,3.869439922273159,6.73414421081543,0.574600097820687,0.94825258491927,False,False,0.052960000932216644,1,prefill_t2048,BLOCK_M64_BLOCK_N128_BLOCK_K64_GROUP_M8_num_warps8_num_stages2
19.190271481871605,155.4903106689453,0.12341779625567567,0.553217585679146,False,False,0.1740799993276596,,f06,BLOCK_M64_BLOCK_N128_BLOCK_K32_GROUP_M8_num_warps16_num_stages2,6.315936170518398,6.73414421081543,0.9378973738600126,0.94825258491927,False,False,0.052960000932216644,1,prefill_t2048,BLOCK_M64_BLOCK_N64_BLOCK_K64_GROUP_M8_num_warps16_num_stages2
19.945215329527855,44.38118362426758,0.4494070166849231,0.553217585679146,False,False,0.1740799993276596,,f06,BLOCK_M64_BLOCK_N128_BLOCK_K32_GROUP_M8_num_warps4_num_stages3,4.417855821549892,5.4582719802856445,0.8093872634977591,0.94825258491927,False,False,0.052960000932216644,0,prefill_t2048,BLOCK_M64_BLOCK_N64_BLOCK_K128_GROUP_M8_num_warps4_num_stages2
50.668800458312035,44.38118362426758,1.1416730316900876,0.553217585679146,False,False,0.1740799993276596,,f06,BLOCK_M64_BLOCK_N128_BLOCK_K32_GROUP_M8_num_warps4_num_stages3,7.2143360003829,5.4582719802856445,1.3217252688103236,0.94825258491927,False,False,0.052960000932216644,1,prefill_t2048,BLOCK_M128_BLOCK_N128_BLOCK_K32_GROUP_M8_num_warps16_num_stages2
115.82720194756985,44.38118362426758,2.609826788942052,0.553217585679146,False,False,0.1740799993276596,,f06,BLOCK_M64_BLOCK_N128_BLOCK_K32_GROUP_M8_num_warps4_num_stages3,6.954720102250576,5.4582719802856445,1.274161516203269,0.94825258491927,False,False,0.052960000932216644,1,prefill_t2048,BLOCK_M128_BLOCK_N64_BLOCK_K32_GROUP_M8_num_warps4_num_stages2
22.568447217345238,44.38118362426758,0.5085138649840975,0.553217585679146,False,False,0.1740799993276596,,f06,BLOCK_M64_BLOCK_N128_BLOCK_K32_GROUP_M8_num_warps4_num_stages3,8.761567674577236,5.4582719802856445,1.6051907464894635,0.94825258491927,False,False,0.052960000932216644,1,prefill_t2048,BLOCK_M64_BLOCK_N128_BLOCK_K32_GROUP_M8_num_warps16_num_stages2
23.890176877379417,44.38118362426758,0.5382951721079448,0.553217585679146,False,False,0.1740799993276596,,f06,BLOCK_M64_BLOCK_N128_BLOCK_K32_GROUP_M8_num_warps4_num_stages3,5.711999975144863,5.4582719802856445,1.046485040645765,0.94825258491927,False,False,0.052960000932216644,0,prefill_t2048,BLOCK_M64_BLOCK_N128_BLOCK_K32_GROUP_M8_num_warps8_num_stages3
23.3620472997427,44.38118362426758,0.5263953187352209,0.553217585679146,False,False,0.1740799993276596,,f06,BLOCK_M64_BLOCK_N128_BLOCK_K32_GROUP_M8_num_warps4_num_stages3,6.651392064988613,5.4582719802856445,1.2185893427466268,0.94825258491927,False,False,0.052960000932216644,1,prefill_t2048,BLOCK_M64_BLOCK_N256_BLOCK_K32_GROUP_M8_num_warps8_num_stages2
29.71264086663723,44.38118362426758,0.6694873466689246,0.553217585679146,False,False,0.1740799993276596,,f06,BLOCK_M64_BLOCK_N128_BLOCK_K32_GROUP_M8_num_warps4_num_stages3,10.983168207108974,5.4582719802856445,2.012206106031052,0.94825258491927,False,False,0.052960000932216644,1,prefill_t2048,BLOCK_M64_BLOCK_N64_BLOCK_K32_GROUP_M8_num_warps16_num_stages2
95.67462168633938,44.38118362426758,2.1557474108019195,0.553217585679146,False,False,0.1740799993276596,,f06,BLOCK_M64_BLOCK_N128_BLOCK_K32_GROUP_M8_num_warps4_num_stages3,6.455391965806484,5.4582719802856445,1.1826805240050824,0.94825258491927,False,False,0.052960000932216644,1,prefill_t2048,BLOCK_M64_BLOCK_N64_BLOCK_K32_GROUP_M8_num_warps4_num_stages3
16.963071927428246,44.38118362426758,0.3822131485054143,0.553217585679146,False,False,0.1740799993276596,,f06,BLOCK_M64_BLOCK_N128_BLOCK_K32_GROUP_M8_num_warps4_num_stages3,3.869439922273159,5.4582719802856445,0.7089129922893036,0.94825258491927,False,False,0.052960000932216644,0,prefill_t2048,BLOCK_M64_BLOCK_N128_BLOCK_K64_GROUP_M8_num_warps8_num_stages2
19.190271481871605,44.38118362426758,0.432396567976578,0.553217585679146,False,False,0.1740799993276596,,f06,BLOCK_M64_BLOCK_N128_BLOCK_K32_GROUP_M8_num_warps4_num_stages3,6.315936170518398,5.4582719802856445,1.1571310834876847,0.94825258491927,False,False,0.052960000932216644,1,prefill_t2048,BLOCK_M64_BLOCK_N64_BLOCK_K64_GROUP_M8_num_warps16_num_stages2
19.945215329527855,34.87692642211914,0.5718742267632416,0.553217585679146,False,False,0.1740799993276596,,f06,BLOCK_M64_BLOCK_N128_BLOCK_K32_GROUP_M8_num_warps8_num_stages3,4.417855821549892,5.467264175415039,0.8080560367680637,0.94825258491927,False,False,0.052960000932216644,0,prefill_t2048,BLOCK_M64_BLOCK_N64_BLOCK_K128_GROUP_M8_num_warps4_num_stages2
50.668800458312035,34.87692642211914,1.452788581340631,0.553217585679146,False,False,0.1740799993276596,,f06,BLOCK_M64_BLOCK_N128_BLOCK_K32_GROUP_M8_num_warps8_num_stages3,7.2143360003829,5.467264175415039,1.3195513823575638,0.94825258491927,False,False,0.052960000932216644,1,prefill_t2048,BLOCK_M128_BLOCK_N128_BLOCK_K32_GROUP_M8_num_warps16_num_stages2
115.82720194756985,34.87692642211914,3.321026645114909,0.553217585679146,False,False,0.1740799993276596,,f06,BLOCK_M64_BLOCK_N128_BLOCK_K32_GROUP_M8_num_warps8_num_stages3,6.954720102250576,5.467264175415039,1.2720658594703116,0.94825258491927,False,False,0.052960000932216644,1,prefill_t2048,BLOCK_M128_BLOCK_N64_BLOCK_K32_GROUP_M8_num_warps4_num_stages2
22.568447217345238,34.87692642211914,0.6470881907481447,0.553217585679146,False,False,0.1740799993276596,,f06,BLOCK_M64_BLOCK_N128_BLOCK_K32_GROUP_M8_num_warps8_num_stages3,8.761567674577236,5.467264175415039,1.6025506347353546,0.94825258491927,False,False,0.052960000932216644,1,prefill_t2048,BLOCK_M64_BLOCK_N128_BLOCK_K32_GROUP_M8_num_warps16_num_stages2
23.890176877379417,34.87692642211914,0.6849851557512285,0.553217585679146,False,False,0.1740799993276596,,f06,BLOCK_M64_BLOCK_N128_BLOCK_K32_GROUP_M8_num_warps8_num_stages3,5.711999975144863,5.467264175415039,1.04476385114704,0.94825258491927,False,False,0.052960000932216644,0,prefill_t2048,BLOCK_M64_BLOCK_N128_BLOCK_K32_GROUP_M8_num_warps8_num_stages3
23.3620472997427,34.87692642211914,0.6698424917663145,0.553217585679146,False,False,0.1740799993276596,,f06,BLOCK_M64_BLOCK_N128_BLOCK_K32_GROUP_M8_num_warps8_num_stages3,6.651392064988613,5.467264175415039,1.2165850874553146,0.94825258491927,False,False,0.052960000932216644,1,prefill_t2048,BLOCK_M64_BLOCK_N256_BLOCK_K32_GROUP_M8_num_warps8_num_stages2
29.71264086663723,34.87692642211914,0.8519283066122854,0.553217585679146,False,False,0.1740799993276596,,f06,BLOCK_M64_BLOCK_N128_BLOCK_K32_GROUP_M8_num_warps8_num_stages3,10.983168207108974,5.467264175415039,2.0088965622875183,0.94825258491927,False,False,0.052960000932216644,1,prefill_t2048,BLOCK_M64_BLOCK_N64_BLOCK_K32_GROUP_M8_num_warps16_num_stages2
95.67462168633938,34.87692642211914,2.7432067989128193,0.553217585679146,False,False,0.1740799993276596,,f06,BLOCK_M64_BLOCK_N128_BLOCK_K32_GROUP_M8_num_warps8_num_stages3,6.455391965806484,5.467264175415039,1.1807353291678893,0.94825258491927,False,False,0.052960000932216644,1,prefill_t2048,BLOCK_M64_BLOCK_N64_BLOCK_K32_GROUP_M8_num_warps4_num_stages3
16.963071927428246,34.87692642211914,0.4863694616355348,0.553217585679146,False,False,0.1740799993276596,,f06,BLOCK_M64_BLOCK_N128_BLOCK_K32_GROUP_M8_num_warps8_num_stages3,3.869439922273159,5.467264175415039,0.7077470190068905,0.94825258491927,False,False,0.052960000932216644,0,prefill_t2048,BLOCK_M64_BLOCK_N128_BLOCK_K64_GROUP_M8_num_warps8_num_stages2
19.190271481871605,34.87692642211914,0.550228287023051,0.553217585679146,False,False,0.1740799993276596,,f06,BLOCK_M64_BLOCK_N128_BLOCK_K32_GROUP_M8_num_warps8_num_stages3,6.315936170518398,5.467264175415039,1.155227910683305,0.94825258491927,False,False,0.052960000932216644,1,prefill_t2048,BLOCK_M64_BLOCK_N64_BLOCK_K64_GROUP_M8_num_warps16_num_stages2
19.945215329527855,33.40697479248047,0.5970374585973375,0.553217585679146,False,False,0.1740799993276596,,f06,BLOCK_M64_BLOCK_N64_BLOCK_K64_GROUP_M8_num_warps4_num_stages2,4.417855821549892,3.788896083831787,1.1660007885679529,0.94825258491927,False,False,0.052960000932216644,0,prefill_t2048,BLOCK_M64_BLOCK_N64_BLOCK_K128_GROUP_M8_num_warps4_num_stages2
50.668800458312035,33.40697479248047,1.5167132245005617,0.553217585679146,False,False,0.1740799993276596,,f06,BLOCK_M64_BLOCK_N64_BLOCK_K64_GROUP_M8_num_warps4_num_stages2,7.2143360003829,3.788896083831787,1.9040733344913743,0.94825258491927,False,False,0.052960000932216644,1,prefill_t2048,BLOCK_M128_BLOCK_N128_BLOCK_K32_GROUP_M8_num_warps16_num_stages2
115.82720194756985,33.40697479248047,3.467156265033649,0.553217585679146,False,False,0.1740799993276596,,f06,BLOCK_M64_BLOCK_N64_BLOCK_K64_GROUP_M8_num_warps4_num_stages2,6.954720102250576,3.788896083831787,1.8355531395881217,0.94825258491927,False,False,0.052960000932216644,1,prefill_t2048,BLOCK_M128_BLOCK_N64_BLOCK_K32_GROUP_M8_num_warps4_num_stages2
22.568447217345238,33.40697479248047,0.675560937724452,0.553217585679146,False,False,0.1740799993276596,,f06,BLOCK_M64_BLOCK_N64_BLOCK_K64_GROUP_M8_num_warps4_num_stages2,8.761567674577236,3.788896083831787,2.3124328249500277,0.94825258491927,False,False,0.052960000932216644,1,prefill_t2048,BLOCK_M64_BLOCK_N128_BLOCK_K32_GROUP_M8_num_warps16_num_stages2
23.890176877379417,33.40697479248047,0.715125419939456,0.553217585679146,False,False,0.1740799993276596,,f06,BLOCK_M64_BLOCK_N64_BLOCK_K64_GROUP_M8_num_warps4_num_stages2,5.711999975144863,3.788896083831787,1.507563113044843,0.94825258491927,False,False,0.052960000932216644,0,prefill_t2048,BLOCK_M64_BLOCK_N128_BLOCK_K32_GROUP_M8_num_warps8_num_stages3
23.3620472997427,33.40697479248047,0.6993164584600827,0.553217585679146,False,False,0.1740799993276596,,f06,BLOCK_M64_BLOCK_N64_BLOCK_K64_GROUP_M8_num_warps4_num_stages2,6.651392064988613,3.788896083831787,1.7554960383769422,0.94825258491927,False,False,0.052960000932216644,1,prefill_t2048,BLOCK_M64_BLOCK_N256_BLOCK_K32_GROUP_M8_num_warps8_num_stages2
29.71264086663723,33.40697479248047,0.889414293009411,0.553217585679146,False,False,0.1740799993276596,,f06,BLOCK_M64_BLOCK_N64_BLOCK_K64_GROUP_M8_num_warps4_num_stages2,10.983168207108974,3.788896083831787,2.8987778931116726,0.94825258491927,False,False,0.052960000932216644,1,prefill_t2048,BLOCK_M64_BLOCK_N64_BLOCK_K32_GROUP_M8_num_warps16_num_stages2
95.67462168633938,33.40697479248047,2.8639115717797545,0.553217585679146,False,False,0.1740799993276596,,f06,BLOCK_M64_BLOCK_N64_BLOCK_K64_GROUP_M8_num_warps4_num_stages2,6.455391965806484,3.788896083831787,1.7037659051546266,0.94825258491927,False,False,0.052960000932216644,1,prefill_t2048,BLOCK_M64_BLOCK_N64_BLOCK_K32_GROUP_M8_num_warps4_num_stages3
16.963071927428246,33.40697479248047,0.507770369295649,0.553217585679146,False,False,0.1740799993276596,,f06,BLOCK_M64_BLOCK_N64_BLOCK_K64_GROUP_M8_num_warps4_num_stages2,3.869439922273159,3.788896083831787,1.0212578642061665,0.94825258491927,False,False,0.052960000932216644,0,prefill_t2048,BLOCK_M64_BLOCK_N128_BLOCK_K64_GROUP_M8_num_warps8_num_stages2
19.190271481871605,33.40697479248047,0.5744390685202396,0.553217585679146,False,False,0.1740799993276596,,f06,BLOCK_M64_BLOCK_N64_BLOCK_K64_GROUP_M8_num_warps4_num_stages2,6.315936170518398,3.788896083831787,1.6669594601631208,0.94825258491927,False,False,0.052960000932216644,1,prefill_t2048,BLOCK_M64_BLOCK_N64_BLOCK_K64_GROUP_M8_num_warps16_num_stages2
60.46899205446243,326.0316162109375,0.18546971841939378,0.77400340006298,False,False,0.6195200085639954,,f06,BLOCK_M32_BLOCK_N64_BLOCK_K32_GROUP_M8_num_warps16_num_stages3,12.978591933846474,42.4224967956543,0.3059365410848704,1.0117845173147517,False,False,0.18931199610233307,1,prefill_t8192,BLOCK_M64_BLOCK_N64_BLOCK_K128_GROUP_M8_num_warps4_num_stages2
77.583875477314,326.0316162109375,0.23796426978148771,0.77400340006298,False,False,0.6195200085639954,,f06,BLOCK_M32_BLOCK_N64_BLOCK_K32_GROUP_M8_num_warps16_num_stages3,14.219391837716103,42.4224967956543,0.3351851708825568,1.0117845173147517,False,False,0.18931199610233307,1,prefill_t8192,BLOCK_M128_BLOCK_N128_BLOCK_K32_GROUP_M8_num_warps16_num_stages2
200.03762608766556,326.0316162109375,0.6135528462314657,0.77400340006298,False,False,0.6195200085639954,,f06,BLOCK_M32_BLOCK_N64_BLOCK_K32_GROUP_M8_num_warps16_num_stages3,14.272671714425087,42.4224967956543,0.3364411053685826,1.0117845173147517,False,False,0.18931199610233307,1,prefill_t8192,BLOCK_M128_BLOCK_N64_BLOCK_K32_GROUP_M8_num_warps4_num_stages2
70.47218877077103,326.0316162109375,0.21615139534558694,0.77400340006298,False,False,0.6195200085639954,,f06,BLOCK_M32_BLOCK_N64_BLOCK_K32_GROUP_M8_num_warps16_num_stages3,22.989856734871864,42.4224967956543,0.5419260645032782,1.0117845173147517,False,False,0.18931199610233307,1,prefill_t8192,BLOCK_M64_BLOCK_N128_BLOCK_K32_GROUP_M8_num_warps16_num_stages2
71.83615666627884,326.0316162109375,0.22033494021574257,0.77400340006298,False,False,0.6195200085639954,,f06,BLOCK_M32_BLOCK_N64_BLOCK_K32_GROUP_M8_num_warps16_num_stages3,11.377920165657997,42.4224967956543,0.26820486829109824,1.0117845173147517,False,False,0.18931199610233307,1,prefill_t8192,BLOCK_M64_BLOCK_N128_BLOCK_K32_GROUP_M8_num_warps8_num_stages3
63.55302220582962,326.0316162109375,0.19492901622372655,0.77400340006298,False,False,0.6195200085639954,,f06,BLOCK_M32_BLOCK_N64_BLOCK_K32_GROUP_M8_num_warps16_num_stages3,13.600607886910439,42.4224967956543,0.32059894900631275,1.0117845173147517,False,False,0.18931199610233307,1,prefill_t8192,BLOCK_M64_BLOCK_N256_BLOCK_K32_GROUP_M8_num_warps8_num_stages2
92.17331486940384,326.0316162109375,0.2827128115384034,0.77400340006298,False,False,0.6195200085639954,,f06,BLOCK_M32_BLOCK_N64_BLOCK_K32_GROUP_M8_num_warps16_num_stages3,30.85548783838749,42.4224967956543,0.7273378553604672,1.0117845173147517,False,False,0.18931199610233307,1,prefill_t8192,BLOCK_M64_BLOCK_N64_BLOCK_K32_GROUP_M8_num_warps16_num_stages2
183.3256967663765,326.0316162109375,0.5622942305318254,0.77400340006298,False,False,0.6195200085639954,,f06,BLOCK_M32_BLOCK_N64_BLOCK_K32_GROUP_M8_num_warps16_num_stages3,14.489888206124306,42.4224967956543,0.3415614190725481,1.0117845173147517,False,False,0.18931199610233307,1,prefill_t8192,BLOCK_M64_BLOCK_N64_BLOCK_K32_GROUP_M8_num_warps4_num_stages3
50.37721425294876,326.0316162109375,0.15451634672250764,0.77400340006298,False,False,0.6195200085639954,,f06,BLOCK_M32_BLOCK_N64_BLOCK_K32_GROUP_M8_num_warps16_num_stages3,9.639360442757607,42.4224967956543,0.22722284567996123,1.0117845173147517,False,False,0.18931199610233307,1,prefill_t8192,BLOCK_M64_BLOCK_N128_BLOCK_K64_GROUP_M8_num_warps8_num_stages2
54.62783986330032,326.0316162109375,0.16755381118608123,0.77400340006298,False,False,0.6195200085639954,,f06,BLOCK_M32_BLOCK_N64_BLOCK_K32_GROUP_M8_num_warps16_num_stages3,16.960287109017372,42.4224967956543,0.3997946464752815,1.0117845173147517,False,False,0.18931199610233307,1,prefill_t8192,BLOCK_M64_BLOCK_N64_BLOCK_K64_GROUP_M8_num_warps16_num_stages2
60.46899205446243,472.4613037109375,0.1279871845154513,0.77400340006298,False,False,0.6195200085639954,,f06,BLOCK_M64_BLOCK_N128_BLOCK_K32_GROUP_M8_num_warps16_num_stages2,12.978591933846474,14.779871940612793,0.8781261424994704,1.0117845173147517,False,False,0.18931199610233307,1,prefill_t8192,BLOCK_M64_BLOCK_N64_BLOCK_K128_GROUP_M8_num_warps4_num_stages2
77.583875477314,472.4613037109375,0.1642121267243117,0.77400340006298,False,False,0.6195200085639954,,f06,BLOCK_M64_BLOCK_N128_BLOCK_K32_GROUP_M8_num_warps16_num_stages2,14.219391837716103,14.779871940612793,0.9620781489075979,1.0117845173147517,False,False,0.18931199610233307,1,prefill_t8192,BLOCK_M128_BLOCK_N128_BLOCK_K32_GROUP_M8_num_warps16_num_stages2
200.03762608766556,472.4613037109375,0.4233947299312646,0.77400340006298,False,False,0.6195200085639954,,f06,BLOCK_M64_BLOCK_N128_BLOCK_K32_GROUP_M8_num_warps16_num_stages2,14.272671714425087,14.779871940612793,0.9656830432478919,1.0117845173147517,False,False,0.18931199610233307,1,prefill_t8192,BLOCK_M128_BLOCK_N64_BLOCK_K32_GROUP_M8_num_warps4_num_stages2
70.47218877077103,472.4613037109375,0.149159705180612,0.77400340006298,False,False,0.6195200085639954,,f06,BLOCK_M64_BLOCK_N128_BLOCK_K32_GROUP_M8_num_warps16_num_stages2,22.989856734871864,14.779871940612793,1.5554841630054526,1.0117845173147517,False,False,0.18931199610233307,1,prefill_t8192,BLOCK_M64_BLOCK_N128_BLOCK_K32_GROUP_M8_num_warps16_num_stages2
71.83615666627884,472.4613037109375,0.1520466461529087,0.77400340006298,False,False,0.6195200085639954,,f06,BLOCK_M64_BLOCK_N128_BLOCK_K32_GROUP_M8_num_warps16_num_stages2,11.377920165657997,14.779871940612793,0.7698253551435205,1.0117845173147517,False,False,0.18931199610233307,1,prefill_t8192,BLOCK_M64_BLOCK_N128_BLOCK_K32_GROUP_M8_num_warps8_num_stages3
63.55302220582962,472.4613037109375,0.13451476704367898,0.77400340006298,False,False,0.6195200085639954,,f06,BLOCK_M64_BLOCK_N128_BLOCK_K32_GROUP_M8_num_warps16_num_stages2,13.600607886910439,14.779871940612793,0.9202114836690892,1.0117845173147517,False,False,0.18931199610233307,1,prefill_t8192,BLOCK_M64_BLOCK_N256_BLOCK_K32_GROUP_M8_num_warps8_num_stages2
92.17331486940384,472.4613037109375,0.19509177607865544,0.77400340006298,False,False,0.6195200085639954,,f06,BLOCK_M64_BLOCK_N128_BLOCK_K32_GROUP_M8_num_warps16_num_stages2,30.85548783838749,14.779871940612793,2.0876694982452046,1.0117845173147517,False,False,0.18931199610233307,1,prefill_t8192,BLOCK_M64_BLOCK_N64_BLOCK_K32_GROUP_M8_num_warps16_num_stages2
183.3256967663765,472.4613037109375,0.3880226704842251,0.77400340006298,False,False,0.6195200085639954,,f06,BLOCK_M64_BLOCK_N128_BLOCK_K32_GROUP_M8_num_warps16_num_stages2,14.489888206124306,14.779871940612793,0.9803798209041543,1.0117845173147517,False,False,0.18931199610233307,1,prefill_t8192,BLOCK_M64_BLOCK_N64_BLOCK_K32_GROUP_M8_num_warps4_num_stages3
50.37721425294876,472.4613037109375,0.10662717529935675,0.77400340006298,False,False,0.6195200085639954,,f06,BLOCK_M64_BLOCK_N128_BLOCK_K32_GROUP_M8_num_warps16_num_stages2,9.639360442757607,14.779871940612793,0.6521951260125699,1.0117845173147517,False,False,0.18931199610233307,1,prefill_t8192,BLOCK_M64_BLOCK_N128_BLOCK_K64_GROUP_M8_num_warps8_num_stages2
54.62783986330032,472.4613037109375,0.11562394514477077,0.77400340006298,False,False,0.6195200085639954,,f06,BLOCK_M64_BLOCK_N128_BLOCK_K32_GROUP_M8_num_warps16_num_stages2,16.960287109017372,14.779871940612793,1.1475259851482973,1.0117845173147517,False,False,0.18931199610233307,1,prefill_t8192,BLOCK_M64_BLOCK_N64_BLOCK_K64_GROUP_M8_num_warps16_num_stages2
60.46899205446243,132.46925354003906,0.4564756759664655,0.77400340006298,False,False,0.6195200085639954,,f06,BLOCK_M64_BLOCK_N128_BLOCK_K32_GROUP_M8_num_warps4_num_stages3,12.978591933846474,9.743424415588379,1.3320359845027578,1.0117845173147517,False,False,0.18931199610233307,1,prefill_t8192,BLOCK_M64_BLOCK_N64_BLOCK_K128_GROUP_M8_num_warps4_num_stages2
77.583875477314,132.46925354003906,0.5856745879062731,0.77400340006298,False,False,0.6195200085639954,,f06,BLOCK_M64_BLOCK_N128_BLOCK_K32_GROUP_M8_num_warps4_num_stages3,14.219391837716103,9.743424415588379,1.459383398609495,1.0117845173147517,False,False,0.18931199610233307,1,prefill_t8192,BLOCK_M128_BLOCK_N128_BLOCK_K32_GROUP_M8_num_warps16_num_stages2
200.03762608766556,132.46925354003906,1.5100683422150019,0.77400340006298,False,False,0.6195200085639954,,f06,BLOCK_M64_BLOCK_N128_BLOCK_K32_GROUP_M8_num_warps4_num_stages3,14.272671714425087,9.743424415588379,1.4648516892675252,1.0117845173147517,False,False,0.18931199610233307,1,prefill_t8192,BLOCK_M128_BLOCK_N64_BLOCK_K32_GROUP_M8_num_warps4_num_stages2
70.47218877077103,132.46925354003906,0.5319890230186183,0.77400340006298,False,False,0.6195200085639954,,f06,BLOCK_M64_BLOCK_N128_BLOCK_K32_GROUP_M8_num_warps4_num_stages3,22.989856734871864,9.743424415588379,2.35952533260182,1.0117845173147517,False,False,0.18931199610233307,1,prefill_t8192,BLOCK_M64_BLOCK_N128_BLOCK_K32_GROUP_M8_num_warps16_num_stages2
71.83615666627884,132.46925354003906,0.5422855096300987,0.77400340006298,False,False,0.6195200085639954,,f06,BLOCK_M64_BLOCK_N128_BLOCK_K32_GROUP_M8_num_warps4_num_stages3,11.377920165657997,9.743424415588379,1.1677537260364652,1.0117845173147517,False,False,0.18931199610233307,1,prefill_t8192,BLOCK_M64_BLOCK_N128_BLOCK_K32_GROUP_M8_num_warps8_num_stages3
63.55302220582962,132.46925354003906,0.4797567775726962,0.77400340006298,False,False,0.6195200085639954,,f06,BLOCK_M64_BLOCK_N128_BLOCK_K32_GROUP_M8_num_warps4_num_stages3,13.600607886910439,9.743424415588379,1.3958755471178081,1.0117845173147517,False,False,0.18931199610233307,1,prefill_t8192,BLOCK_M64_BLOCK_N256_BLOCK_K32_GROUP_M8_num_warps8_num_stages2
92.17331486940384,132.46925354003906,0.6958091210315781,0.77400340006298,False,False,0.6195200085639954,,f06,BLOCK_M64_BLOCK_N128_BLOCK_K32_GROUP_M8_num_warps4_num_stages3,30.85548783838749,9.743424415588379,3.1668011699277097,1.0117845173147517,False,False,0.18931199610233307,1,prefill_t8192,BLOCK_M64_BLOCK_N64_BLOCK_K32_GROUP_M8_num_warps16_num_stages2
183.3256967663765,132.46925354003906,1.3839112991677422,0.77400340006298,False,False,0.6195200085639954,,f06,BLOCK_M64_BLOCK_N128_BLOCK_K32_GROUP_M8_num_warps4_num_stages3,14.489888206124306,9.743424415588379,1.4871453390598608,1.0117845173147517,False,False,0.18931199610233307,1,prefill_t8192,BLOCK_M64_BLOCK_N64_BLOCK_K32_GROUP_M8_num_warps4_num_stages3
50.37721425294876,132.46925354003906,0.3802936372531318,0.77400340006298,False,False,0.6195200085639954,,f06,BLOCK_M64_BLOCK_N128_BLOCK_K32_GROUP_M8_num_warps4_num_stages3,9.639360442757607,9.743424415588379,0.9893195689326351,1.0117845173147517,False,False,0.18931199610233307,1,prefill_t8192,BLOCK_M64_BLOCK_N128_BLOCK_K64_GROUP_M8_num_warps8_num_stages2
54.62783986330032,132.46925354003906,0.4123812764355086,0.77400340006298,False,False,0.6195200085639954,,f06,BLOCK_M64_BLOCK_N128_BLOCK_K32_GROUP_M8_num_warps4_num_stages3,16.960287109017372,9.743424415588379,1.7406905812173006,1.0117845173147517,False,False,0.18931199610233307,1,prefill_t8192,BLOCK_M64_BLOCK_N64_BLOCK_K64_GROUP_M8_num_warps16_num_stages2
60.46899205446243,94.17215728759766,0.6421111483067418,0.77400340006298,False,False,0.6195200085639954,,f06,BLOCK_M64_BLOCK_N128_BLOCK_K32_GROUP_M8_num_warps8_num_stages3,12.978591933846474,10.220000267028809,1.2699208996811164,1.0117845173147517,False,False,0.18931199610233307,0,prefill_t8192,BLOCK_M64_BLOCK_N64_BLOCK_K128_GROUP_M8_num_warps4_num_stages2
77.583875477314,94.17215728759766,0.823851525885472,0.77400340006298,False,False,0.6195200085639954,,f06,BLOCK_M64_BLOCK_N128_BLOCK_K32_GROUP_M8_num_warps8_num_stages3,14.219391837716103,10.220000267028809,1.391329889059779,1.0117845173147517,False,False,0.18931199610233307,1,prefill_t8192,BLOCK_M128_BLOCK_N128_BLOCK_K32_GROUP_M8_num_warps16_num_stages2
200.03762608766556,94.17215728759766,2.124169519412828,0.77400340006298,False,False,0.6195200085639954,,f06,BLOCK_M64_BLOCK_N128_BLOCK_K32_GROUP_M8_num_warps8_num_stages3,14.272671714425087,10.220000267028809,1.39654318410057,1.0117845173147517,False,False,0.18931199610233307,1,prefill_t8192,BLOCK_M128_BLOCK_N64_BLOCK_K32_GROUP_M8_num_warps4_num_stages2
70.47218877077103,94.17215728759766,0.7483335924391329,0.77400340006298,False,False,0.6195200085639954,,f06,BLOCK_M64_BLOCK_N128_BLOCK_K32_GROUP_M8_num_warps8_num_stages3,22.989856734871864,10.220000267028809,2.2494966863201022,1.0117845173147517,False,False,0.18931199610233307,1,prefill_t8192,BLOCK_M64_BLOCK_N128_BLOCK_K32_GROUP_M8_num_warps16_num_stages2
71.83615666627884,94.17215728759766,0.7628173627465531,0.77400340006298,False,False,0.6195200085639954,,f06,BLOCK_M64_BLOCK_N128_BLOCK_K32_GROUP_M8_num_warps8_num_stages3,11.377920165657997,10.220000267028809,1.1132994000366914,1.0117845173147517,False,False,0.18931199610233307,0,prefill_t8192,BLOCK_M64_BLOCK_N128_BLOCK_K32_GROUP_M8_num_warps8_num_stages3
63.55302220582962,94.17215728759766,0.6748600014730625,0.77400340006298,False,False,0.6195200085639954,,f06,BLOCK_M64_BLOCK_N128_BLOCK_K32_GROUP_M8_num_warps8_num_stages3,13.600607886910439,10.220000267028809,1.3307835158075247,1.0117845173147517,False,False,0.18931199610233307,0,prefill_t8192,BLOCK_M64_BLOCK_N256_BLOCK_K32_GROUP_M8_num_warps8_num_stages2
92.17331486940384,94.17215728759766,0.9787745924510421,0.77400340006298,False,False,0.6195200085639954,,f06,BLOCK_M64_BLOCK_N128_BLOCK_K32_GROUP_M8_num_warps8_num_stages3,30.85548783838749,10.220000267028809,3.0191278896471005,1.0117845173147517,False,False,0.18931199610233307,1,prefill_t8192,BLOCK_M64_BLOCK_N64_BLOCK_K32_GROUP_M8_num_warps16_num_stages2
183.3256967663765,94.17215728759766,1.9467080509423589,0.77400340006298,False,False,0.6195200085639954,,f06,BLOCK_M64_BLOCK_N128_BLOCK_K32_GROUP_M8_num_warps8_num_stages3,14.489888206124306,10.220000267028809,1.417797243398395,1.0117845173147517,False,False,0.18931199610233307,1,prefill_t8192,BLOCK_M64_BLOCK_N64_BLOCK_K32_GROUP_M8_num_warps4_num_stages3
50.37721425294876,94.17215728759766,0.5349480749293971,0.77400340006298,False,False,0.6195200085639954,,f06,BLOCK_M64_BLOCK_N128_BLOCK_K32_GROUP_M8_num_warps8_num_stages3,9.639360442757607,10.220000267028809,0.9431859286594708,1.0117845173147517,False,False,0.18931199610233307,0,prefill_t8192,BLOCK_M64_BLOCK_N128_BLOCK_K64_GROUP_M8_num_warps8_num_stages2
54.62783986330032,94.17215728759766,0.580084830131578,0.77400340006298,False,False,0.6195200085639954,,f06,BLOCK_M64_BLOCK_N128_BLOCK_K32_GROUP_M8_num_warps8_num_stages3,16.960287109017372,10.220000267028809,1.6595192432365877,1.0117845173147517,False,False,0.18931199610233307,1,prefill_t8192,BLOCK_M64_BLOCK_N64_BLOCK_K64_GROUP_M8_num_warps16_num_stages2
60.46899205446243,71.6869125366211,0.84351508406185,0.77400340006298,False,False,0.6195200085639954,,f06,BLOCK_M64_BLOCK_N64_BLOCK_K64_GROUP_M8_num_warps4_num_stages2,12.978591933846474,9.688863754272461,1.3395370461395284,1.0117845173147517,False,False,0.18931199610233307,0,prefill_t8192,BLOCK_M64_BLOCK_N64_BLOCK_K128_GROUP_M8_num_warps4_num_stages2
77.583875477314,71.6869125366211,1.0822599653413787,0.77400340006298,False,False,0.6195200085639954,,f06,BLOCK_M64_BLOCK_N64_BLOCK_K64_GROUP_M8_num_warps4_num_stages2,14.219391837716103,9.688863754272461,1.4676015886223843,1.0117845173147517,False,False,0.18931199610233307,1,prefill_t8192,BLOCK_M128_BLOCK_N128_BLOCK_K32_GROUP_M8_num_warps16_num_stages2
200.03762608766556,71.6869125366211,2.7904343904541404,0.77400340006298,False,False,0.6195200085639954,,f06,BLOCK_M64_BLOCK_N64_BLOCK_K64_GROUP_M8_num_warps4_num_stages2,14.272671714425087,9.688863754272461,1.4731006727317557,1.0117845173147517,False,False,0.18931199610233307,1,prefill_t8192,BLOCK_M128_BLOCK_N64_BLOCK_K32_GROUP_M8_num_warps4_num_stages2
70.47218877077103,71.6869125366211,0.9830551529858462,0.77400340006298,False,False,0.6195200085639954,,f06,BLOCK_M64_BLOCK_N64_BLOCK_K64_GROUP_M8_num_warps4_num_stages2,22.989856734871864,9.688863754272461,2.3728124698558295,1.0117845173147517,False,False,0.18931199610233307,1,prefill_t8192,BLOCK_M64_BLOCK_N128_BLOCK_K32_GROUP_M8_num_warps16_num_stages2
71.83615666627884,71.6869125366211,1.0020818880933322,0.77400340006298,False,False,0.6195200085639954,,f06,BLOCK_M64_BLOCK_N64_BLOCK_K64_GROUP_M8_num_warps4_num_stages2,11.377920165657997,9.688863754272461,1.1743296690120881,1.0117845173147517,False,False,0.18931199610233307,0,prefill_t8192,BLOCK_M64_BLOCK_N128_BLOCK_K32_GROUP_M8_num_warps8_num_stages3
63.55302220582962,71.6869125366211,0.8865359095129631,0.77400340006298,False,False,0.6195200085639954,,f06,BLOCK_M64_BLOCK_N64_BLOCK_K64_GROUP_M8_num_warps4_num_stages2,13.600607886910439,9.688863754272461,1.403736106921003,1.0117845173147517,False,False,0.18931199610233307,0,prefill_t8192,BLOCK_M64_BLOCK_N256_BLOCK_K32_GROUP_M8_num_warps8_num_stages2
92.17331486940384,71.6869125366211,1.2857760448578017,0.77400340006298,False,False,0.6195200085639954,,f06,BLOCK_M64_BLOCK_N64_BLOCK_K64_GROUP_M8_num_warps4_num_stages2,30.85548783838749,9.688863754272461,3.184634299845662,1.0117845173147517,False,False,0.18931199610233307,1,prefill_t8192,BLOCK_M64_BLOCK_N64_BLOCK_K32_GROUP_M8_num_warps16_num_stages2
183.3256967663765,71.6869125366211,2.5573105366021305,0.77400340006298,False,False,0.6195200085639954,,f06,BLOCK_M64_BLOCK_N64_BLOCK_K64_GROUP_M8_num_warps4_num_stages2,14.489888206124306,9.688863754272461,1.4955198642085101,1.0117845173147517,False,False,0.18931199610233307,1,prefill_t8192,BLOCK_M64_BLOCK_N64_BLOCK_K32_GROUP_M8_num_warps4_num_stages3
50.37721425294876,71.6869125366211,0.7027393490717525,0.77400340006298,False,False,0.6195200085639954,,f06,BLOCK_M64_BLOCK_N64_BLOCK_K64_GROUP_M8_num_warps4_num_stages2,9.639360442757607,9.688863754272461,0.9948907000066932,1.0117845173147517,False,False,0.18931199610233307,0,prefill_t8192,BLOCK_M64_BLOCK_N128_BLOCK_K64_GROUP_M8_num_warps8_num_stages2
54.62783986330032,71.6869125366211,0.762033653428634,0.77400340006298,False,False,0.6195200085639954,,f06,BLOCK_M64_BLOCK_N64_BLOCK_K64_GROUP_M8_num_warps4_num_stages2,16.960287109017372,9.688863754272461,1.7504928894823668,1.0117845173147517,False,False,0.18931199610233307,1,prefill_t8192,BLOCK_M64_BLOCK_N64_BLOCK_K64_GROUP_M8_num_warps16_num_stages2
