# /usr/bin/python /home/guancheng/zsh/fusion/glm52_h200/bench/bench_layer.py --only A_all_unfused,N_f11b,O_f11ab,P_f10_f11ab,Q_f8_f11ab,R_f1_f10_f11ab --rounds 8 --rep 15
# started 2026-08-05 16:46:40
[harness] NVIDIA H200 sm9.0 | 132 SM | L2 60 MB | flush 256 MB | tick 3.2e-05 ms | hopper feats [tma,clusters,warp_specialize] | preflight ok | results -> /home/guancheng/zsh/fusion/results/h200/_f11_layer_rerun
[hw] NVIDIA H200  sm_90  132 SM  140 GB  uuid b2318e71-edbf-aa1b-d
[hw] driver 580.173.02  vbios 96.00.A5.00.03  cuda 13.0  torch 2.11.0+cu130  triton 3.6.0  python 3.10.12
[hw] clocks SM 1980 MHz / 1980 MHz max (100%)  MEM 3201 MHz / 3201 MHz max (100%)  -> unlocked
[hw] pstate P0  power 125.76 W of 700.00 W  temp 46 C (mem 43)  util 0 %
[hw] ecc Enabled  mig Disabled  persistence Enabled  compute-mode Default  pcie gen5x16
[hw] host hgx-h200-233  192 cpu  visible GPUs 1  CUDA_VISIBLE_DEVICES=0
[hw] physical GPU: nvidia-smi index 0  cuda ordinal 0  matched by uuid  order=PCI_BUS_ID
[hw] clock basis: application clocks equal their defaults
[env] NVIDIA H200 (sm_90) | 132 SM | warp 32 | smem 232448 B | regs/SM 65536 | threads/SM 2048 | L2 60 MB | HBM 139 GB | torch 2.11.0+cu130 triton 3.6.0 cuda 13.0
[preflight] 2026-08-05 16:11:06 | baseline_elementwise=ok, tl_dot_bf16=ok, warp_specialize_tl_range=ok, warp_specialize_num_consumer_groups=no, tma_host_descriptor=ok, tma_device_descriptor=ok, thread_block_cluster_num_ctas=ok
[preflight] timer tick 0.032 us | launch 9.023999529225486 us | L2 60 MB
[smem] ceiling 232448 B | staging model max(2, num_stages - 0) * 2*BK*(BM+BN) (fitted to 5 preflight smem_probe observations)
[hopper] NVIDIA H200 (sm_90) gpu=b2318e71 | tma=True(device) ws=True(range) clusters=True wgmma=True | src preflight | probe skipped
[mem] w13 + w2 + folded w13: need 30.00 GB, free 139.29 GB of 139.80 GB -> ok

===== decode_bs1 =====
  [cfgs] oproj gemm         tile sweep    0.1570 ms (46 cfgs, 0 fail)
  [cfgs] oproj gemm            0.1453 ms  (37 cfgs tried)  {'BLOCK_M': 128, 'BLOCK_N': 64, 'BLOCK_K': 128, 'GROUP_M': 1, 'num_warps': 4, 'num_stages': 4}
  [cfgs] oproj gemm+res     tile sweep    0.1576 ms (46 cfgs, 0 fail)
  [cfgs] oproj gemm+res        0.1173 ms  (39 cfgs tried)  {'BLOCK_M': 16, 'BLOCK_N': 64, 'BLOCK_K': 128, 'GROUP_M': 16, 'num_warps': 2, 'num_stages': 4}
  [cfgs] oproj epi             0.0074 ms  (12 cfgs tried)  {'BLOCK': 512, 'num_warps': 8, 'num_stages': 2}
  [cfgs] add                   0.0151 ms  (16 cfgs tried)  {'ROWS': 8, 'BLOCK_N': 256, 'num_warps': 32, 'num_stages': 2, 'grid_cap': None, 'eps': 1e-05}
  [cfgs] rmsnorm               0.0122 ms  (16 cfgs tried)  {'ROWS': 1, 'BLOCK_N': 2048, 'num_warps': 32, 'num_stages': 2, 'grid_cap': None, 'eps': 1e-05}
  [cfgs] add+rmsnorm           0.0353 ms  (16 cfgs tried)  {'ROWS': 8, 'BLOCK_N': 256, 'num_warps': 32, 'num_stages': 4, 'grid_cap': None, 'eps': 1e-05}
  [cfgs] router gemm           0.0250 ms  (30 cfgs tried)  {'BLOCK_M': 64, 'BLOCK_K': 128, 'BLOCK_E': 64, 'num_warps': 4, 'num_stages': 4}
  [cfgs] topk                  0.0219 ms  (17 cfgs tried)  {'BLOCK_M': 16, 'BLOCK_K': 32, 'BLOCK_E': 256, 'num_warps': 8, 'num_stages': 2}
  [cfgs] f5 norm+router        0.0490 ms  (30 cfgs tried)  {'BLOCK_M': 16, 'BLOCK_K': 128, 'BLOCK_E': 64, 'num_warps': 8, 'num_stages': 4}
  [cfgs] f4 add+norm+rt        0.0521 ms  (30 cfgs tried)  {'BLOCK_M': 16, 'BLOCK_K': 128, 'BLOCK_E': 64, 'num_warps': 8, 'num_stages': 4}
  [cfgs] w13 gemm           tile sweep    0.1054 ms (46 cfgs, 0 fail)
  [cfgs] w13 gemm              0.1046 ms  (39 cfgs tried)  {'BLOCK_M': 16, 'BLOCK_N': 128, 'BLOCK_K': 128, 'GROUP_M': 16, 'num_warps': 8, 'num_stages': 3}
  [cfgs] w13+swiglu         tile sweep    0.1052 ms (41 cfgs, 0 fail)
  [cfgs] w13+swiglu            0.1044 ms  (37 cfgs tried)  {'BLOCK_M': 16, 'BLOCK_N': 64, 'BLOCK_K': 128, 'GROUP_M': 8, 'num_warps': 4, 'num_stages': 3}
  [cfgs] silu_and_mul          0.0112 ms  (17 cfgs tried)  {'BLOCK_M': 64, 'BLOCK_N': 1024, 'num_warps': 32, 'num_stages': 1}
  [cfgs] w2 gemm            tile sweep    0.0620 ms (46 cfgs, 0 fail)
  [cfgs] w2 gemm               0.0612 ms  (39 cfgs tried)  {'BLOCK_M': 16, 'BLOCK_N': 128, 'BLOCK_K': 128, 'GROUP_M': 4, 'num_warps': 8, 'num_stages': 2}
  [cfgs] w2+merge(atomic)   tile sweep    0.0625 ms (46 cfgs, 0 fail)
/home/guancheng/zsh/fusion/glm52_h200/kernels/moe_down_merge.py:566:50: error: operand #0 does not dominate this use
    safe_token = tl.where(token_mask, offs_token, 0)
                                                 ^
/home/guancheng/zsh/fusion/glm52_h200/kernels/moe_down_merge.py:631:36: note: operand defined here (op in the same block)
    c_mask = token_mask[:, None] & (offs_cn[None, :] < N)
                                   ^
module {
  tt.func public @moe_down_kernel(%arg0: !tt.ptr<bf16> {tt.divisibility = 16 : i32}, %arg1: !tt.ptr<bf16> {tt.divisibility = 16 : i32}, %arg2: !tt.ptr<bf16> {tt.divisibility = 16 : i32}, %arg3: !tt.ptr<f32> {tt.divisibility = 16 : i32}, %arg4: !tt.ptr<i32> {tt.divisibility = 16 : i32}, %arg5: !tt.ptr<i32> {tt.divisibility = 16 : i32}, %arg6: !tt.ptr<i32> {tt.divisibility = 16 : i32}, %arg7: i32 {tt.divisibility = 16 : i32}, %arg8: i32 {tt.divisibility = 16 : i32}, %arg9: i32, %arg10: i32, %arg11: i32 {tt.divisibility = 16 : i32}, %arg12: i32 {tt.divisibility = 16 : i32}, %arg13: i32 {tt.divisibility = 16 : i32}, %arg14: i32 {tt.divisibility = 16 : i32}, %arg15: i32 {tt.divisibility = 16 : i32}) attributes {noinline = false} {
    %cst = arith.constant dense<0.000000e+00> : tensor<64x128xbf16>
    %cst_0 = arith.constant dense<0.000000e+00> : tensor<64x64xf32>
    %c63_i32 = arith.constant 63 : i32
    %c128_i32 = arith.constant 128 : i32
    %c0_i32 = arith.constant 0 : i32
    %cst_1 = arith.constant dense<8> : tensor<64xi64>
    %cst_2 = arith.constant dense<0.000000e+00> : tensor<64xf32>
    %cst_3 = arith.constant dense<128> : tensor<128x64xi32>
    %cst_4 = arith.constant dense<128> : tensor<64x128xi32>
    %cst_5 = arith.constant dense<0> : tensor<64xi64>
    %c64_i32 = arith.constant 64 : i32
    %c8_i32 = arith.constant 8 : i32
    %0 = tt.get_program_id x : i32
    %1 = arith.addi %arg9, %c63_i32 : i32
    %2 = arith.divsi %1, %c64_i32 : i32
    %3 = arith.addi %arg7, %c63_i32 : i32
    %4 = arith.divsi %3, %c64_i32 : i32
    %5 = arith.muli %4, %c8_i32 : i32
    %6 = arith.divsi %0, %5 : i32
    %7 = arith.muli %6, %c8_i32 : i32
    %8 = arith.subi %2, %7 : i32
    %9 = arith.minsi %8, %c8_i32 : i32
    %10 = arith.remsi %0, %5 : i32
    %11 = arith.remsi %10, %9 : i32
    %12 = arith.addi %7, %11 : i32
    %13 = arith.divsi %10, %9 : i32
    %14 = tt.load %arg6 : !tt.ptr<i32>
    %15 = arith.muli %12, %c64_i32 : i32
    %16 = arith.cmpi sge, %15, %14 : i32
    cf.cond_br %16, ^bb1, ^bb2
  ^bb1:  // pred: ^bb0
    tt.return
  ^bb2:  // pred: ^bb0
    %17 = tt.make_range {end = 64 : i32, start = 0 : i32} : tensor<64xi32>
    %18 = arith.extsi %17 : tensor<64xi32> to tensor<64xi64>
    %19 = arith.extsi %15 : i32 to i64
    %20 = tt.splat %19 : i64 -> tensor<64xi64>
    %21 = arith.addi %20, %18 : tensor<64xi64>
    %22 = tt.splat %arg4 : !tt.ptr<i32> -> tensor<64x!tt.ptr<i32>>
    %23 = tt.addptr %22, %21 : tensor<64x!tt.ptr<i32>>, tensor<64xi64>
    %24 = tt.load %23 : tensor<64x!tt.ptr<i32>>
    %25 = arith.extsi %24 : tensor<64xi32> to tensor<64xi64>
    %26 = arith.extsi %arg10 : i32 to i64
    %27 = tt.splat %26 : i64 -> tensor<64xi64>
    %28 = arith.cmpi slt, %25, %27 : tensor<64xi64>
    %29 = arith.select %28, %25, %cst_5 : tensor<64xi1>, tensor<64xi64>
    %30 = tt.addptr %arg5, %12 : !tt.ptr<i32>, i32
    %31 = tt.load %30 : !tt.ptr<i32>
    %32 = arith.extsi %31 : i32 to i64
    %33 = arith.muli %13, %c64_i32 : i32
    %34 = arith.extsi %33 : i32 to i64
    %35 = tt.splat %34 : i64 -> tensor<64xi64>
    %36 = arith.addi %35, %18 : tensor<64xi64>
    %37 = arith.extsi %arg7 : i32 to i64
    %38 = tt.splat %37 : i64 -> tensor<64xi64>
    %39 = arith.remsi %36, %38 : tensor<64xi64>
    %40 = tt.make_range {end = 128 : i32, start = 0 : i32} : tensor<128xi32>
    %41 = tt.expand_dims %29 {axis = 1 : i32} : tensor<64xi64> -> tensor<64x1xi64>
    %42 = arith.extsi %arg12 : i32 to i64
    %43 = tt.splat %42 : i64 -> tensor<64x1xi64>
    %44 = arith.muli %41, %43 : tensor<64x1xi64>
    %45 = tt.expand_dims %40 {axis = 0 : i32} : tensor<128xi32> -> tensor<1x128xi32>
    %46 = arith.extsi %45 : tensor<1x128xi32> to tensor<1x128xi64>
    %47 = tt.broadcast %44 : tensor<64x1xi64> -> tensor<64x128xi64>
    %48 = tt.broadcast %46 : tensor<1x128xi64> -> tensor<64x128xi64>
    %49 = arith.addi %47, %48 : tensor<64x128xi64>
    %50 = tt.splat %arg0 : !tt.ptr<bf16> -> tensor<64x128x!tt.ptr<bf16>>
    %51 = tt.addptr %50, %49 : tensor<64x128x!tt.ptr<bf16>>, tensor<64x128xi64>
    %52 = arith.extsi %arg13 : i32 to i64
    %53 = arith.muli %32, %52 : i64
    %54 = tt.addptr %arg1, %53 : !tt.ptr<bf16>, i64
    %55 = tt.expand_dims %40 {axis = 1 : i32} : tensor<128xi32> -> tensor<128x1xi32>
    %56 = tt.expand_dims %39 {axis = 0 : i32} : tensor<64xi64> -> tensor<1x64xi64>
    %57 = arith.extsi %arg14 : i32 to i64
    %58 = tt.splat %57 : i64 -> tensor<1x64xi64>
    %59 = arith.muli %56, %58 : tensor<1x64xi64>
    %60 = arith.extsi %55 : tensor<128x1xi32> to tensor<128x1xi64>
    %61 = tt.broadcast %60 : tensor<128x1xi64> -> tensor<128x64xi64>
    %62 = tt.broadcast %59 : tensor<1x64xi64> -> tensor<128x64xi64>
    %63 = arith.addi %61, %62 : tensor<128x64xi64>
    %64 = tt.splat %54 : !tt.ptr<bf16> -> tensor<128x64x!tt.ptr<bf16>>
    %65 = tt.addptr %64, %63 : tensor<128x64x!tt.ptr<bf16>>, tensor<128x64xi64>
    %66:3 = scf.for %arg16 = %c0_i32 to %arg8 step %c128_i32 iter_args(%arg17 = %51, %arg18 = %65, %arg19 = %cst_0) -> (tensor<64x128x!tt.ptr<bf16>>, tensor<128x64x!tt.ptr<bf16>>, tensor<64x64xf32>)  : i32 {
      %94 = tt.expand_dims %28 {axis = 1 : i32} : tensor<64xi1> -> tensor<64x1xi1>
      %95 = tt.broadcast %94 : tensor<64x1xi1> -> tensor<64x128xi1>
      %96 = tt.load %arg17, %95, %cst : tensor<64x128x!tt.ptr<bf16>>
      %97 = tt.load %arg18 : tensor<128x64x!tt.ptr<bf16>>
      %98 = tt.dot %96, %97, %arg19, inputPrecision = tf32 : tensor<64x128xbf16> * tensor<128x64xbf16> -> tensor<64x64xf32>
      %99 = tt.addptr %arg17, %cst_4 : tensor<64x128x!tt.ptr<bf16>>, tensor<64x128xi32>
      %100 = tt.addptr %arg18, %cst_3 : tensor<128x64x!tt.ptr<bf16>>, tensor<128x64xi32>
      scf.yield %99, %100, %98 : tensor<64x128x!tt.ptr<bf16>>, tensor<128x64x!tt.ptr<bf16>>, tensor<64x64xf32>
    }
    %67 = tt.splat %arg3 : !tt.ptr<f32> -> tensor<64x!tt.ptr<f32>>
    %68 = tt.addptr %67, %29 : tensor<64x!tt.ptr<f32>>, tensor<64xi64>
    %69 = tt.load %68, %28, %cst_2 : tensor<64x!tt.ptr<f32>>
    %70 = tt.expand_dims %69 {axis = 1 : i32} : tensor<64xf32> -> tensor<64x1xf32>
    %71 = tt.broadcast %70 : tensor<64x1xf32> -> tensor<64x64xf32>
    %72 = arith.mulf %66#2, %71 : tensor<64x64xf32>
    %73 = arith.truncf %72 : tensor<64x64xf32> to tensor<64x64xbf16>
    %74 = tt.splat %33 : i32 -> tensor<64xi32>
    %75 = arith.addi %74, %17 : tensor<64xi32>
    %76 = tt.expand_dims %28 {axis = 1 : i32} : tensor<64xi1> -> tensor<64x1xi1>
    %77 = tt.expand_dims %75 {axis = 0 : i32} : tensor<64xi32> -> tensor<1x64xi32>
    %78 = tt.splat %arg7 : i32 -> tensor<1x64xi32>
    %79 = arith.cmpi slt, %77, %78 : tensor<1x64xi32>
    %80 = tt.broadcast %76 : tensor<64x1xi1> -> tensor<64x64xi1>
    %81 = tt.broadcast %79 : tensor<1x64xi1> -> tensor<64x64xi1>
    %82 = arith.andi %80, %81 : tensor<64x64xi1>
    %83 = arith.divsi %29, %cst_1 : tensor<64xi64>
    %84 = tt.expand_dims %83 {axis = 1 : i32} : tensor<64xi64> -> tensor<64x1xi64>
    %85 = arith.extsi %arg15 : i32 to i64
    %86 = tt.splat %85 : i64 -> tensor<64x1xi64>
    %87 = arith.muli %86, %84 : tensor<64x1xi64>
    %88 = tt.splat %arg2 : !tt.ptr<bf16> -> tensor<64x1x!tt.ptr<bf16>>
    %89 = tt.addptr %88, %87 : tensor<64x1x!tt.ptr<bf16>>, tensor<64x1xi64>
    %90 = tt.broadcast %89 : tensor<64x1x!tt.ptr<bf16>> -> tensor<64x64x!tt.ptr<bf16>>
    %91 = tt.broadcast %77 : tensor<1x64xi32> -> tensor<64x64xi32>
    %92 = tt.addptr %90, %91 : tensor<64x64x!tt.ptr<bf16>>, tensor<64x64xi32>
    %93 = tt.atomic_rmw fadd, acq_rel, gpu, %92, %73, %82 : (tensor<64x64x!tt.ptr<bf16>>, tensor<64x64xbf16>, tensor<64x64xi1>) -> tensor<64x64xbf16>
    tt.return
  }
}

{-#
  external_resources: {
    mlir_reproducer: {
      pipeline: "builtin.module(convert-triton-to-tritongpu{enable-source-remat=false num-ctas=1 num-warps=2 target=cuda:90 threads-per-warp=32}, tritongpu-coalesce, tritongpu-F32DotTC{emu-tf32=true}, triton-nvidia-gpu-plan-cta, tritongpu-remove-layout-conversions, tritongpu-optimize-thread-locality, tritongpu-accelerate-matmul, tritongpu-remove-layout-conversions, tritongpu-optimize-dot-operands{hoist-layout-conversion=true}, triton-nvidia-optimize-descriptor-encoding, triton-loop-aware-cse, tritongpu-fuse-nested-loops, canonicalize{  max-iterations=10 max-num-rewrites=-1 region-simplify=normal test-convergence=false top-down=true}, triton-licm, canonicalize{  max-iterations=10 max-num-rewrites=-1 region-simplify=normal test-convergence=false top-down=true}, tritongpu-combine-tensor-select-and-if, nvgpu-warp-specialization{dump-intermediate-steps=false num-stages=3}, tritongpu-assign-latencies{num-stages=3}, tritongpu-schedule-loops, tritongpu-pipeline{dump-intermediate-steps=false num-stages=3}, canonicalize{  max-iterations=10 max-num-rewrites=-1 region-simplify=normal test-convergence=false top-down=true}, triton-loop-aware-cse, tritongpu-prefetch, tritongpu-optimize-dot-operands{hoist-layout-conversion=true}, tritongpu-coalesce-async-copy, triton-nvidia-optimize-tmem-layouts, triton-nvidia-tma-lowering, tritongpu-remove-layout-conversions, triton-nvidia-interleave-tmem, tritongpu-reduce-data-duplication, tritongpu-reorder-instructions, triton-loop-aware-cse, symbol-dce, triton-nvidia-gpu-fence-insertion{compute-capability=90}, triton-nvidia-mma-lowering, sccp, cse, canonicalize{  max-iterations=10 max-num-rewrites=-1 region-simplify=normal test-convergence=false top-down=true})",
      disable_threading: true,
      verify_each: true
    }
  }
#-}
/home/guancheng/zsh/fusion/glm52_h200/kernels/moe_down_merge.py:506:0: error: Failures have been detected while processing an MLIR pass pipeline
/home/guancheng/zsh/fusion/glm52_h200/kernels/moe_down_merge.py:506:0: note: Pipeline failed while executing [`TritonGPURemoveLayoutConversions` on 'builtin.module' operation]: reproducer generated at `std::errs, please share the reproducer above with Triton project.`
/home/guancheng/zsh/fusion/glm52_h200/kernels/moe_down_merge.py:566:50: error: operand #0 does not dominate this use
    safe_token = tl.where(token_mask, offs_token, 0)
                                                 ^
/home/guancheng/zsh/fusion/glm52_h200/kernels/moe_down_merge.py:631:36: note: operand defined here (op in the same block)
    c_mask = token_mask[:, None] & (offs_cn[None, :] < N)
                                   ^
module {
  tt.func public @moe_down_kernel(%arg0: !tt.ptr<bf16> {tt.divisibility = 16 : i32}, %arg1: !tt.ptr<bf16> {tt.divisibility = 16 : i32}, %arg2: !tt.ptr<bf16> {tt.divisibility = 16 : i32}, %arg3: !tt.ptr<f32> {tt.divisibility = 16 : i32}, %arg4: !tt.ptr<i32> {tt.divisibility = 16 : i32}, %arg5: !tt.ptr<i32> {tt.divisibility = 16 : i32}, %arg6: !tt.ptr<i32> {tt.divisibility = 16 : i32}, %arg7: i32 {tt.divisibility = 16 : i32}, %arg8: i32 {tt.divisibility = 16 : i32}, %arg9: i32, %arg10: i32, %arg11: i32 {tt.divisibility = 16 : i32}, %arg12: i32 {tt.divisibility = 16 : i32}, %arg13: i32 {tt.divisibility = 16 : i32}, %arg14: i32 {tt.divisibility = 16 : i32}, %arg15: i32 {tt.divisibility = 16 : i32}) attributes {noinline = false} {
    %cst = arith.constant dense<0.000000e+00> : tensor<128x128xbf16>
    %cst_0 = arith.constant dense<0.000000e+00> : tensor<128x64xf32>
    %c63_i32 = arith.constant 63 : i32
    %c127_i32 = arith.constant 127 : i32
    %c0_i32 = arith.constant 0 : i32
    %cst_1 = arith.constant dense<8> : tensor<128xi64>
    %cst_2 = arith.constant dense<0.000000e+00> : tensor<128xf32>
    %cst_3 = arith.constant dense<128> : tensor<128x64xi32>
    %cst_4 = arith.constant dense<128> : tensor<128x128xi32>
    %c64_i32 = arith.constant 64 : i32
    %cst_5 = arith.constant dense<0> : tensor<128xi64>
    %c128_i32 = arith.constant 128 : i32
    %c8_i32 = arith.constant 8 : i32
    %0 = tt.get_program_id x : i32
    %1 = arith.addi %arg9, %c127_i32 : i32
    %2 = arith.divsi %1, %c128_i32 : i32
    %3 = arith.addi %arg7, %c63_i32 : i32
    %4 = arith.divsi %3, %c64_i32 : i32
    %5 = arith.muli %4, %c8_i32 : i32
    %6 = arith.divsi %0, %5 : i32
    %7 = arith.muli %6, %c8_i32 : i32
    %8 = arith.subi %2, %7 : i32
    %9 = arith.minsi %8, %c8_i32 : i32
    %10 = arith.remsi %0, %5 : i32
    %11 = arith.remsi %10, %9 : i32
    %12 = arith.addi %7, %11 : i32
    %13 = arith.divsi %10, %9 : i32
    %14 = tt.load %arg6 : !tt.ptr<i32>
    %15 = arith.muli %12, %c128_i32 : i32
    %16 = arith.cmpi sge, %15, %14 : i32
    cf.cond_br %16, ^bb1, ^bb2
  ^bb1:  // pred: ^bb0
    tt.return
  ^bb2:  // pred: ^bb0
    %17 = tt.make_range {end = 128 : i32, start = 0 : i32} : tensor<128xi32>
    %18 = arith.extsi %17 : tensor<128xi32> to tensor<128xi64>
    %19 = arith.extsi %15 : i32 to i64
    %20 = tt.splat %19 : i64 -> tensor<128xi64>
    %21 = arith.addi %20, %18 : tensor<128xi64>
    %22 = tt.splat %arg4 : !tt.ptr<i32> -> tensor<128x!tt.ptr<i32>>
    %23 = tt.addptr %22, %21 : tensor<128x!tt.ptr<i32>>, tensor<128xi64>
    %24 = tt.load %23 : tensor<128x!tt.ptr<i32>>
    %25 = arith.extsi %24 : tensor<128xi32> to tensor<128xi64>
    %26 = arith.extsi %arg10 : i32 to i64
    %27 = tt.splat %26 : i64 -> tensor<128xi64>
    %28 = arith.cmpi slt, %25, %27 : tensor<128xi64>
    %29 = arith.select %28, %25, %cst_5 : tensor<128xi1>, tensor<128xi64>
    %30 = tt.addptr %arg5, %12 : !tt.ptr<i32>, i32
    %31 = tt.load %30 : !tt.ptr<i32>
    %32 = arith.extsi %31 : i32 to i64
    %33 = arith.muli %13, %c64_i32 : i32
    %34 = tt.make_range {end = 64 : i32, start = 0 : i32} : tensor<64xi32>
    %35 = arith.extsi %34 : tensor<64xi32> to tensor<64xi64>
    %36 = arith.extsi %33 : i32 to i64
    %37 = tt.splat %36 : i64 -> tensor<64xi64>
    %38 = arith.addi %37, %35 : tensor<64xi64>
    %39 = arith.extsi %arg7 : i32 to i64
    %40 = tt.splat %39 : i64 -> tensor<64xi64>
    %41 = arith.remsi %38, %40 : tensor<64xi64>
    %42 = tt.expand_dims %29 {axis = 1 : i32} : tensor<128xi64> -> tensor<128x1xi64>
    %43 = arith.extsi %arg12 : i32 to i64
    %44 = tt.splat %43 : i64 -> tensor<128x1xi64>
    %45 = arith.muli %42, %44 : tensor<128x1xi64>
    %46 = tt.expand_dims %17 {axis = 0 : i32} : tensor<128xi32> -> tensor<1x128xi32>
    %47 = arith.extsi %46 : tensor<1x128xi32> to tensor<1x128xi64>
    %48 = tt.broadcast %45 : tensor<128x1xi64> -> tensor<128x128xi64>
    %49 = tt.broadcast %47 : tensor<1x128xi64> -> tensor<128x128xi64>
    %50 = arith.addi %48, %49 : tensor<128x128xi64>
    %51 = tt.splat %arg0 : !tt.ptr<bf16> -> tensor<128x128x!tt.ptr<bf16>>
    %52 = tt.addptr %51, %50 : tensor<128x128x!tt.ptr<bf16>>, tensor<128x128xi64>
    %53 = arith.extsi %arg13 : i32 to i64
    %54 = arith.muli %32, %53 : i64
    %55 = tt.addptr %arg1, %54 : !tt.ptr<bf16>, i64
    %56 = tt.expand_dims %17 {axis = 1 : i32} : tensor<128xi32> -> tensor<128x1xi32>
    %57 = tt.expand_dims %41 {axis = 0 : i32} : tensor<64xi64> -> tensor<1x64xi64>
    %58 = arith.extsi %arg14 : i32 to i64
    %59 = tt.splat %58 : i64 -> tensor<1x64xi64>
    %60 = arith.muli %57, %59 : tensor<1x64xi64>
    %61 = arith.extsi %56 : tensor<128x1xi32> to tensor<128x1xi64>
    %62 = tt.broadcast %61 : tensor<128x1xi64> -> tensor<128x64xi64>
    %63 = tt.broadcast %60 : tensor<1x64xi64> -> tensor<128x64xi64>
    %64 = arith.addi %62, %63 : tensor<128x64xi64>
    %65 = tt.splat %55 : !tt.ptr<bf16> -> tensor<128x64x!tt.ptr<bf16>>
    %66 = tt.addptr %65, %64 : tensor<128x64x!tt.ptr<bf16>>, tensor<128x64xi64>
    %67:3 = scf.for %arg16 = %c0_i32 to %arg8 step %c128_i32 iter_args(%arg17 = %52, %arg18 = %66, %arg19 = %cst_0) -> (tensor<128x128x!tt.ptr<bf16>>, tensor<128x64x!tt.ptr<bf16>>, tensor<128x64xf32>)  : i32 {
      %95 = tt.expand_dims %28 {axis = 1 : i32} : tensor<128xi1> -> tensor<128x1xi1>
      %96 = tt.broadcast %95 : tensor<128x1xi1> -> tensor<128x128xi1>
      %97 = tt.load %arg17, %96, %cst : tensor<128x128x!tt.ptr<bf16>>
      %98 = tt.load %arg18 : tensor<128x64x!tt.ptr<bf16>>
      %99 = tt.dot %97, %98, %arg19, inputPrecision = tf32 : tensor<128x128xbf16> * tensor<128x64xbf16> -> tensor<128x64xf32>
      %100 = tt.addptr %arg17, %cst_4 : tensor<128x128x!tt.ptr<bf16>>, tensor<128x128xi32>
      %101 = tt.addptr %arg18, %cst_3 : tensor<128x64x!tt.ptr<bf16>>, tensor<128x64xi32>
      scf.yield %100, %101, %99 : tensor<128x128x!tt.ptr<bf16>>, tensor<128x64x!tt.ptr<bf16>>, tensor<128x64xf32>
    }
    %68 = tt.splat %arg3 : !tt.ptr<f32> -> tensor<128x!tt.ptr<f32>>
    %69 = tt.addptr %68, %29 : tensor<128x!tt.ptr<f32>>, tensor<128xi64>
    %70 = tt.load %69, %28, %cst_2 : tensor<128x!tt.ptr<f32>>
    %71 = tt.expand_dims %70 {axis = 1 : i32} : tensor<128xf32> -> tensor<128x1xf32>
    %72 = tt.broadcast %71 : tensor<128x1xf32> -> tensor<128x64xf32>
    %73 = arith.mulf %67#2, %72 : tensor<128x64xf32>
    %74 = arith.truncf %73 : tensor<128x64xf32> to tensor<128x64xbf16>
    %75 = tt.splat %33 : i32 -> tensor<64xi32>
    %76 = arith.addi %75, %34 : tensor<64xi32>
    %77 = tt.expand_dims %28 {axis = 1 : i32} : tensor<128xi1> -> tensor<128x1xi1>
    %78 = tt.expand_dims %76 {axis = 0 : i32} : tensor<64xi32> -> tensor<1x64xi32>
    %79 = tt.splat %arg7 : i32 -> tensor<1x64xi32>
    %80 = arith.cmpi slt, %78, %79 : tensor<1x64xi32>
    %81 = tt.broadcast %77 : tensor<128x1xi1> -> tensor<128x64xi1>
    %82 = tt.broadcast %80 : tensor<1x64xi1> -> tensor<128x64xi1>
    %83 = arith.andi %81, %82 : tensor<128x64xi1>
    %84 = arith.divsi %29, %cst_1 : tensor<128xi64>
    %85 = tt.expand_dims %84 {axis = 1 : i32} : tensor<128xi64> -> tensor<128x1xi64>
    %86 = arith.extsi %arg15 : i32 to i64
    %87 = tt.splat %86 : i64 -> tensor<128x1xi64>
    %88 = arith.muli %87, %85 : tensor<128x1xi64>
    %89 = tt.splat %arg2 : !tt.ptr<bf16> -> tensor<128x1x!tt.ptr<bf16>>
    %90 = tt.addptr %89, %88 : tensor<128x1x!tt.ptr<bf16>>, tensor<128x1xi64>
    %91 = tt.broadcast %90 : tensor<128x1x!tt.ptr<bf16>> -> tensor<128x64x!tt.ptr<bf16>>
    %92 = tt.broadcast %78 : tensor<1x64xi32> -> tensor<128x64xi32>
    %93 = tt.addptr %91, %92 : tensor<128x64x!tt.ptr<bf16>>, tensor<128x64xi32>
    %94 = tt.atomic_rmw fadd, acq_rel, gpu, %93, %74, %83 : (tensor<128x64x!tt.ptr<bf16>>, tensor<128x64xbf16>, tensor<128x64xi1>) -> tensor<128x64xbf16>
    tt.return
  }
}

{-#
  external_resources: {
    mlir_reproducer: {
      pipeline: "builtin.module(convert-triton-to-tritongpu{enable-source-remat=false num-ctas=1 num-warps=4 target=cuda:90 threads-per-warp=32}, tritongpu-coalesce, tritongpu-F32DotTC{emu-tf32=true}, triton-nvidia-gpu-plan-cta, tritongpu-remove-layout-conversions, tritongpu-optimize-thread-locality, tritongpu-accelerate-matmul, tritongpu-remove-layout-conversions, tritongpu-optimize-dot-operands{hoist-layout-conversion=true}, triton-nvidia-optimize-descriptor-encoding, triton-loop-aware-cse, tritongpu-fuse-nested-loops, canonicalize{  max-iterations=10 max-num-rewrites=-1 region-simplify=normal test-convergence=false top-down=true}, triton-licm, canonicalize{  max-iterations=10 max-num-rewrites=-1 region-simplify=normal test-convergence=false top-down=true}, tritongpu-combine-tensor-select-and-if, nvgpu-warp-specialization{dump-intermediate-steps=false num-stages=3}, tritongpu-assign-latencies{num-stages=3}, tritongpu-schedule-loops, tritongpu-pipeline{dump-intermediate-steps=false num-stages=3}, canonicalize{  max-iterations=10 max-num-rewrites=-1 region-simplify=normal test-convergence=false top-down=true}, triton-loop-aware-cse, tritongpu-prefetch, tritongpu-optimize-dot-operands{hoist-layout-conversion=true}, tritongpu-coalesce-async-copy, triton-nvidia-optimize-tmem-layouts, triton-nvidia-tma-lowering, tritongpu-remove-layout-conversions, triton-nvidia-interleave-tmem, tritongpu-reduce-data-duplication, tritongpu-reorder-instructions, triton-loop-aware-cse, symbol-dce, triton-nvidia-gpu-fence-insertion{compute-capability=90}, triton-nvidia-mma-lowering, sccp, cse, canonicalize{  max-iterations=10 max-num-rewrites=-1 region-simplify=normal test-convergence=false top-down=true})",
      disable_threading: true,
      verify_each: true
    }
  }
#-}
/home/guancheng/zsh/fusion/glm52_h200/kernels/moe_down_merge.py:506:0: error: Failures have been detected while processing an MLIR pass pipeline
/home/guancheng/zsh/fusion/glm52_h200/kernels/moe_down_merge.py:506:0: note: Pipeline failed while executing [`TritonGPURemoveLayoutConversions` on 'builtin.module' operation]: reproducer generated at `std::errs, please share the reproducer above with Triton project.`
/home/guancheng/zsh/fusion/glm52_h200/kernels/moe_down_merge.py:566:50: error: operand #0 does not dominate this use
    safe_token = tl.where(token_mask, offs_token, 0)
                                                 ^
/home/guancheng/zsh/fusion/glm52_h200/kernels/moe_down_merge.py:631:36: note: operand defined here (op in the same block)
    c_mask = token_mask[:, None] & (offs_cn[None, :] < N)
                                   ^
module {
  tt.func public @moe_down_kernel(%arg0: !tt.ptr<bf16> {tt.divisibility = 16 : i32}, %arg1: !tt.ptr<bf16> {tt.divisibility = 16 : i32}, %arg2: !tt.ptr<bf16> {tt.divisibility = 16 : i32}, %arg3: !tt.ptr<f32> {tt.divisibility = 16 : i32}, %arg4: !tt.ptr<i32> {tt.divisibility = 16 : i32}, %arg5: !tt.ptr<i32> {tt.divisibility = 16 : i32}, %arg6: !tt.ptr<i32> {tt.divisibility = 16 : i32}, %arg7: i32 {tt.divisibility = 16 : i32}, %arg8: i32 {tt.divisibility = 16 : i32}, %arg9: i32, %arg10: i32, %arg11: i32 {tt.divisibility = 16 : i32}, %arg12: i32 {tt.divisibility = 16 : i32}, %arg13: i32 {tt.divisibility = 16 : i32}, %arg14: i32 {tt.divisibility = 16 : i32}, %arg15: i32 {tt.divisibility = 16 : i32}) attributes {noinline = false} {
    %cst = arith.constant dense<0.000000e+00> : tensor<64x128xbf16>
    %cst_0 = arith.constant dense<0.000000e+00> : tensor<64x64xf32>
    %c63_i32 = arith.constant 63 : i32
    %c128_i32 = arith.constant 128 : i32
    %c0_i32 = arith.constant 0 : i32
    %cst_1 = arith.constant dense<8> : tensor<64xi64>
    %cst_2 = arith.constant dense<0.000000e+00> : tensor<64xf32>
    %cst_3 = arith.constant dense<128> : tensor<128x64xi32>
    %cst_4 = arith.constant dense<128> : tensor<64x128xi32>
    %cst_5 = arith.constant dense<0> : tensor<64xi64>
    %c64_i32 = arith.constant 64 : i32
    %c8_i32 = arith.constant 8 : i32
    %0 = tt.get_program_id x : i32
    %1 = arith.addi %arg9, %c63_i32 : i32
    %2 = arith.divsi %1, %c64_i32 : i32
    %3 = arith.addi %arg7, %c63_i32 : i32
    %4 = arith.divsi %3, %c64_i32 : i32
    %5 = arith.muli %4, %c8_i32 : i32
    %6 = arith.divsi %0, %5 : i32
    %7 = arith.muli %6, %c8_i32 : i32
    %8 = arith.subi %2, %7 : i32
    %9 = arith.minsi %8, %c8_i32 : i32
    %10 = arith.remsi %0, %5 : i32
    %11 = arith.remsi %10, %9 : i32
    %12 = arith.addi %7, %11 : i32
    %13 = arith.divsi %10, %9 : i32
    %14 = tt.load %arg6 : !tt.ptr<i32>
    %15 = arith.muli %12, %c64_i32 : i32
    %16 = arith.cmpi sge, %15, %14 : i32
    cf.cond_br %16, ^bb1, ^bb2
  ^bb1:  // pred: ^bb0
    tt.return
  ^bb2:  // pred: ^bb0
    %17 = tt.make_range {end = 64 : i32, start = 0 : i32} : tensor<64xi32>
    %18 = arith.extsi %17 : tensor<64xi32> to tensor<64xi64>
    %19 = arith.extsi %15 : i32 to i64
    %20 = tt.splat %19 : i64 -> tensor<64xi64>
    %21 = arith.addi %20, %18 : tensor<64xi64>
    %22 = tt.splat %arg4 : !tt.ptr<i32> -> tensor<64x!tt.ptr<i32>>
    %23 = tt.addptr %22, %21 : tensor<64x!tt.ptr<i32>>, tensor<64xi64>
    %24 = tt.load %23 : tensor<64x!tt.ptr<i32>>
    %25 = arith.extsi %24 : tensor<64xi32> to tensor<64xi64>
    %26 = arith.extsi %arg10 : i32 to i64
    %27 = tt.splat %26 : i64 -> tensor<64xi64>
    %28 = arith.cmpi slt, %25, %27 : tensor<64xi64>
    %29 = arith.select %28, %25, %cst_5 : tensor<64xi1>, tensor<64xi64>
    %30 = tt.addptr %arg5, %12 : !tt.ptr<i32>, i32
    %31 = tt.load %30 : !tt.ptr<i32>
    %32 = arith.extsi %31 : i32 to i64
    %33 = arith.muli %13, %c64_i32 : i32
    %34 = arith.extsi %33 : i32 to i64
    %35 = tt.splat %34 : i64 -> tensor<64xi64>
    %36 = arith.addi %35, %18 : tensor<64xi64>
    %37 = arith.extsi %arg7 : i32 to i64
    %38 = tt.splat %37 : i64 -> tensor<64xi64>
    %39 = arith.remsi %36, %38 : tensor<64xi64>
    %40 = tt.make_range {end = 128 : i32, start = 0 : i32} : tensor<128xi32>
    %41 = tt.expand_dims %29 {axis = 1 : i32} : tensor<64xi64> -> tensor<64x1xi64>
    %42 = arith.extsi %arg12 : i32 to i64
    %43 = tt.splat %42 : i64 -> tensor<64x1xi64>
    %44 = arith.muli %41, %43 : tensor<64x1xi64>
    %45 = tt.expand_dims %40 {axis = 0 : i32} : tensor<128xi32> -> tensor<1x128xi32>
    %46 = arith.extsi %45 : tensor<1x128xi32> to tensor<1x128xi64>
    %47 = tt.broadcast %44 : tensor<64x1xi64> -> tensor<64x128xi64>
    %48 = tt.broadcast %46 : tensor<1x128xi64> -> tensor<64x128xi64>
    %49 = arith.addi %47, %48 : tensor<64x128xi64>
    %50 = tt.splat %arg0 : !tt.ptr<bf16> -> tensor<64x128x!tt.ptr<bf16>>
    %51 = tt.addptr %50, %49 : tensor<64x128x!tt.ptr<bf16>>, tensor<64x128xi64>
    %52 = arith.extsi %arg13 : i32 to i64
    %53 = arith.muli %32, %52 : i64
    %54 = tt.addptr %arg1, %53 : !tt.ptr<bf16>, i64
    %55 = tt.expand_dims %40 {axis = 1 : i32} : tensor<128xi32> -> tensor<128x1xi32>
    %56 = tt.expand_dims %39 {axis = 0 : i32} : tensor<64xi64> -> tensor<1x64xi64>
    %57 = arith.extsi %arg14 : i32 to i64
    %58 = tt.splat %57 : i64 -> tensor<1x64xi64>
    %59 = arith.muli %56, %58 : tensor<1x64xi64>
    %60 = arith.extsi %55 : tensor<128x1xi32> to tensor<128x1xi64>
    %61 = tt.broadcast %60 : tensor<128x1xi64> -> tensor<128x64xi64>
    %62 = tt.broadcast %59 : tensor<1x64xi64> -> tensor<128x64xi64>
    %63 = arith.addi %61, %62 : tensor<128x64xi64>
    %64 = tt.splat %54 : !tt.ptr<bf16> -> tensor<128x64x!tt.ptr<bf16>>
    %65 = tt.addptr %64, %63 : tensor<128x64x!tt.ptr<bf16>>, tensor<128x64xi64>
    %66:3 = scf.for %arg16 = %c0_i32 to %arg8 step %c128_i32 iter_args(%arg17 = %51, %arg18 = %65, %arg19 = %cst_0) -> (tensor<64x128x!tt.ptr<bf16>>, tensor<128x64x!tt.ptr<bf16>>, tensor<64x64xf32>)  : i32 {
      %94 = tt.expand_dims %28 {axis = 1 : i32} : tensor<64xi1> -> tensor<64x1xi1>
      %95 = tt.broadcast %94 : tensor<64x1xi1> -> tensor<64x128xi1>
      %96 = tt.load %arg17, %95, %cst : tensor<64x128x!tt.ptr<bf16>>
      %97 = tt.load %arg18 : tensor<128x64x!tt.ptr<bf16>>
      %98 = tt.dot %96, %97, %arg19, inputPrecision = tf32 : tensor<64x128xbf16> * tensor<128x64xbf16> -> tensor<64x64xf32>
      %99 = tt.addptr %arg17, %cst_4 : tensor<64x128x!tt.ptr<bf16>>, tensor<64x128xi32>
      %100 = tt.addptr %arg18, %cst_3 : tensor<128x64x!tt.ptr<bf16>>, tensor<128x64xi32>
      scf.yield %99, %100, %98 : tensor<64x128x!tt.ptr<bf16>>, tensor<128x64x!tt.ptr<bf16>>, tensor<64x64xf32>
    }
    %67 = tt.splat %arg3 : !tt.ptr<f32> -> tensor<64x!tt.ptr<f32>>
    %68 = tt.addptr %67, %29 : tensor<64x!tt.ptr<f32>>, tensor<64xi64>
    %69 = tt.load %68, %28, %cst_2 : tensor<64x!tt.ptr<f32>>
    %70 = tt.expand_dims %69 {axis = 1 : i32} : tensor<64xf32> -> tensor<64x1xf32>
    %71 = tt.broadcast %70 : tensor<64x1xf32> -> tensor<64x64xf32>
    %72 = arith.mulf %66#2, %71 : tensor<64x64xf32>
    %73 = arith.truncf %72 : tensor<64x64xf32> to tensor<64x64xbf16>
    %74 = tt.splat %33 : i32 -> tensor<64xi32>
    %75 = arith.addi %74, %17 : tensor<64xi32>
    %76 = tt.expand_dims %28 {axis = 1 : i32} : tensor<64xi1> -> tensor<64x1xi1>
    %77 = tt.expand_dims %75 {axis = 0 : i32} : tensor<64xi32> -> tensor<1x64xi32>
    %78 = tt.splat %arg7 : i32 -> tensor<1x64xi32>
    %79 = arith.cmpi slt, %77, %78 : tensor<1x64xi32>
    %80 = tt.broadcast %76 : tensor<64x1xi1> -> tensor<64x64xi1>
    %81 = tt.broadcast %79 : tensor<1x64xi1> -> tensor<64x64xi1>
    %82 = arith.andi %80, %81 : tensor<64x64xi1>
    %83 = arith.divsi %29, %cst_1 : tensor<64xi64>
    %84 = tt.expand_dims %83 {axis = 1 : i32} : tensor<64xi64> -> tensor<64x1xi64>
    %85 = arith.extsi %arg15 : i32 to i64
    %86 = tt.splat %85 : i64 -> tensor<64x1xi64>
    %87 = arith.muli %86, %84 : tensor<64x1xi64>
    %88 = tt.splat %arg2 : !tt.ptr<bf16> -> tensor<64x1x!tt.ptr<bf16>>
    %89 = tt.addptr %88, %87 : tensor<64x1x!tt.ptr<bf16>>, tensor<64x1xi64>
    %90 = tt.broadcast %89 : tensor<64x1x!tt.ptr<bf16>> -> tensor<64x64x!tt.ptr<bf16>>
    %91 = tt.broadcast %77 : tensor<1x64xi32> -> tensor<64x64xi32>
    %92 = tt.addptr %90, %91 : tensor<64x64x!tt.ptr<bf16>>, tensor<64x64xi32>
    %93 = tt.atomic_rmw fadd, acq_rel, gpu, %92, %73, %82 : (tensor<64x64x!tt.ptr<bf16>>, tensor<64x64xbf16>, tensor<64x64xi1>) -> tensor<64x64xbf16>
    tt.return
  }
}

{-#
  external_resources: {
    mlir_reproducer: {
      pipeline: "builtin.module(convert-triton-to-tritongpu{enable-source-remat=false num-ctas=1 num-warps=2 target=cuda:90 threads-per-warp=32}, tritongpu-coalesce, tritongpu-F32DotTC{emu-tf32=true}, triton-nvidia-gpu-plan-cta, tritongpu-remove-layout-conversions, tritongpu-optimize-thread-locality, tritongpu-accelerate-matmul, tritongpu-remove-layout-conversions, tritongpu-optimize-dot-operands{hoist-layout-conversion=true}, triton-nvidia-optimize-descriptor-encoding, triton-loop-aware-cse, tritongpu-fuse-nested-loops, canonicalize{  max-iterations=10 max-num-rewrites=-1 region-simplify=normal test-convergence=false top-down=true}, triton-licm, canonicalize{  max-iterations=10 max-num-rewrites=-1 region-simplify=normal test-convergence=false top-down=true}, tritongpu-combine-tensor-select-and-if, nvgpu-warp-specialization{dump-intermediate-steps=false num-stages=3}, tritongpu-assign-latencies{num-stages=3}, tritongpu-schedule-loops, tritongpu-pipeline{dump-intermediate-steps=false num-stages=3}, canonicalize{  max-iterations=10 max-num-rewrites=-1 region-simplify=normal test-convergence=false top-down=true}, triton-loop-aware-cse, tritongpu-prefetch, tritongpu-optimize-dot-operands{hoist-layout-conversion=true}, tritongpu-coalesce-async-copy, triton-nvidia-optimize-tmem-layouts, triton-nvidia-tma-lowering, tritongpu-remove-layout-conversions, triton-nvidia-interleave-tmem, tritongpu-reduce-data-duplication, tritongpu-reorder-instructions, triton-loop-aware-cse, symbol-dce, triton-nvidia-gpu-fence-insertion{compute-capability=90}, triton-nvidia-mma-lowering, sccp, cse, canonicalize{  max-iterations=10 max-num-rewrites=-1 region-simplify=normal test-convergence=false top-down=true})",
      disable_threading: true,
      verify_each: true
    }
  }
#-}
/home/guancheng/zsh/fusion/glm52_h200/kernels/moe_down_merge.py:506:0: error: Failures have been detected while processing an MLIR pass pipeline
/home/guancheng/zsh/fusion/glm52_h200/kernels/moe_down_merge.py:506:0: note: Pipeline failed while executing [`TritonGPURemoveLayoutConversions` on 'builtin.module' operation]: reproducer generated at `std::errs, please share the reproducer above with Triton project.`
  [cfgs] w2+merge(atomic)      0.0661 ms  (37 cfgs tried)  {'BLOCK_M': 64, 'BLOCK_N': 64, 'BLOCK_K': 128, 'GROUP_M': 8, 'num_warps': 4, 'num_stages': 3}
  [cfgs] moe_sum               0.0056 ms  (15 cfgs tried)  {'BLOCK_M': 4, 'BLOCK_DIM': 256, 'num_warps': 16, 'num_stages': 3}
  [cfgs] resadd                0.0055 ms  (17 cfgs tried)  {'BLOCK_M': 4, 'BLOCK_N': 128, 'num_warps': 8, 'num_stages': 2}
  [cfgs] router prenorm     tile sweep    0.0374 ms (46 cfgs, 0 fail)
  [cfgs] router prenorm        0.0329 ms  (37 cfgs tried)  {'BLOCK_M': 64, 'BLOCK_N': 32, 'BLOCK_K': 128, 'GROUP_M': 8, 'num_warps': 4, 'num_stages': 4}
  [cfgs] w13 prenorm        tile sweep    0.1493 ms (46 cfgs, 0 fail)
  [cfgs] w13 prenorm           0.1115 ms  (36 cfgs tried)  {'BLOCK_M': 16, 'BLOCK_N': 256, 'BLOCK_K': 128, 'GROUP_M': 8, 'num_warps': 8, 'num_stages': 3}
  [shared] tuning w13 (48), act (18), w2 (48)
  [shared] w13 0.0550 {'BLOCK_M': 64, 'BLOCK_N': 64, 'BLOCK_K': 64, 'GROUP_M': 8, 'num_warps': 4, 'num_stages': 3} | act 0.0055 | w2 0.0246 {'BLOCK_M': 16, 'BLOCK_N': 64, 'BLOCK_K': 64, 'GROUP_M': 8, 'num_warps': 4, 'num_stages': 3}
  A_all_unfused      ok  (14 kernels)  relerr 8.85e-03
  N_f11b             ok  (14 kernels)  relerr 8.85e-03
  O_f11ab            ok  (13 kernels)  relerr 8.85e-03
  P_f10_f11ab        ok  (12 kernels)  relerr 8.85e-03
  Q_f8_f11ab         ok  (13 kernels)  relerr 8.85e-03
  R_f1_f10_f11ab     ok  (11 kernels)  relerr 6.64e-03
    pass1 round 0: A_all_unfused=1.3734  N_f11b=0.9393  O_f11ab=0.6992  P_f10_f11ab=0.5721  Q_f8_f11ab=0.5206  R_f1_f10_f11ab=0.4425
    pass1 round 1: A_all_unfused=0.5607  N_f11b=0.5572  O_f11ab=0.5117  P_f10_f11ab=0.4800  Q_f8_f11ab=0.4923  R_f1_f10_f11ab=0.4387
    pass1 round 2: A_all_unfused=0.5626  N_f11b=0.5625  O_f11ab=0.5076  P_f10_f11ab=0.4837  Q_f8_f11ab=0.4905  R_f1_f10_f11ab=0.4373
    pass1 round 3: A_all_unfused=0.5599  N_f11b=0.5577  O_f11ab=0.5138  P_f10_f11ab=0.4840  Q_f8_f11ab=0.4867  R_f1_f10_f11ab=0.4418
    pass1 round 4: A_all_unfused=0.5670  N_f11b=0.5601  O_f11ab=0.5194  P_f10_f11ab=0.4852  Q_f8_f11ab=0.4970  R_f1_f10_f11ab=0.4466
    pass1 round 5: A_all_unfused=0.5681  N_f11b=0.5647  O_f11ab=0.5225  P_f10_f11ab=0.4878  Q_f8_f11ab=0.5002  R_f1_f10_f11ab=0.4433
    pass1 round 6: A_all_unfused=0.5678  N_f11b=0.5652  O_f11ab=0.5164  P_f10_f11ab=0.4867  Q_f8_f11ab=0.4946  R_f1_f10_f11ab=0.4447
    pass1 round 7: A_all_unfused=0.5632  N_f11b=0.5634  O_f11ab=0.5182  P_f10_f11ab=0.4823  Q_f8_f11ab=0.4975  R_f1_f10_f11ab=0.4460
    pass2 round 0: A_all_unfused=0.5641  N_f11b=0.5643  O_f11ab=0.5199  P_f10_f11ab=0.4822  Q_f8_f11ab=0.4945  R_f1_f10_f11ab=0.4391
    pass2 round 1: A_all_unfused=0.5654  N_f11b=0.5647  O_f11ab=0.5158  P_f10_f11ab=0.4887  Q_f8_f11ab=0.4951  R_f1_f10_f11ab=0.4417
    pass2 round 2: A_all_unfused=0.5657  N_f11b=0.5603  O_f11ab=0.5167  P_f10_f11ab=0.4870  Q_f8_f11ab=0.4951  R_f1_f10_f11ab=0.4406
    pass2 round 3: A_all_unfused=0.5689  N_f11b=0.5614  O_f11ab=0.5183  P_f10_f11ab=0.4830  Q_f8_f11ab=0.4983  R_f1_f10_f11ab=0.4435
    pass2 round 4: A_all_unfused=0.5664  N_f11b=0.5603  O_f11ab=0.5198  P_f10_f11ab=0.4840  Q_f8_f11ab=0.4934  R_f1_f10_f11ab=0.4401
    pass2 round 5: A_all_unfused=0.5606  N_f11b=0.5589  O_f11ab=0.5144  P_f10_f11ab=0.4838  Q_f8_f11ab=0.4920  R_f1_f10_f11ab=0.4393
    pass2 round 6: A_all_unfused=0.5625  N_f11b=0.5621  O_f11ab=0.5139  P_f10_f11ab=0.4837  Q_f8_f11ab=0.4947  R_f1_f10_f11ab=0.4433
    pass2 round 7: A_all_unfused=0.5642  N_f11b=0.5582  O_f11ab=0.5147  P_f10_f11ab=0.4820  Q_f8_f11ab=0.4908  R_f1_f10_f11ab=0.4397
  --> TIED: O_f11ab, P_f10_f11ab, Q_f8_f11ab, R_f1_f10_f11ab
      pass1: best R_f1_f10_f11ab gap 0.04178 ms vs round noise 0.09213 ms -> tied with R_f1_f10_f11ab, P_f10_f11ab, Q_f8_f11ab, O_f11ab
      pass2: best R_f1_f10_f11ab gap 0.04339 ms vs round noise 0.00666 ms -> SEPARATED
      best/all-unfused = 1.0933x
      paired head-vs-baseline: 1.0929x

===== decode_bs32 =====
  [cfgs] oproj gemm         tile sweep    0.1552 ms (46 cfgs, 0 fail)
  [cfgs] oproj gemm            0.1483 ms  (37 cfgs tried)  {'BLOCK_M': 64, 'BLOCK_N': 64, 'BLOCK_K': 128, 'GROUP_M': 16, 'num_warps': 4, 'num_stages': 3}
  [cfgs] oproj gemm+res     tile sweep    0.1555 ms (46 cfgs, 0 fail)
  [cfgs] oproj gemm+res        0.1218 ms  (37 cfgs tried)  {'BLOCK_M': 64, 'BLOCK_N': 64, 'BLOCK_K': 128, 'GROUP_M': 16, 'num_warps': 8, 'num_stages': 4}
  [cfgs] oproj epi             0.0431 ms  (12 cfgs tried)  {'BLOCK': 512, 'num_warps': 16, 'num_stages': 4}
  [cfgs] add                   0.0494 ms  (16 cfgs tried)  {'ROWS': 8, 'BLOCK_N': 256, 'num_warps': 4, 'num_stages': 2, 'grid_cap': None, 'eps': 1e-05}
  [cfgs] rmsnorm               0.0589 ms  (13 cfgs tried)  {'ROWS': 8, 'BLOCK_N': 2048, 'num_warps': 32, 'num_stages': 3, 'grid_cap': None, 'eps': 1e-05}
  [cfgs] add+rmsnorm           0.0454 ms  (16 cfgs tried)  {'ROWS': 1, 'BLOCK_N': 256, 'num_warps': 8, 'num_stages': 2, 'grid_cap': None, 'eps': 1e-05}
  [cfgs] router gemm           0.0690 ms  (31 cfgs tried)  {'BLOCK_M': 128, 'BLOCK_K': 128, 'BLOCK_E': 64, 'num_warps': 16, 'num_stages': 2}
  [cfgs] topk                  0.0349 ms  (17 cfgs tried)  {'BLOCK_M': 16, 'BLOCK_K': 128, 'BLOCK_E': 64, 'num_warps': 32, 'num_stages': 2}
  [cfgs] f5 norm+router        0.0858 ms  (31 cfgs tried)  {'BLOCK_M': 16, 'BLOCK_K': 128, 'BLOCK_E': 64, 'num_warps': 16, 'num_stages': 2}
  [cfgs] f4 add+norm+rt        0.0587 ms  (31 cfgs tried)  {'BLOCK_M': 16, 'BLOCK_K': 128, 'BLOCK_E': 64, 'num_warps': 8, 'num_stages': 3}
  [cfgs] w13 gemm           tile sweep    1.7853 ms (46 cfgs, 0 fail)
  [cfgs] w13 gemm              1.7755 ms  (39 cfgs tried)  {'BLOCK_M': 16, 'BLOCK_N': 64, 'BLOCK_K': 128, 'GROUP_M': 1, 'num_warps': 4, 'num_stages': 3}
  [cfgs] w13+swiglu         tile sweep    1.7884 ms (43 cfgs, 2 fail)
  [cfgs] w13+swiglu            1.7789 ms  (31 cfgs tried)  {'BLOCK_M': 16, 'BLOCK_N': 128, 'BLOCK_K': 128, 'GROUP_M': 1, 'num_warps': 16, 'num_stages': 3}
  [cfgs] silu_and_mul          0.0411 ms  (17 cfgs tried)  {'BLOCK_M': 64, 'BLOCK_N': 1024, 'num_warps': 8, 'num_stages': 2}
  [cfgs] w2 gemm            tile sweep    0.9020 ms (46 cfgs, 0 fail)
  [cfgs] w2 gemm               0.8978 ms  (39 cfgs tried)  {'BLOCK_M': 16, 'BLOCK_N': 128, 'BLOCK_K': 128, 'GROUP_M': 1, 'num_warps': 8, 'num_stages': 3}
  [cfgs] w2+merge(atomic)   tile sweep    0.9063 ms (46 cfgs, 0 fail)
  [cfgs] w2+merge(atomic)      0.8997 ms  (39 cfgs tried)  {'BLOCK_M': 16, 'BLOCK_N': 128, 'BLOCK_K': 128, 'GROUP_M': 1, 'num_warps': 16, 'num_stages': 3}
  [cfgs] moe_sum               0.0074 ms  (15 cfgs tried)  {'BLOCK_M': 4, 'BLOCK_DIM': 256, 'num_warps': 16, 'num_stages': 2}
  [cfgs] resadd                0.0061 ms  (17 cfgs tried)  {'BLOCK_M': 4, 'BLOCK_N': 256, 'num_warps': 8, 'num_stages': 1}
  [cfgs] router prenorm     tile sweep    0.1226 ms (46 cfgs, 0 fail)
  [cfgs] router prenorm        0.1007 ms  (38 cfgs tried)  {'BLOCK_M': 64, 'BLOCK_N': 32, 'BLOCK_K': 128, 'GROUP_M': 8, 'num_warps': 8, 'num_stages': 3}
  [cfgs] w13 prenorm        tile sweep    1.7887 ms (48 cfgs, 1 fail)
  [cfgs] w13 prenorm           1.7916 ms  (19 cfgs tried)  {'BLOCK_M': 64, 'BLOCK_N': 256, 'BLOCK_K': 128, 'GROUP_M': 8, 'num_warps': 8, 'num_stages': 3}
  [shared] tuning w13 (48), act (18), w2 (48)
  [shared] w13 0.0545 {'BLOCK_M': 16, 'BLOCK_N': 64, 'BLOCK_K': 64, 'GROUP_M': 8, 'num_warps': 4, 'num_stages': 3} | act 0.0058 | w2 0.0245 {'BLOCK_M': 64, 'BLOCK_N': 64, 'BLOCK_K': 64, 'GROUP_M': 8, 'num_warps': 8, 'num_stages': 3}
  A_all_unfused      ok  (14 kernels)  relerr 6.49e-03
  N_f11b             ok  (14 kernels)  relerr 6.49e-03
  O_f11ab            !! FAILS CORRECTNESS relerr=1.656e-01 -- excluded
  P_f10_f11ab        !! FAILS CORRECTNESS relerr=1.692e-01 -- excluded
  Q_f8_f11ab         !! FAILS CORRECTNESS relerr=1.952e-01 -- excluded
  R_f1_f10_f11ab     !! FAILS CORRECTNESS relerr=1.696e-01 -- excluded
    pass1 round 0: A_all_unfused=2.9963  N_f11b=2.9623
    pass1 round 1: A_all_unfused=2.9975  N_f11b=2.9641
    pass1 round 2: A_all_unfused=2.9968  N_f11b=2.9648
    pass1 round 3: A_all_unfused=2.9972  N_f11b=2.9633
    pass1 round 4: A_all_unfused=2.9961  N_f11b=2.9638
    pass1 round 5: A_all_unfused=2.9965  N_f11b=2.9623
    pass1 round 6: A_all_unfused=2.9969  N_f11b=2.9637
    pass1 round 7: A_all_unfused=2.9951  N_f11b=2.9652
    pass2 round 0: A_all_unfused=2.9972  N_f11b=2.9646
    pass2 round 1: A_all_unfused=2.9984  N_f11b=2.9634
    pass2 round 2: A_all_unfused=2.9982  N_f11b=2.9644
    pass2 round 3: A_all_unfused=2.9973  N_f11b=2.9637
    pass2 round 4: A_all_unfused=2.9994  N_f11b=2.9641
    pass2 round 5: A_all_unfused=2.9974  N_f11b=2.9666
    pass2 round 6: A_all_unfused=3.0002  N_f11b=2.9638
    pass2 round 7: A_all_unfused=2.9992  N_f11b=2.9649
  --> SEPARATED: N_f11b
      pass1: best N_f11b gap 0.03285 ms vs round noise 0.00294 ms -> SEPARATED
      pass2: best N_f11b gap 0.03403 ms vs round noise 0.00314 ms -> SEPARATED
      best/all-unfused = 1.0113x
      paired head-vs-baseline: 1.0114x

===== decode_bs256 =====
  [cfgs] oproj gemm         tile sweep    0.2231 ms (48 cfgs, 2 fail)
  [cfgs] oproj gemm            0.2202 ms  (35 cfgs tried)  {'BLOCK_M': 128, 'BLOCK_N': 128, 'BLOCK_K': 128, 'GROUP_M': 8, 'num_warps': 4, 'num_stages': 3}
  [cfgs] oproj gemm+res     tile sweep    0.2175 ms (48 cfgs, 2 fail)
  [cfgs] oproj gemm+res        0.2166 ms  (35 cfgs tried)  {'BLOCK_M': 128, 'BLOCK_N': 128, 'BLOCK_K': 128, 'GROUP_M': 16, 'num_warps': 8, 'num_stages': 3}
  [cfgs] oproj epi             0.0083 ms  (12 cfgs tried)  {'BLOCK': 2048, 'num_warps': 4, 'num_stages': 3}
  [cfgs] add                   0.0117 ms  (15 cfgs tried)  {'ROWS': 2, 'BLOCK_N': 2048, 'num_warps': 8, 'num_stages': 2, 'grid_cap': None, 'eps': 1e-05}
  [cfgs] rmsnorm               0.0369 ms  (16 cfgs tried)  {'ROWS': 8, 'BLOCK_N': 256, 'num_warps': 32, 'num_stages': 3, 'grid_cap': None, 'eps': 1e-05}
  [cfgs] add+rmsnorm           0.0144 ms  (13 cfgs tried)  {'ROWS': 8, 'BLOCK_N': 2048, 'num_warps': 8, 'num_stages': 4, 'grid_cap': None, 'eps': 1e-05}
  [cfgs] router gemm           0.0220 ms  (30 cfgs tried)  {'BLOCK_M': 16, 'BLOCK_K': 128, 'BLOCK_E': 64, 'num_warps': 4, 'num_stages': 4}
  [cfgs] topk                  0.0377 ms  (17 cfgs tried)  {'BLOCK_M': 32, 'BLOCK_K': 128, 'BLOCK_E': 128, 'num_warps': 32, 'num_stages': 4}
  [cfgs] f5 norm+router        0.0560 ms  (30 cfgs tried)  {'BLOCK_M': 16, 'BLOCK_K': 128, 'BLOCK_E': 64, 'num_warps': 8, 'num_stages': 4}
  [cfgs] f4 add+norm+rt        0.0596 ms  (31 cfgs tried)  {'BLOCK_M': 16, 'BLOCK_K': 128, 'BLOCK_E': 64, 'num_warps': 8, 'num_stages': 3}
  [cfgs] w13 gemm           tile sweep    2.8422 ms (47 cfgs, 1 fail)
  [cfgs] w13 gemm              2.8290 ms  (33 cfgs tried)  {'BLOCK_M': 32, 'BLOCK_N': 256, 'BLOCK_K': 128, 'GROUP_M': 1, 'num_warps': 8, 'num_stages': 3}
  [cfgs] w13+swiglu         tile sweep    2.8220 ms (45 cfgs, 4 fail)
  [cfgs] w13+swiglu            2.8101 ms  (31 cfgs tried)  {'BLOCK_M': 32, 'BLOCK_N': 128, 'BLOCK_K': 128, 'GROUP_M': 1, 'num_warps': 8, 'num_stages': 3}
  [cfgs] silu_and_mul          0.0124 ms  (17 cfgs tried)  {'BLOCK_M': 4, 'BLOCK_N': 1024, 'num_warps': 8, 'num_stages': 2}
  [cfgs] w2 gemm            tile sweep    1.4492 ms (46 cfgs, 0 fail)
  [cfgs] w2 gemm               1.4436 ms  (39 cfgs tried)  {'BLOCK_M': 16, 'BLOCK_N': 128, 'BLOCK_K': 128, 'GROUP_M': 4, 'num_warps': 8, 'num_stages': 4}
  [cfgs] w2+merge(atomic)   tile sweep    1.4594 ms (46 cfgs, 0 fail)
  [cfgs] w2+merge(atomic)      1.4498 ms  (39 cfgs tried)  {'BLOCK_M': 16, 'BLOCK_N': 128, 'BLOCK_K': 128, 'GROUP_M': 1, 'num_warps': 16, 'num_stages': 3}
  [cfgs] moe_sum               0.0157 ms  (15 cfgs tried)  {'BLOCK_M': 4, 'BLOCK_DIM': 512, 'num_warps': 8, 'num_stages': 2}
  [cfgs] resadd                0.0094 ms  (17 cfgs tried)  {'BLOCK_M': 4, 'BLOCK_N': 256, 'num_warps': 8, 'num_stages': 4}
  [cfgs] router prenorm     tile sweep    0.0358 ms (46 cfgs, 0 fail)
  [cfgs] router prenorm        0.0343 ms  (37 cfgs tried)  {'BLOCK_M': 64, 'BLOCK_N': 32, 'BLOCK_K': 128, 'GROUP_M': 1, 'num_warps': 8, 'num_stages': 3}
  [cfgs] w13 prenorm        tile sweep    2.8524 ms (48 cfgs, 1 fail)
  [cfgs] w13 prenorm           2.8534 ms  (19 cfgs tried)  {'BLOCK_M': 64, 'BLOCK_N': 256, 'BLOCK_K': 128, 'GROUP_M': 8, 'num_warps': 8, 'num_stages': 3}
  [shared] tuning w13 (48), act (18), w2 (48)
  [shared] w13 0.0570 {'BLOCK_M': 64, 'BLOCK_N': 64, 'BLOCK_K': 64, 'GROUP_M': 8, 'num_warps': 8, 'num_stages': 3} | act 0.0067 | w2 0.0265 {'BLOCK_M': 64, 'BLOCK_N': 64, 'BLOCK_K': 64, 'GROUP_M': 8, 'num_warps': 4, 'num_stages': 3}
  A_all_unfused      ok  (14 kernels)  relerr 6.54e-03
  N_f11b             ok  (14 kernels)  relerr 6.54e-03
  O_f11ab            !! FAILS CORRECTNESS relerr=1.748e-01 -- excluded
  P_f10_f11ab        !! FAILS CORRECTNESS relerr=2.112e-01 -- excluded
  Q_f8_f11ab         !! FAILS CORRECTNESS relerr=2.083e-01 -- excluded
  R_f1_f10_f11ab     !! FAILS CORRECTNESS relerr=2.149e-01 -- excluded
    pass1 round 0: A_all_unfused=4.6425  N_f11b=4.6540
    pass1 round 1: A_all_unfused=4.6425  N_f11b=4.6542
    pass1 round 2: A_all_unfused=4.6422  N_f11b=4.6753
    pass1 round 3: A_all_unfused=4.6452  N_f11b=4.6601
    pass1 round 4: A_all_unfused=4.6426  N_f11b=4.6555
    pass1 round 5: A_all_unfused=4.6481  N_f11b=4.6559
    pass1 round 6: A_all_unfused=4.6504  N_f11b=4.6600
    pass1 round 7: A_all_unfused=4.6439  N_f11b=4.6574
    pass2 round 0: A_all_unfused=4.6440  N_f11b=4.6672
    pass2 round 1: A_all_unfused=4.6509  N_f11b=4.6602
    pass2 round 2: A_all_unfused=4.6485  N_f11b=4.6556
    pass2 round 3: A_all_unfused=4.6553  N_f11b=4.6567
    pass2 round 4: A_all_unfused=4.6454  N_f11b=4.6586
    pass2 round 5: A_all_unfused=4.6442  N_f11b=4.6601
    pass2 round 6: A_all_unfused=4.6428  N_f11b=4.6684
    pass2 round 7: A_all_unfused=4.6481  N_f11b=4.6622
  --> TIED: A_all_unfused, N_f11b
      pass1: best A_all_unfused gap 0.01338 ms vs round noise 0.02131 ms -> tied with A_all_unfused, N_f11b
      pass2: best A_all_unfused gap 0.01339 ms vs round noise 0.01283 ms -> SEPARATED
      best/all-unfused = 1.0000x

===== decode_bs512 =====
  [cfgs] oproj gemm         tile sweep    0.4017 ms (48 cfgs, 2 fail)
  [cfgs] oproj gemm            0.3136 ms  (38 cfgs tried)  {'BLOCK_M': 128, 'BLOCK_N': 256, 'BLOCK_K': 64, 'GROUP_M': 16, 'num_warps': 8, 'num_stages': 4}
  [cfgs] oproj gemm+res     tile sweep    0.3836 ms (48 cfgs, 2 fail)
  [cfgs] oproj gemm+res        0.3262 ms  (37 cfgs tried)  {'BLOCK_M': 128, 'BLOCK_N': 256, 'BLOCK_K': 32, 'GROUP_M': 16, 'num_warps': 8, 'num_stages': 4}
  [cfgs] oproj epi             0.0102 ms  (12 cfgs tried)  {'BLOCK': 2048, 'num_warps': 8, 'num_stages': 1}
  [cfgs] add                   0.0104 ms  (15 cfgs tried)  {'ROWS': 2, 'BLOCK_N': 2048, 'num_warps': 8, 'num_stages': 3, 'grid_cap': None, 'eps': 1e-05}
  [cfgs] rmsnorm               0.0095 ms  (16 cfgs tried)  {'ROWS': 1, 'BLOCK_N': 2048, 'num_warps': 16, 'num_stages': 2, 'grid_cap': None, 'eps': 1e-05}
  [cfgs] add+rmsnorm           0.0719 ms  (16 cfgs tried)  {'ROWS': 8, 'BLOCK_N': 256, 'num_warps': 32, 'num_stages': 3, 'grid_cap': None, 'eps': 1e-05}
  [cfgs] router gemm           0.0393 ms  (29 cfgs tried)  {'BLOCK_M': 64, 'BLOCK_K': 128, 'BLOCK_E': 128, 'num_warps': 4, 'num_stages': 4}
  [cfgs] topk                  0.0325 ms  (17 cfgs tried)  {'BLOCK_M': 64, 'BLOCK_K': 128, 'BLOCK_E': 128, 'num_warps': 32, 'num_stages': 2}
  [cfgs] f5 norm+router        0.1131 ms  (31 cfgs tried)  {'BLOCK_M': 32, 'BLOCK_K': 128, 'BLOCK_E': 128, 'num_warps': 16, 'num_stages': 2}
  [cfgs] f4 add+norm+rt        0.0613 ms  (31 cfgs tried)  {'BLOCK_M': 16, 'BLOCK_K': 128, 'BLOCK_E': 64, 'num_warps': 8, 'num_stages': 3}
  [cfgs] w13 gemm           tile sweep    2.8911 ms (47 cfgs, 1 fail)
  [cfgs] w13 gemm              2.8633 ms  (33 cfgs tried)  {'BLOCK_M': 32, 'BLOCK_N': 256, 'BLOCK_K': 128, 'GROUP_M': 1, 'num_warps': 8, 'num_stages': 3}
  [cfgs] w13+swiglu         tile sweep    2.8657 ms (45 cfgs, 4 fail)
  [cfgs] w13+swiglu            2.8350 ms  (31 cfgs tried)  {'BLOCK_M': 32, 'BLOCK_N': 128, 'BLOCK_K': 128, 'GROUP_M': 1, 'num_warps': 8, 'num_stages': 3}
  [cfgs] silu_and_mul          0.0190 ms  (17 cfgs tried)  {'BLOCK_M': 4, 'BLOCK_N': 1024, 'num_warps': 8, 'num_stages': 4}
  [cfgs] w2 gemm            tile sweep    1.4979 ms (47 cfgs, 1 fail)
  [cfgs] w2 gemm               1.4734 ms  (39 cfgs tried)  {'BLOCK_M': 32, 'BLOCK_N': 128, 'BLOCK_K': 128, 'GROUP_M': 1, 'num_warps': 4, 'num_stages': 2}
  [cfgs] w2+merge(atomic)   tile sweep    1.5221 ms (47 cfgs, 1 fail)
/home/guancheng/zsh/fusion/glm52_h200/kernels/moe_down_merge.py:566:50: error: operand #0 does not dominate this use
    safe_token = tl.where(token_mask, offs_token, 0)
                                                 ^
/home/guancheng/zsh/fusion/glm52_h200/kernels/moe_down_merge.py:631:36: note: operand defined here (op in the same block)
    c_mask = token_mask[:, None] & (offs_cn[None, :] < N)
                                   ^
module {
  tt.func public @moe_down_kernel(%arg0: !tt.ptr<bf16> {tt.divisibility = 16 : i32}, %arg1: !tt.ptr<bf16> {tt.divisibility = 16 : i32}, %arg2: !tt.ptr<bf16> {tt.divisibility = 16 : i32}, %arg3: !tt.ptr<f32> {tt.divisibility = 16 : i32}, %arg4: !tt.ptr<i32> {tt.divisibility = 16 : i32}, %arg5: !tt.ptr<i32> {tt.divisibility = 16 : i32}, %arg6: !tt.ptr<i32> {tt.divisibility = 16 : i32}, %arg7: i32 {tt.divisibility = 16 : i32}, %arg8: i32 {tt.divisibility = 16 : i32}, %arg9: i32, %arg10: i32, %arg11: i32 {tt.divisibility = 16 : i32}, %arg12: i32 {tt.divisibility = 16 : i32}, %arg13: i32 {tt.divisibility = 16 : i32}, %arg14: i32 {tt.divisibility = 16 : i32}, %arg15: i32 {tt.divisibility = 16 : i32}) attributes {noinline = false} {
    %cst = arith.constant dense<0.000000e+00> : tensor<32x128xbf16>
    %cst_0 = arith.constant dense<0.000000e+00> : tensor<32x128xf32>
    %c127_i32 = arith.constant 127 : i32
    %c31_i32 = arith.constant 31 : i32
    %c0_i32 = arith.constant 0 : i32
    %cst_1 = arith.constant dense<8> : tensor<32xi64>
    %cst_2 = arith.constant dense<0.000000e+00> : tensor<32xf32>
    %cst_3 = arith.constant dense<128> : tensor<128x128xi32>
    %cst_4 = arith.constant dense<128> : tensor<32x128xi32>
    %c128_i32 = arith.constant 128 : i32
    %cst_5 = arith.constant dense<0> : tensor<32xi64>
    %c32_i32 = arith.constant 32 : i32
    %c1_i32 = arith.constant 1 : i32
    %0 = tt.get_program_id x : i32
    %1 = arith.addi %arg9, %c31_i32 : i32
    %2 = arith.divsi %1, %c32_i32 : i32
    %3 = arith.addi %arg7, %c127_i32 : i32
    %4 = arith.divsi %3, %c128_i32 : i32
    %5 = arith.divsi %0, %4 : i32
    %6 = arith.subi %2, %5 : i32
    %7 = arith.minsi %6, %c1_i32 : i32
    %8 = arith.remsi %0, %4 : i32
    %9 = arith.remsi %8, %7 : i32
    %10 = arith.addi %5, %9 : i32
    %11 = arith.divsi %8, %7 : i32
    %12 = tt.load %arg6 : !tt.ptr<i32>
    %13 = arith.muli %10, %c32_i32 : i32
    %14 = arith.cmpi sge, %13, %12 : i32
    cf.cond_br %14, ^bb1, ^bb2
  ^bb1:  // pred: ^bb0
    tt.return
  ^bb2:  // pred: ^bb0
    %15 = tt.make_range {end = 32 : i32, start = 0 : i32} : tensor<32xi32>
    %16 = arith.extsi %15 : tensor<32xi32> to tensor<32xi64>
    %17 = arith.extsi %13 : i32 to i64
    %18 = tt.splat %17 : i64 -> tensor<32xi64>
    %19 = arith.addi %18, %16 : tensor<32xi64>
    %20 = tt.splat %arg4 : !tt.ptr<i32> -> tensor<32x!tt.ptr<i32>>
    %21 = tt.addptr %20, %19 : tensor<32x!tt.ptr<i32>>, tensor<32xi64>
    %22 = tt.load %21 : tensor<32x!tt.ptr<i32>>
    %23 = arith.extsi %22 : tensor<32xi32> to tensor<32xi64>
    %24 = arith.extsi %arg10 : i32 to i64
    %25 = tt.splat %24 : i64 -> tensor<32xi64>
    %26 = arith.cmpi slt, %23, %25 : tensor<32xi64>
    %27 = arith.select %26, %23, %cst_5 : tensor<32xi1>, tensor<32xi64>
    %28 = tt.addptr %arg5, %10 : !tt.ptr<i32>, i32
    %29 = tt.load %28 : !tt.ptr<i32>
    %30 = arith.extsi %29 : i32 to i64
    %31 = arith.muli %11, %c128_i32 : i32
    %32 = tt.make_range {end = 128 : i32, start = 0 : i32} : tensor<128xi32>
    %33 = arith.extsi %32 : tensor<128xi32> to tensor<128xi64>
    %34 = arith.extsi %31 : i32 to i64
    %35 = tt.splat %34 : i64 -> tensor<128xi64>
    %36 = arith.addi %35, %33 : tensor<128xi64>
    %37 = arith.extsi %arg7 : i32 to i64
    %38 = tt.splat %37 : i64 -> tensor<128xi64>
    %39 = arith.remsi %36, %38 : tensor<128xi64>
    %40 = tt.expand_dims %27 {axis = 1 : i32} : tensor<32xi64> -> tensor<32x1xi64>
    %41 = arith.extsi %arg12 : i32 to i64
    %42 = tt.splat %41 : i64 -> tensor<32x1xi64>
    %43 = arith.muli %40, %42 : tensor<32x1xi64>
    %44 = tt.expand_dims %32 {axis = 0 : i32} : tensor<128xi32> -> tensor<1x128xi32>
    %45 = arith.extsi %44 : tensor<1x128xi32> to tensor<1x128xi64>
    %46 = tt.broadcast %43 : tensor<32x1xi64> -> tensor<32x128xi64>
    %47 = tt.broadcast %45 : tensor<1x128xi64> -> tensor<32x128xi64>
    %48 = arith.addi %46, %47 : tensor<32x128xi64>
    %49 = tt.splat %arg0 : !tt.ptr<bf16> -> tensor<32x128x!tt.ptr<bf16>>
    %50 = tt.addptr %49, %48 : tensor<32x128x!tt.ptr<bf16>>, tensor<32x128xi64>
    %51 = arith.extsi %arg13 : i32 to i64
    %52 = arith.muli %30, %51 : i64
    %53 = tt.addptr %arg1, %52 : !tt.ptr<bf16>, i64
    %54 = tt.expand_dims %32 {axis = 1 : i32} : tensor<128xi32> -> tensor<128x1xi32>
    %55 = tt.expand_dims %39 {axis = 0 : i32} : tensor<128xi64> -> tensor<1x128xi64>
    %56 = arith.extsi %arg14 : i32 to i64
    %57 = tt.splat %56 : i64 -> tensor<1x128xi64>
    %58 = arith.muli %55, %57 : tensor<1x128xi64>
    %59 = arith.extsi %54 : tensor<128x1xi32> to tensor<128x1xi64>
    %60 = tt.broadcast %59 : tensor<128x1xi64> -> tensor<128x128xi64>
    %61 = tt.broadcast %58 : tensor<1x128xi64> -> tensor<128x128xi64>
    %62 = arith.addi %60, %61 : tensor<128x128xi64>
    %63 = tt.splat %53 : !tt.ptr<bf16> -> tensor<128x128x!tt.ptr<bf16>>
    %64 = tt.addptr %63, %62 : tensor<128x128x!tt.ptr<bf16>>, tensor<128x128xi64>
    %65:3 = scf.for %arg16 = %c0_i32 to %arg8 step %c128_i32 iter_args(%arg17 = %50, %arg18 = %64, %arg19 = %cst_0) -> (tensor<32x128x!tt.ptr<bf16>>, tensor<128x128x!tt.ptr<bf16>>, tensor<32x128xf32>)  : i32 {
      %93 = tt.expand_dims %26 {axis = 1 : i32} : tensor<32xi1> -> tensor<32x1xi1>
      %94 = tt.broadcast %93 : tensor<32x1xi1> -> tensor<32x128xi1>
      %95 = tt.load %arg17, %94, %cst : tensor<32x128x!tt.ptr<bf16>>
      %96 = tt.load %arg18 : tensor<128x128x!tt.ptr<bf16>>
      %97 = tt.dot %95, %96, %arg19, inputPrecision = tf32 : tensor<32x128xbf16> * tensor<128x128xbf16> -> tensor<32x128xf32>
      %98 = tt.addptr %arg17, %cst_4 : tensor<32x128x!tt.ptr<bf16>>, tensor<32x128xi32>
      %99 = tt.addptr %arg18, %cst_3 : tensor<128x128x!tt.ptr<bf16>>, tensor<128x128xi32>
      scf.yield %98, %99, %97 : tensor<32x128x!tt.ptr<bf16>>, tensor<128x128x!tt.ptr<bf16>>, tensor<32x128xf32>
    }
    %66 = tt.splat %arg3 : !tt.ptr<f32> -> tensor<32x!tt.ptr<f32>>
    %67 = tt.addptr %66, %27 : tensor<32x!tt.ptr<f32>>, tensor<32xi64>
    %68 = tt.load %67, %26, %cst_2 : tensor<32x!tt.ptr<f32>>
    %69 = tt.expand_dims %68 {axis = 1 : i32} : tensor<32xf32> -> tensor<32x1xf32>
    %70 = tt.broadcast %69 : tensor<32x1xf32> -> tensor<32x128xf32>
    %71 = arith.mulf %65#2, %70 : tensor<32x128xf32>
    %72 = arith.truncf %71 : tensor<32x128xf32> to tensor<32x128xbf16>
    %73 = tt.splat %31 : i32 -> tensor<128xi32>
    %74 = arith.addi %73, %32 : tensor<128xi32>
    %75 = tt.expand_dims %26 {axis = 1 : i32} : tensor<32xi1> -> tensor<32x1xi1>
    %76 = tt.expand_dims %74 {axis = 0 : i32} : tensor<128xi32> -> tensor<1x128xi32>
    %77 = tt.splat %arg7 : i32 -> tensor<1x128xi32>
    %78 = arith.cmpi slt, %76, %77 : tensor<1x128xi32>
    %79 = tt.broadcast %75 : tensor<32x1xi1> -> tensor<32x128xi1>
    %80 = tt.broadcast %78 : tensor<1x128xi1> -> tensor<32x128xi1>
    %81 = arith.andi %79, %80 : tensor<32x128xi1>
    %82 = arith.divsi %27, %cst_1 : tensor<32xi64>
    %83 = tt.expand_dims %82 {axis = 1 : i32} : tensor<32xi64> -> tensor<32x1xi64>
    %84 = arith.extsi %arg15 : i32 to i64
    %85 = tt.splat %84 : i64 -> tensor<32x1xi64>
    %86 = arith.muli %85, %83 : tensor<32x1xi64>
    %87 = tt.splat %arg2 : !tt.ptr<bf16> -> tensor<32x1x!tt.ptr<bf16>>
    %88 = tt.addptr %87, %86 : tensor<32x1x!tt.ptr<bf16>>, tensor<32x1xi64>
    %89 = tt.broadcast %88 : tensor<32x1x!tt.ptr<bf16>> -> tensor<32x128x!tt.ptr<bf16>>
    %90 = tt.broadcast %76 : tensor<1x128xi32> -> tensor<32x128xi32>
    %91 = tt.addptr %89, %90 : tensor<32x128x!tt.ptr<bf16>>, tensor<32x128xi32>
    %92 = tt.atomic_rmw fadd, acq_rel, gpu, %91, %72, %81 : (tensor<32x128x!tt.ptr<bf16>>, tensor<32x128xbf16>, tensor<32x128xi1>) -> tensor<32x128xbf16>
    tt.return
  }
}

{-#
  external_resources: {
    mlir_reproducer: {
      pipeline: "builtin.module(convert-triton-to-tritongpu{enable-source-remat=false num-ctas=1 num-warps=1 target=cuda:90 threads-per-warp=32}, tritongpu-coalesce, tritongpu-F32DotTC{emu-tf32=true}, triton-nvidia-gpu-plan-cta, tritongpu-remove-layout-conversions, tritongpu-optimize-thread-locality, tritongpu-accelerate-matmul, tritongpu-remove-layout-conversions, tritongpu-optimize-dot-operands{hoist-layout-conversion=true}, triton-nvidia-optimize-descriptor-encoding, triton-loop-aware-cse, tritongpu-fuse-nested-loops, canonicalize{  max-iterations=10 max-num-rewrites=-1 region-simplify=normal test-convergence=false top-down=true}, triton-licm, canonicalize{  max-iterations=10 max-num-rewrites=-1 region-simplify=normal test-convergence=false top-down=true}, tritongpu-combine-tensor-select-and-if, nvgpu-warp-specialization{dump-intermediate-steps=false num-stages=3}, tritongpu-assign-latencies{num-stages=3}, tritongpu-schedule-loops, tritongpu-pipeline{dump-intermediate-steps=false num-stages=3}, canonicalize{  max-iterations=10 max-num-rewrites=-1 region-simplify=normal test-convergence=false top-down=true}, triton-loop-aware-cse, tritongpu-prefetch, tritongpu-optimize-dot-operands{hoist-layout-conversion=true}, tritongpu-coalesce-async-copy, triton-nvidia-optimize-tmem-layouts, triton-nvidia-tma-lowering, tritongpu-remove-layout-conversions, triton-nvidia-interleave-tmem, tritongpu-reduce-data-duplication, tritongpu-reorder-instructions, triton-loop-aware-cse, symbol-dce, triton-nvidia-gpu-fence-insertion{compute-capability=90}, triton-nvidia-mma-lowering, sccp, cse, canonicalize{  max-iterations=10 max-num-rewrites=-1 region-simplify=normal test-convergence=false top-down=true})",
      disable_threading: true,
      verify_each: true
    }
  }
#-}
/home/guancheng/zsh/fusion/glm52_h200/kernels/moe_down_merge.py:506:0: error: Failures have been detected while processing an MLIR pass pipeline
/home/guancheng/zsh/fusion/glm52_h200/kernels/moe_down_merge.py:506:0: note: Pipeline failed while executing [`TritonGPURemoveLayoutConversions` on 'builtin.module' operation]: reproducer generated at `std::errs, please share the reproducer above with Triton project.`
/home/guancheng/zsh/fusion/glm52_h200/kernels/moe_down_merge.py:566:50: error: operand #0 does not dominate this use
    safe_token = tl.where(token_mask, offs_token, 0)
                                                 ^
/home/guancheng/zsh/fusion/glm52_h200/kernels/moe_down_merge.py:631:36: note: operand defined here (op in the same block)
    c_mask = token_mask[:, None] & (offs_cn[None, :] < N)
                                   ^
module {
  tt.func public @moe_down_kernel(%arg0: !tt.ptr<bf16> {tt.divisibility = 16 : i32}, %arg1: !tt.ptr<bf16> {tt.divisibility = 16 : i32}, %arg2: !tt.ptr<bf16> {tt.divisibility = 16 : i32}, %arg3: !tt.ptr<f32> {tt.divisibility = 16 : i32}, %arg4: !tt.ptr<i32> {tt.divisibility = 16 : i32}, %arg5: !tt.ptr<i32> {tt.divisibility = 16 : i32}, %arg6: !tt.ptr<i32> {tt.divisibility = 16 : i32}, %arg7: i32 {tt.divisibility = 16 : i32}, %arg8: i32 {tt.divisibility = 16 : i32}, %arg9: i32, %arg10: i32, %arg11: i32 {tt.divisibility = 16 : i32}, %arg12: i32 {tt.divisibility = 16 : i32}, %arg13: i32 {tt.divisibility = 16 : i32}, %arg14: i32 {tt.divisibility = 16 : i32}, %arg15: i32 {tt.divisibility = 16 : i32}) attributes {noinline = false} {
    %cst = arith.constant dense<0.000000e+00> : tensor<32x128xbf16>
    %cst_0 = arith.constant dense<0.000000e+00> : tensor<32x128xf32>
    %c127_i32 = arith.constant 127 : i32
    %c31_i32 = arith.constant 31 : i32
    %c0_i32 = arith.constant 0 : i32
    %cst_1 = arith.constant dense<8> : tensor<32xi64>
    %cst_2 = arith.constant dense<0.000000e+00> : tensor<32xf32>
    %cst_3 = arith.constant dense<128> : tensor<128x128xi32>
    %cst_4 = arith.constant dense<128> : tensor<32x128xi32>
    %c128_i32 = arith.constant 128 : i32
    %cst_5 = arith.constant dense<0> : tensor<32xi64>
    %c32_i32 = arith.constant 32 : i32
    %c1_i32 = arith.constant 1 : i32
    %0 = tt.get_program_id x : i32
    %1 = arith.addi %arg9, %c31_i32 : i32
    %2 = arith.divsi %1, %c32_i32 : i32
    %3 = arith.addi %arg7, %c127_i32 : i32
    %4 = arith.divsi %3, %c128_i32 : i32
    %5 = arith.divsi %0, %4 : i32
    %6 = arith.subi %2, %5 : i32
    %7 = arith.minsi %6, %c1_i32 : i32
    %8 = arith.remsi %0, %4 : i32
    %9 = arith.remsi %8, %7 : i32
    %10 = arith.addi %5, %9 : i32
    %11 = arith.divsi %8, %7 : i32
    %12 = tt.load %arg6 : !tt.ptr<i32>
    %13 = arith.muli %10, %c32_i32 : i32
    %14 = arith.cmpi sge, %13, %12 : i32
    cf.cond_br %14, ^bb1, ^bb2
  ^bb1:  // pred: ^bb0
    tt.return
  ^bb2:  // pred: ^bb0
    %15 = tt.make_range {end = 32 : i32, start = 0 : i32} : tensor<32xi32>
    %16 = arith.extsi %15 : tensor<32xi32> to tensor<32xi64>
    %17 = arith.extsi %13 : i32 to i64
    %18 = tt.splat %17 : i64 -> tensor<32xi64>
    %19 = arith.addi %18, %16 : tensor<32xi64>
    %20 = tt.splat %arg4 : !tt.ptr<i32> -> tensor<32x!tt.ptr<i32>>
    %21 = tt.addptr %20, %19 : tensor<32x!tt.ptr<i32>>, tensor<32xi64>
    %22 = tt.load %21 : tensor<32x!tt.ptr<i32>>
    %23 = arith.extsi %22 : tensor<32xi32> to tensor<32xi64>
    %24 = arith.extsi %arg10 : i32 to i64
    %25 = tt.splat %24 : i64 -> tensor<32xi64>
    %26 = arith.cmpi slt, %23, %25 : tensor<32xi64>
    %27 = arith.select %26, %23, %cst_5 : tensor<32xi1>, tensor<32xi64>
    %28 = tt.addptr %arg5, %10 : !tt.ptr<i32>, i32
    %29 = tt.load %28 : !tt.ptr<i32>
    %30 = arith.extsi %29 : i32 to i64
    %31 = arith.muli %11, %c128_i32 : i32
    %32 = tt.make_range {end = 128 : i32, start = 0 : i32} : tensor<128xi32>
    %33 = arith.extsi %32 : tensor<128xi32> to tensor<128xi64>
    %34 = arith.extsi %31 : i32 to i64
    %35 = tt.splat %34 : i64 -> tensor<128xi64>
    %36 = arith.addi %35, %33 : tensor<128xi64>
    %37 = arith.extsi %arg7 : i32 to i64
    %38 = tt.splat %37 : i64 -> tensor<128xi64>
    %39 = arith.remsi %36, %38 : tensor<128xi64>
    %40 = tt.expand_dims %27 {axis = 1 : i32} : tensor<32xi64> -> tensor<32x1xi64>
    %41 = arith.extsi %arg12 : i32 to i64
    %42 = tt.splat %41 : i64 -> tensor<32x1xi64>
    %43 = arith.muli %40, %42 : tensor<32x1xi64>
    %44 = tt.expand_dims %32 {axis = 0 : i32} : tensor<128xi32> -> tensor<1x128xi32>
    %45 = arith.extsi %44 : tensor<1x128xi32> to tensor<1x128xi64>
    %46 = tt.broadcast %43 : tensor<32x1xi64> -> tensor<32x128xi64>
    %47 = tt.broadcast %45 : tensor<1x128xi64> -> tensor<32x128xi64>
    %48 = arith.addi %46, %47 : tensor<32x128xi64>
    %49 = tt.splat %arg0 : !tt.ptr<bf16> -> tensor<32x128x!tt.ptr<bf16>>
    %50 = tt.addptr %49, %48 : tensor<32x128x!tt.ptr<bf16>>, tensor<32x128xi64>
    %51 = arith.extsi %arg13 : i32 to i64
    %52 = arith.muli %30, %51 : i64
    %53 = tt.addptr %arg1, %52 : !tt.ptr<bf16>, i64
    %54 = tt.expand_dims %32 {axis = 1 : i32} : tensor<128xi32> -> tensor<128x1xi32>
    %55 = tt.expand_dims %39 {axis = 0 : i32} : tensor<128xi64> -> tensor<1x128xi64>
    %56 = arith.extsi %arg14 : i32 to i64
    %57 = tt.splat %56 : i64 -> tensor<1x128xi64>
    %58 = arith.muli %55, %57 : tensor<1x128xi64>
    %59 = arith.extsi %54 : tensor<128x1xi32> to tensor<128x1xi64>
    %60 = tt.broadcast %59 : tensor<128x1xi64> -> tensor<128x128xi64>
    %61 = tt.broadcast %58 : tensor<1x128xi64> -> tensor<128x128xi64>
    %62 = arith.addi %60, %61 : tensor<128x128xi64>
    %63 = tt.splat %53 : !tt.ptr<bf16> -> tensor<128x128x!tt.ptr<bf16>>
    %64 = tt.addptr %63, %62 : tensor<128x128x!tt.ptr<bf16>>, tensor<128x128xi64>
    %65:3 = scf.for %arg16 = %c0_i32 to %arg8 step %c128_i32 iter_args(%arg17 = %50, %arg18 = %64, %arg19 = %cst_0) -> (tensor<32x128x!tt.ptr<bf16>>, tensor<128x128x!tt.ptr<bf16>>, tensor<32x128xf32>)  : i32 {
      %93 = tt.expand_dims %26 {axis = 1 : i32} : tensor<32xi1> -> tensor<32x1xi1>
      %94 = tt.broadcast %93 : tensor<32x1xi1> -> tensor<32x128xi1>
      %95 = tt.load %arg17, %94, %cst : tensor<32x128x!tt.ptr<bf16>>
      %96 = tt.load %arg18 : tensor<128x128x!tt.ptr<bf16>>
      %97 = tt.dot %95, %96, %arg19, inputPrecision = tf32 : tensor<32x128xbf16> * tensor<128x128xbf16> -> tensor<32x128xf32>
      %98 = tt.addptr %arg17, %cst_4 : tensor<32x128x!tt.ptr<bf16>>, tensor<32x128xi32>
      %99 = tt.addptr %arg18, %cst_3 : tensor<128x128x!tt.ptr<bf16>>, tensor<128x128xi32>
      scf.yield %98, %99, %97 : tensor<32x128x!tt.ptr<bf16>>, tensor<128x128x!tt.ptr<bf16>>, tensor<32x128xf32>
    }
    %66 = tt.splat %arg3 : !tt.ptr<f32> -> tensor<32x!tt.ptr<f32>>
    %67 = tt.addptr %66, %27 : tensor<32x!tt.ptr<f32>>, tensor<32xi64>
    %68 = tt.load %67, %26, %cst_2 : tensor<32x!tt.ptr<f32>>
    %69 = tt.expand_dims %68 {axis = 1 : i32} : tensor<32xf32> -> tensor<32x1xf32>
    %70 = tt.broadcast %69 : tensor<32x1xf32> -> tensor<32x128xf32>
    %71 = arith.mulf %65#2, %70 : tensor<32x128xf32>
    %72 = arith.truncf %71 : tensor<32x128xf32> to tensor<32x128xbf16>
    %73 = tt.splat %31 : i32 -> tensor<128xi32>
    %74 = arith.addi %73, %32 : tensor<128xi32>
    %75 = tt.expand_dims %26 {axis = 1 : i32} : tensor<32xi1> -> tensor<32x1xi1>
    %76 = tt.expand_dims %74 {axis = 0 : i32} : tensor<128xi32> -> tensor<1x128xi32>
    %77 = tt.splat %arg7 : i32 -> tensor<1x128xi32>
    %78 = arith.cmpi slt, %76, %77 : tensor<1x128xi32>
    %79 = tt.broadcast %75 : tensor<32x1xi1> -> tensor<32x128xi1>
    %80 = tt.broadcast %78 : tensor<1x128xi1> -> tensor<32x128xi1>
    %81 = arith.andi %79, %80 : tensor<32x128xi1>
    %82 = arith.divsi %27, %cst_1 : tensor<32xi64>
    %83 = tt.expand_dims %82 {axis = 1 : i32} : tensor<32xi64> -> tensor<32x1xi64>
    %84 = arith.extsi %arg15 : i32 to i64
    %85 = tt.splat %84 : i64 -> tensor<32x1xi64>
    %86 = arith.muli %85, %83 : tensor<32x1xi64>
    %87 = tt.splat %arg2 : !tt.ptr<bf16> -> tensor<32x1x!tt.ptr<bf16>>
    %88 = tt.addptr %87, %86 : tensor<32x1x!tt.ptr<bf16>>, tensor<32x1xi64>
    %89 = tt.broadcast %88 : tensor<32x1x!tt.ptr<bf16>> -> tensor<32x128x!tt.ptr<bf16>>
    %90 = tt.broadcast %76 : tensor<1x128xi32> -> tensor<32x128xi32>
    %91 = tt.addptr %89, %90 : tensor<32x128x!tt.ptr<bf16>>, tensor<32x128xi32>
    %92 = tt.atomic_rmw fadd, acq_rel, gpu, %91, %72, %81 : (tensor<32x128x!tt.ptr<bf16>>, tensor<32x128xbf16>, tensor<32x128xi1>) -> tensor<32x128xbf16>
    tt.return
  }
}

{-#
  external_resources: {
    mlir_reproducer: {
      pipeline: "builtin.module(convert-triton-to-tritongpu{enable-source-remat=false num-ctas=1 num-warps=1 target=cuda:90 threads-per-warp=32}, tritongpu-coalesce, tritongpu-F32DotTC{emu-tf32=true}, triton-nvidia-gpu-plan-cta, tritongpu-remove-layout-conversions, tritongpu-optimize-thread-locality, tritongpu-accelerate-matmul, tritongpu-remove-layout-conversions, tritongpu-optimize-dot-operands{hoist-layout-conversion=true}, triton-nvidia-optimize-descriptor-encoding, triton-loop-aware-cse, tritongpu-fuse-nested-loops, canonicalize{  max-iterations=10 max-num-rewrites=-1 region-simplify=normal test-convergence=false top-down=true}, triton-licm, canonicalize{  max-iterations=10 max-num-rewrites=-1 region-simplify=normal test-convergence=false top-down=true}, tritongpu-combine-tensor-select-and-if, nvgpu-warp-specialization{dump-intermediate-steps=false num-stages=3}, tritongpu-assign-latencies{num-stages=3}, tritongpu-schedule-loops, tritongpu-pipeline{dump-intermediate-steps=false num-stages=3}, canonicalize{  max-iterations=10 max-num-rewrites=-1 region-simplify=normal test-convergence=false top-down=true}, triton-loop-aware-cse, tritongpu-prefetch, tritongpu-optimize-dot-operands{hoist-layout-conversion=true}, tritongpu-coalesce-async-copy, triton-nvidia-optimize-tmem-layouts, triton-nvidia-tma-lowering, tritongpu-remove-layout-conversions, triton-nvidia-interleave-tmem, tritongpu-reduce-data-duplication, tritongpu-reorder-instructions, triton-loop-aware-cse, symbol-dce, triton-nvidia-gpu-fence-insertion{compute-capability=90}, triton-nvidia-mma-lowering, sccp, cse, canonicalize{  max-iterations=10 max-num-rewrites=-1 region-simplify=normal test-convergence=false top-down=true})",
      disable_threading: true,
      verify_each: true
    }
  }
#-}
/home/guancheng/zsh/fusion/glm52_h200/kernels/moe_down_merge.py:506:0: error: Failures have been detected while processing an MLIR pass pipeline
/home/guancheng/zsh/fusion/glm52_h200/kernels/moe_down_merge.py:506:0: note: Pipeline failed while executing [`TritonGPURemoveLayoutConversions` on 'builtin.module' operation]: reproducer generated at `std::errs, please share the reproducer above with Triton project.`
  [cfgs] w2+merge(atomic)      1.4957 ms  (39 cfgs tried)  {'BLOCK_M': 32, 'BLOCK_N': 128, 'BLOCK_K': 128, 'GROUP_M': 1, 'num_warps': 8, 'num_stages': 3}
  [cfgs] moe_sum               0.0252 ms  (15 cfgs tried)  {'BLOCK_M': 4, 'BLOCK_DIM': 512, 'num_warps': 8, 'num_stages': 3}
  [cfgs] resadd                0.0124 ms  (17 cfgs tried)  {'BLOCK_M': 4, 'BLOCK_N': 256, 'num_warps': 8, 'num_stages': 4}
  [cfgs] router prenorm     tile sweep    0.0350 ms (46 cfgs, 0 fail)
  [cfgs] router prenorm        0.0349 ms  (37 cfgs tried)  {'BLOCK_M': 64, 'BLOCK_N': 32, 'BLOCK_K': 128, 'GROUP_M': 4, 'num_warps': 8, 'num_stages': 3}
  [cfgs] w13 prenorm        tile sweep    2.8932 ms (48 cfgs, 1 fail)
  [cfgs] w13 prenorm           2.8902 ms  (19 cfgs tried)  {'BLOCK_M': 64, 'BLOCK_N': 256, 'BLOCK_K': 128, 'GROUP_M': 8, 'num_warps': 8, 'num_stages': 3}
  [shared] tuning w13 (32), act (18), w2 (32)
  [shared] w13 0.0628 {'BLOCK_M': 64, 'BLOCK_N': 128, 'BLOCK_K': 64, 'GROUP_M': 8, 'num_warps': 8, 'num_stages': 3} | act 0.0076 | w2 0.0328 {'BLOCK_M': 64, 'BLOCK_N': 128, 'BLOCK_K': 64, 'GROUP_M': 8, 'num_warps': 4, 'num_stages': 3}
  A_all_unfused      ok  (14 kernels)  relerr 7.81e-03
  N_f11b             ok  (14 kernels)  relerr 7.81e-03
  O_f11ab            !! FAILS CORRECTNESS relerr=1.789e-01 -- excluded
  P_f10_f11ab        !! FAILS CORRECTNESS relerr=2.266e-01 -- excluded
  Q_f8_f11ab         !! FAILS CORRECTNESS relerr=1.984e-01 -- excluded
  R_f1_f10_f11ab     !! FAILS CORRECTNESS relerr=1.930e-01 -- excluded
    pass1 round 0: A_all_unfused=4.8414  N_f11b=4.8495
    pass1 round 1: A_all_unfused=4.8458  N_f11b=4.8530
    pass1 round 2: A_all_unfused=4.8427  N_f11b=5.2987
    pass1 round 3: A_all_unfused=4.8489  N_f11b=4.8900
    pass1 round 4: A_all_unfused=4.8420  N_f11b=4.8478
    pass1 round 5: A_all_unfused=5.0082  N_f11b=4.9257
    pass1 round 6: A_all_unfused=4.8859  N_f11b=4.8510
    pass1 round 7: A_all_unfused=4.8700  N_f11b=4.8516
    pass2 round 0: A_all_unfused=4.9422  N_f11b=4.9649
    pass2 round 1: A_all_unfused=4.8466  N_f11b=4.8972
    pass2 round 2: A_all_unfused=4.8595  N_f11b=4.8958
    pass2 round 3: A_all_unfused=4.9092  N_f11b=4.9449
    pass2 round 4: A_all_unfused=4.8842  N_f11b=4.8683
    pass2 round 5: A_all_unfused=4.8674  N_f11b=4.8507
    pass2 round 6: A_all_unfused=4.9256  N_f11b=4.9077
    pass2 round 7: A_all_unfused=4.8670  N_f11b=4.8903
  --> TIED: A_all_unfused, N_f11b
      pass1: best A_all_unfused gap 0.00491 ms vs round noise 0.45088 ms -> tied with A_all_unfused, N_f11b
      pass2: best A_all_unfused gap 0.02072 ms vs round noise 0.11421 ms -> tied with A_all_unfused, N_f11b
      best/all-unfused = 1.0000x

===== decode_bs1024 =====
  [cfgs] oproj gemm         tile sweep    0.8210 ms (48 cfgs, 2 fail)
  [cfgs] oproj gemm            0.5920 ms  (37 cfgs tried)  {'BLOCK_M': 64, 'BLOCK_N': 256, 'BLOCK_K': 64, 'GROUP_M': 16, 'num_warps': 4, 'num_stages': 4}
  [cfgs] oproj gemm+res     tile sweep    0.7486 ms (48 cfgs, 2 fail)
  [cfgs] oproj gemm+res        0.6572 ms  (35 cfgs tried)  {'BLOCK_M': 128, 'BLOCK_N': 128, 'BLOCK_K': 128, 'GROUP_M': 8, 'num_warps': 8, 'num_stages': 3}
  [cfgs] oproj epi             0.0156 ms  (12 cfgs tried)  {'BLOCK': 1024, 'num_warps': 4, 'num_stages': 1}
  [cfgs] add                   0.0638 ms  (16 cfgs tried)  {'ROWS': 8, 'BLOCK_N': 256, 'num_warps': 16, 'num_stages': 4, 'grid_cap': None, 'eps': 1e-05}
  [cfgs] rmsnorm               0.0401 ms  (16 cfgs tried)  {'ROWS': 8, 'BLOCK_N': 256, 'num_warps': 16, 'num_stages': 4, 'grid_cap': None, 'eps': 1e-05}
  [cfgs] add+rmsnorm           0.0204 ms  (14 cfgs tried)  {'ROWS': 4, 'BLOCK_N': 2048, 'num_warps': 32, 'num_stages': 1, 'grid_cap': None, 'eps': 1e-05}
  [cfgs] router gemm           0.1133 ms  (30 cfgs tried)  {'BLOCK_M': 16, 'BLOCK_K': 128, 'BLOCK_E': 256, 'num_warps': 8, 'num_stages': 2}
  [cfgs] topk                  0.0765 ms  (17 cfgs tried)  {'BLOCK_M': 64, 'BLOCK_K': 128, 'BLOCK_E': 64, 'num_warps': 16, 'num_stages': 2}
  [cfgs] f5 norm+router        0.0650 ms  (31 cfgs tried)  {'BLOCK_M': 16, 'BLOCK_K': 128, 'BLOCK_E': 128, 'num_warps': 8, 'num_stages': 3}
  [cfgs] f4 add+norm+rt        0.0787 ms  (31 cfgs tried)  {'BLOCK_M': 32, 'BLOCK_K': 128, 'BLOCK_E': 64, 'num_warps': 8, 'num_stages': 3}
  [cfgs] w13 gemm           tile sweep    3.0521 ms (47 cfgs, 1 fail)
/home/guancheng/zsh/fusion/glm52_h200/kernels/moe_gateup.py:641:24: error: operand #0 does not dominate this use
    c_mask = token_mask[:, None] & (offs_cn[None, :] < N)
                       ^
/home/guancheng/zsh/fusion/glm52_h200/kernels/moe_gateup.py:475:44: note: operand defined here (op in a child region)
        a = tl.load(a_ptrs, mask=token_mask[:, None], other=0.0)
                                           ^
module {
  tt.func public @moe_gateup_kernel(%arg0: !tt.ptr<bf16> {tt.divisibility = 16 : i32}, %arg1: !tt.ptr<bf16> {tt.divisibility = 16 : i32}, %arg2: !tt.ptr<bf16> {tt.divisibility = 16 : i32}, %arg3: !tt.ptr<i32> {tt.divisibility = 16 : i32}, %arg4: !tt.ptr<i32> {tt.divisibility = 16 : i32}, %arg5: !tt.ptr<i32> {tt.divisibility = 16 : i32}, %arg6: i32 {tt.divisibility = 16 : i32}, %arg7: i32 {tt.divisibility = 16 : i32}, %arg8: i32 {tt.divisibility = 16 : i32}, %arg9: i32 {tt.divisibility = 16 : i32}, %arg10: i32 {tt.divisibility = 16 : i32}, %arg11: i32 {tt.divisibility = 16 : i32}, %arg12: i32 {tt.divisibility = 16 : i32}, %arg13: i32 {tt.divisibility = 16 : i32}, %arg14: i32 {tt.divisibility = 16 : i32}) attributes {noinline = false} {
    %cst = arith.constant dense<0.000000e+00> : tensor<64x128xbf16>
    %cst_0 = arith.constant dense<0.000000e+00> : tensor<64x128xf32>
    %c127_i32 = arith.constant 127 : i32
    %c63_i32 = arith.constant 63 : i32
    %c0_i32 = arith.constant 0 : i32
    %cst_1 = arith.constant dense<128> : tensor<128x128xi32>
    %cst_2 = arith.constant dense<128> : tensor<64x128xi32>
    %cst_3 = arith.constant dense<8> : tensor<64x1xi64>
    %cst_4 = arith.constant dense<0> : tensor<64xi64>
    %c128_i32 = arith.constant 128 : i32
    %c64_i32 = arith.constant 64 : i32
    %c1_i32 = arith.constant 1 : i32
    %0 = tt.get_program_id x : i32
    %1 = arith.addi %arg8, %c63_i32 : i32
    %2 = arith.divsi %1, %c64_i32 : i32
    %3 = arith.addi %arg6, %c127_i32 : i32
    %4 = arith.divsi %3, %c128_i32 : i32
    %5 = arith.divsi %0, %4 : i32
    %6 = arith.subi %2, %5 : i32
    %7 = arith.minsi %6, %c1_i32 : i32
    %8 = arith.remsi %0, %4 : i32
    %9 = arith.remsi %8, %7 : i32
    %10 = arith.addi %5, %9 : i32
    %11 = arith.divsi %8, %7 : i32
    %12 = tt.load %arg5 : !tt.ptr<i32>
    %13 = arith.muli %10, %c64_i32 : i32
    %14 = arith.cmpi sge, %13, %12 : i32
    cf.cond_br %14, ^bb1, ^bb2
  ^bb1:  // pred: ^bb0
    tt.return
  ^bb2:  // pred: ^bb0
    %15 = tt.make_range {end = 64 : i32, start = 0 : i32} : tensor<64xi32>
    %16 = arith.extsi %15 : tensor<64xi32> to tensor<64xi64>
    %17 = arith.extsi %13 : i32 to i64
    %18 = tt.splat %17 : i64 -> tensor<64xi64>
    %19 = arith.addi %18, %16 : tensor<64xi64>
    %20 = tt.splat %arg3 : !tt.ptr<i32> -> tensor<64x!tt.ptr<i32>>
    %21 = tt.addptr %20, %19 : tensor<64x!tt.ptr<i32>>, tensor<64xi64>
    %22 = tt.load %21 : tensor<64x!tt.ptr<i32>>
    %23 = arith.extsi %22 : tensor<64xi32> to tensor<64xi64>
    %24 = arith.extsi %arg9 : i32 to i64
    %25 = tt.splat %24 : i64 -> tensor<64xi64>
    %26 = arith.cmpi slt, %23, %25 : tensor<64xi64>
    %27 = tt.addptr %arg4, %10 : !tt.ptr<i32>, i32
    %28 = tt.load %27 : !tt.ptr<i32>
    %29 = arith.extsi %28 : i32 to i64
    %30 = arith.muli %11, %c128_i32 : i32
    %31 = tt.make_range {end = 128 : i32, start = 0 : i32} : tensor<128xi32>
    %32 = arith.extsi %31 : tensor<128xi32> to tensor<128xi64>
    %33 = arith.extsi %30 : i32 to i64
    %34 = tt.splat %33 : i64 -> tensor<128xi64>
    %35 = arith.addi %34, %32 : tensor<128xi64>
    %36 = arith.extsi %arg6 : i32 to i64
    %37 = tt.splat %36 : i64 -> tensor<128xi64>
    %38 = arith.remsi %35, %37 : tensor<128xi64>
    %39 = arith.select %26, %23, %cst_4 : tensor<64xi1>, tensor<64xi64>
    %40 = tt.expand_dims %39 {axis = 1 : i32} : tensor<64xi64> -> tensor<64x1xi64>
    %41 = arith.divsi %40, %cst_3 : tensor<64x1xi64>
    %42 = arith.extsi %arg11 : i32 to i64
    %43 = tt.splat %42 : i64 -> tensor<64x1xi64>
    %44 = arith.muli %41, %43 : tensor<64x1xi64>
    %45 = tt.expand_dims %31 {axis = 0 : i32} : tensor<128xi32> -> tensor<1x128xi32>
    %46 = arith.extsi %45 : tensor<1x128xi32> to tensor<1x128xi64>
    %47 = tt.broadcast %44 : tensor<64x1xi64> -> tensor<64x128xi64>
    %48 = tt.broadcast %46 : tensor<1x128xi64> -> tensor<64x128xi64>
    %49 = arith.addi %47, %48 : tensor<64x128xi64>
    %50 = tt.splat %arg0 : !tt.ptr<bf16> -> tensor<64x128x!tt.ptr<bf16>>
    %51 = tt.addptr %50, %49 : tensor<64x128x!tt.ptr<bf16>>, tensor<64x128xi64>
    %52 = arith.extsi %arg12 : i32 to i64
    %53 = arith.muli %29, %52 : i64
    %54 = tt.addptr %arg1, %53 : !tt.ptr<bf16>, i64
    %55 = tt.expand_dims %31 {axis = 1 : i32} : tensor<128xi32> -> tensor<128x1xi32>
    %56 = tt.expand_dims %38 {axis = 0 : i32} : tensor<128xi64> -> tensor<1x128xi64>
    %57 = arith.extsi %arg13 : i32 to i64
    %58 = tt.splat %57 : i64 -> tensor<1x128xi64>
    %59 = arith.muli %56, %58 : tensor<1x128xi64>
    %60 = arith.extsi %55 : tensor<128x1xi32> to tensor<128x1xi64>
    %61 = tt.broadcast %60 : tensor<128x1xi64> -> tensor<128x128xi64>
    %62 = tt.broadcast %59 : tensor<1x128xi64> -> tensor<128x128xi64>
    %63 = arith.addi %61, %62 : tensor<128x128xi64>
    %64 = tt.splat %54 : !tt.ptr<bf16> -> tensor<128x128x!tt.ptr<bf16>>
    %65 = tt.addptr %64, %63 : tensor<128x128x!tt.ptr<bf16>>, tensor<128x128xi64>
    %66:3 = scf.for %arg15 = %c0_i32 to %arg7 step %c128_i32 iter_args(%arg16 = %51, %arg17 = %65, %arg18 = %cst_0) -> (tensor<64x128x!tt.ptr<bf16>>, tensor<128x128x!tt.ptr<bf16>>, tensor<64x128xf32>)  : i32 {
      %85 = tt.expand_dims %26 {axis = 1 : i32} : tensor<64xi1> -> tensor<64x1xi1>
      %86 = tt.broadcast %85 : tensor<64x1xi1> -> tensor<64x128xi1>
      %87 = tt.load %arg16, %86, %cst : tensor<64x128x!tt.ptr<bf16>>
      %88 = tt.load %arg17 : tensor<128x128x!tt.ptr<bf16>>
      %89 = tt.dot %87, %88, %arg18, inputPrecision = tf32 : tensor<64x128xbf16> * tensor<128x128xbf16> -> tensor<64x128xf32>
      %90 = tt.addptr %arg16, %cst_2 : tensor<64x128x!tt.ptr<bf16>>, tensor<64x128xi32>
      %91 = tt.addptr %arg17, %cst_1 : tensor<128x128x!tt.ptr<bf16>>, tensor<128x128xi32>
      scf.yield %90, %91, %89 : tensor<64x128x!tt.ptr<bf16>>, tensor<128x128x!tt.ptr<bf16>>, tensor<64x128xf32>
    }
    %67 = arith.truncf %66#2 : tensor<64x128xf32> to tensor<64x128xbf16>
    %68 = tt.splat %30 : i32 -> tensor<128xi32>
    %69 = arith.addi %68, %31 : tensor<128xi32>
    %70 = arith.extsi %arg14 : i32 to i64
    %71 = tt.splat %70 : i64 -> tensor<64x1xi64>
    %72 = arith.muli %71, %40 : tensor<64x1xi64>
    %73 = tt.splat %arg2 : !tt.ptr<bf16> -> tensor<64x1x!tt.ptr<bf16>>
    %74 = tt.addptr %73, %72 : tensor<64x1x!tt.ptr<bf16>>, tensor<64x1xi64>
    %75 = tt.expand_dims %69 {axis = 0 : i32} : tensor<128xi32> -> tensor<1x128xi32>
    %76 = tt.broadcast %74 : tensor<64x1x!tt.ptr<bf16>> -> tensor<64x128x!tt.ptr<bf16>>
    %77 = tt.broadcast %75 : tensor<1x128xi32> -> tensor<64x128xi32>
    %78 = tt.addptr %76, %77 : tensor<64x128x!tt.ptr<bf16>>, tensor<64x128xi32>
    %79 = tt.expand_dims %26 {axis = 1 : i32} : tensor<64xi1> -> tensor<64x1xi1>
    %80 = tt.splat %arg6 : i32 -> tensor<1x128xi32>
    %81 = arith.cmpi slt, %75, %80 : tensor<1x128xi32>
    %82 = tt.broadcast %79 : tensor<64x1xi1> -> tensor<64x128xi1>
    %83 = tt.broadcast %81 : tensor<1x128xi1> -> tensor<64x128xi1>
    %84 = arith.andi %82, %83 : tensor<64x128xi1>
    tt.store %78, %67, %84 : tensor<64x128x!tt.ptr<bf16>>
    tt.return
  }
}

{-#
  external_resources: {
    mlir_reproducer: {
      pipeline: "builtin.module(convert-triton-to-tritongpu{enable-source-remat=false num-ctas=1 num-warps=1 target=cuda:90 threads-per-warp=32}, tritongpu-coalesce, tritongpu-F32DotTC{emu-tf32=true}, triton-nvidia-gpu-plan-cta, tritongpu-remove-layout-conversions, tritongpu-optimize-thread-locality, tritongpu-accelerate-matmul, tritongpu-remove-layout-conversions, tritongpu-optimize-dot-operands{hoist-layout-conversion=true}, triton-nvidia-optimize-descriptor-encoding, triton-loop-aware-cse, tritongpu-fuse-nested-loops, canonicalize{  max-iterations=10 max-num-rewrites=-1 region-simplify=normal test-convergence=false top-down=true}, triton-licm, canonicalize{  max-iterations=10 max-num-rewrites=-1 region-simplify=normal test-convergence=false top-down=true}, tritongpu-combine-tensor-select-and-if, nvgpu-warp-specialization{dump-intermediate-steps=false num-stages=3}, tritongpu-assign-latencies{num-stages=3}, tritongpu-schedule-loops, tritongpu-pipeline{dump-intermediate-steps=false num-stages=3}, canonicalize{  max-iterations=10 max-num-rewrites=-1 region-simplify=normal test-convergence=false top-down=true}, triton-loop-aware-cse, tritongpu-prefetch, tritongpu-optimize-dot-operands{hoist-layout-conversion=true}, tritongpu-coalesce-async-copy, triton-nvidia-optimize-tmem-layouts, triton-nvidia-tma-lowering, tritongpu-remove-layout-conversions, triton-nvidia-interleave-tmem, tritongpu-reduce-data-duplication, tritongpu-reorder-instructions, triton-loop-aware-cse, symbol-dce, triton-nvidia-gpu-fence-insertion{compute-capability=90}, triton-nvidia-mma-lowering, sccp, cse, canonicalize{  max-iterations=10 max-num-rewrites=-1 region-simplify=normal test-convergence=false top-down=true})",
      disable_threading: true,
      verify_each: true
    }
  }
#-}
/home/guancheng/zsh/fusion/glm52_h200/kernels/moe_gateup.py:506:0: error: Failures have been detected while processing an MLIR pass pipeline
/home/guancheng/zsh/fusion/glm52_h200/kernels/moe_gateup.py:506:0: note: Pipeline failed while executing [`TritonGPURemoveLayoutConversions` on 'builtin.module' operation]: reproducer generated at `std::errs, please share the reproducer above with Triton project.`
/home/guancheng/zsh/fusion/glm52_h200/kernels/moe_gateup.py:641:24: error: operand #0 does not dominate this use
    c_mask = token_mask[:, None] & (offs_cn[None, :] < N)
                       ^
/home/guancheng/zsh/fusion/glm52_h200/kernels/moe_gateup.py:475:44: note: operand defined here (op in a child region)
        a = tl.load(a_ptrs, mask=token_mask[:, None], other=0.0)
                                           ^
module {
  tt.func public @moe_gateup_kernel(%arg0: !tt.ptr<bf16> {tt.divisibility = 16 : i32}, %arg1: !tt.ptr<bf16> {tt.divisibility = 16 : i32}, %arg2: !tt.ptr<bf16> {tt.divisibility = 16 : i32}, %arg3: !tt.ptr<i32> {tt.divisibility = 16 : i32}, %arg4: !tt.ptr<i32> {tt.divisibility = 16 : i32}, %arg5: !tt.ptr<i32> {tt.divisibility = 16 : i32}, %arg6: i32 {tt.divisibility = 16 : i32}, %arg7: i32 {tt.divisibility = 16 : i32}, %arg8: i32 {tt.divisibility = 16 : i32}, %arg9: i32 {tt.divisibility = 16 : i32}, %arg10: i32 {tt.divisibility = 16 : i32}, %arg11: i32 {tt.divisibility = 16 : i32}, %arg12: i32 {tt.divisibility = 16 : i32}, %arg13: i32 {tt.divisibility = 16 : i32}, %arg14: i32 {tt.divisibility = 16 : i32}) attributes {noinline = false} {
    %cst = arith.constant dense<0.000000e+00> : tensor<64x128xbf16>
    %cst_0 = arith.constant dense<0.000000e+00> : tensor<64x128xf32>
    %c127_i32 = arith.constant 127 : i32
    %c63_i32 = arith.constant 63 : i32
    %c0_i32 = arith.constant 0 : i32
    %cst_1 = arith.constant dense<128> : tensor<128x128xi32>
    %cst_2 = arith.constant dense<128> : tensor<64x128xi32>
    %cst_3 = arith.constant dense<8> : tensor<64x1xi64>
    %cst_4 = arith.constant dense<0> : tensor<64xi64>
    %c128_i32 = arith.constant 128 : i32
    %c64_i32 = arith.constant 64 : i32
    %c1_i32 = arith.constant 1 : i32
    %0 = tt.get_program_id x : i32
    %1 = arith.addi %arg8, %c63_i32 : i32
    %2 = arith.divsi %1, %c64_i32 : i32
    %3 = arith.addi %arg6, %c127_i32 : i32
    %4 = arith.divsi %3, %c128_i32 : i32
    %5 = arith.divsi %0, %4 : i32
    %6 = arith.subi %2, %5 : i32
    %7 = arith.minsi %6, %c1_i32 : i32
    %8 = arith.remsi %0, %4 : i32
    %9 = arith.remsi %8, %7 : i32
    %10 = arith.addi %5, %9 : i32
    %11 = arith.divsi %8, %7 : i32
    %12 = tt.load %arg5 : !tt.ptr<i32>
    %13 = arith.muli %10, %c64_i32 : i32
    %14 = arith.cmpi sge, %13, %12 : i32
    cf.cond_br %14, ^bb1, ^bb2
  ^bb1:  // pred: ^bb0
    tt.return
  ^bb2:  // pred: ^bb0
    %15 = tt.make_range {end = 64 : i32, start = 0 : i32} : tensor<64xi32>
    %16 = arith.extsi %15 : tensor<64xi32> to tensor<64xi64>
    %17 = arith.extsi %13 : i32 to i64
    %18 = tt.splat %17 : i64 -> tensor<64xi64>
    %19 = arith.addi %18, %16 : tensor<64xi64>
    %20 = tt.splat %arg3 : !tt.ptr<i32> -> tensor<64x!tt.ptr<i32>>
    %21 = tt.addptr %20, %19 : tensor<64x!tt.ptr<i32>>, tensor<64xi64>
    %22 = tt.load %21 : tensor<64x!tt.ptr<i32>>
    %23 = arith.extsi %22 : tensor<64xi32> to tensor<64xi64>
    %24 = arith.extsi %arg9 : i32 to i64
    %25 = tt.splat %24 : i64 -> tensor<64xi64>
    %26 = arith.cmpi slt, %23, %25 : tensor<64xi64>
    %27 = tt.addptr %arg4, %10 : !tt.ptr<i32>, i32
    %28 = tt.load %27 : !tt.ptr<i32>
    %29 = arith.extsi %28 : i32 to i64
    %30 = arith.muli %11, %c128_i32 : i32
    %31 = tt.make_range {end = 128 : i32, start = 0 : i32} : tensor<128xi32>
    %32 = arith.extsi %31 : tensor<128xi32> to tensor<128xi64>
    %33 = arith.extsi %30 : i32 to i64
    %34 = tt.splat %33 : i64 -> tensor<128xi64>
    %35 = arith.addi %34, %32 : tensor<128xi64>
    %36 = arith.extsi %arg6 : i32 to i64
    %37 = tt.splat %36 : i64 -> tensor<128xi64>
    %38 = arith.remsi %35, %37 : tensor<128xi64>
    %39 = arith.select %26, %23, %cst_4 : tensor<64xi1>, tensor<64xi64>
    %40 = tt.expand_dims %39 {axis = 1 : i32} : tensor<64xi64> -> tensor<64x1xi64>
    %41 = arith.divsi %40, %cst_3 : tensor<64x1xi64>
    %42 = arith.extsi %arg11 : i32 to i64
    %43 = tt.splat %42 : i64 -> tensor<64x1xi64>
    %44 = arith.muli %41, %43 : tensor<64x1xi64>
    %45 = tt.expand_dims %31 {axis = 0 : i32} : tensor<128xi32> -> tensor<1x128xi32>
    %46 = arith.extsi %45 : tensor<1x128xi32> to tensor<1x128xi64>
    %47 = tt.broadcast %44 : tensor<64x1xi64> -> tensor<64x128xi64>
    %48 = tt.broadcast %46 : tensor<1x128xi64> -> tensor<64x128xi64>
    %49 = arith.addi %47, %48 : tensor<64x128xi64>
    %50 = tt.splat %arg0 : !tt.ptr<bf16> -> tensor<64x128x!tt.ptr<bf16>>
    %51 = tt.addptr %50, %49 : tensor<64x128x!tt.ptr<bf16>>, tensor<64x128xi64>
    %52 = arith.extsi %arg12 : i32 to i64
    %53 = arith.muli %29, %52 : i64
    %54 = tt.addptr %arg1, %53 : !tt.ptr<bf16>, i64
    %55 = tt.expand_dims %31 {axis = 1 : i32} : tensor<128xi32> -> tensor<128x1xi32>
    %56 = tt.expand_dims %38 {axis = 0 : i32} : tensor<128xi64> -> tensor<1x128xi64>
    %57 = arith.extsi %arg13 : i32 to i64
    %58 = tt.splat %57 : i64 -> tensor<1x128xi64>
    %59 = arith.muli %56, %58 : tensor<1x128xi64>
    %60 = arith.extsi %55 : tensor<128x1xi32> to tensor<128x1xi64>
    %61 = tt.broadcast %60 : tensor<128x1xi64> -> tensor<128x128xi64>
    %62 = tt.broadcast %59 : tensor<1x128xi64> -> tensor<128x128xi64>
    %63 = arith.addi %61, %62 : tensor<128x128xi64>
    %64 = tt.splat %54 : !tt.ptr<bf16> -> tensor<128x128x!tt.ptr<bf16>>
    %65 = tt.addptr %64, %63 : tensor<128x128x!tt.ptr<bf16>>, tensor<128x128xi64>
    %66:3 = scf.for %arg15 = %c0_i32 to %arg7 step %c128_i32 iter_args(%arg16 = %51, %arg17 = %65, %arg18 = %cst_0) -> (tensor<64x128x!tt.ptr<bf16>>, tensor<128x128x!tt.ptr<bf16>>, tensor<64x128xf32>)  : i32 {
      %85 = tt.expand_dims %26 {axis = 1 : i32} : tensor<64xi1> -> tensor<64x1xi1>
      %86 = tt.broadcast %85 : tensor<64x1xi1> -> tensor<64x128xi1>
      %87 = tt.load %arg16, %86, %cst : tensor<64x128x!tt.ptr<bf16>>
      %88 = tt.load %arg17 : tensor<128x128x!tt.ptr<bf16>>
      %89 = tt.dot %87, %88, %arg18, inputPrecision = tf32 : tensor<64x128xbf16> * tensor<128x128xbf16> -> tensor<64x128xf32>
      %90 = tt.addptr %arg16, %cst_2 : tensor<64x128x!tt.ptr<bf16>>, tensor<64x128xi32>
      %91 = tt.addptr %arg17, %cst_1 : tensor<128x128x!tt.ptr<bf16>>, tensor<128x128xi32>
      scf.yield %90, %91, %89 : tensor<64x128x!tt.ptr<bf16>>, tensor<128x128x!tt.ptr<bf16>>, tensor<64x128xf32>
    }
    %67 = arith.truncf %66#2 : tensor<64x128xf32> to tensor<64x128xbf16>
    %68 = tt.splat %30 : i32 -> tensor<128xi32>
    %69 = arith.addi %68, %31 : tensor<128xi32>
    %70 = arith.extsi %arg14 : i32 to i64
    %71 = tt.splat %70 : i64 -> tensor<64x1xi64>
    %72 = arith.muli %71, %40 : tensor<64x1xi64>
    %73 = tt.splat %arg2 : !tt.ptr<bf16> -> tensor<64x1x!tt.ptr<bf16>>
    %74 = tt.addptr %73, %72 : tensor<64x1x!tt.ptr<bf16>>, tensor<64x1xi64>
    %75 = tt.expand_dims %69 {axis = 0 : i32} : tensor<128xi32> -> tensor<1x128xi32>
    %76 = tt.broadcast %74 : tensor<64x1x!tt.ptr<bf16>> -> tensor<64x128x!tt.ptr<bf16>>
    %77 = tt.broadcast %75 : tensor<1x128xi32> -> tensor<64x128xi32>
    %78 = tt.addptr %76, %77 : tensor<64x128x!tt.ptr<bf16>>, tensor<64x128xi32>
    %79 = tt.expand_dims %26 {axis = 1 : i32} : tensor<64xi1> -> tensor<64x1xi1>
    %80 = tt.splat %arg6 : i32 -> tensor<1x128xi32>
    %81 = arith.cmpi slt, %75, %80 : tensor<1x128xi32>
    %82 = tt.broadcast %79 : tensor<64x1xi1> -> tensor<64x128xi1>
    %83 = tt.broadcast %81 : tensor<1x128xi1> -> tensor<64x128xi1>
    %84 = arith.andi %82, %83 : tensor<64x128xi1>
    tt.store %78, %67, %84 : tensor<64x128x!tt.ptr<bf16>>
    tt.return
  }
}

{-#
  external_resources: {
    mlir_reproducer: {
      pipeline: "builtin.module(convert-triton-to-tritongpu{enable-source-remat=false num-ctas=1 num-warps=1 target=cuda:90 threads-per-warp=32}, tritongpu-coalesce, tritongpu-F32DotTC{emu-tf32=true}, triton-nvidia-gpu-plan-cta, tritongpu-remove-layout-conversions, tritongpu-optimize-thread-locality, tritongpu-accelerate-matmul, tritongpu-remove-layout-conversions, tritongpu-optimize-dot-operands{hoist-layout-conversion=true}, triton-nvidia-optimize-descriptor-encoding, triton-loop-aware-cse, tritongpu-fuse-nested-loops, canonicalize{  max-iterations=10 max-num-rewrites=-1 region-simplify=normal test-convergence=false top-down=true}, triton-licm, canonicalize{  max-iterations=10 max-num-rewrites=-1 region-simplify=normal test-convergence=false top-down=true}, tritongpu-combine-tensor-select-and-if, nvgpu-warp-specialization{dump-intermediate-steps=false num-stages=4}, tritongpu-assign-latencies{num-stages=4}, tritongpu-schedule-loops, tritongpu-pipeline{dump-intermediate-steps=false num-stages=4}, canonicalize{  max-iterations=10 max-num-rewrites=-1 region-simplify=normal test-convergence=false top-down=true}, triton-loop-aware-cse, tritongpu-prefetch, tritongpu-optimize-dot-operands{hoist-layout-conversion=true}, tritongpu-coalesce-async-copy, triton-nvidia-optimize-tmem-layouts, triton-nvidia-tma-lowering, tritongpu-remove-layout-conversions, triton-nvidia-interleave-tmem, tritongpu-reduce-data-duplication, tritongpu-reorder-instructions, triton-loop-aware-cse, symbol-dce, triton-nvidia-gpu-fence-insertion{compute-capability=90}, triton-nvidia-mma-lowering, sccp, cse, canonicalize{  max-iterations=10 max-num-rewrites=-1 region-simplify=normal test-convergence=false top-down=true})",
      disable_threading: true,
      verify_each: true
    }
  }
#-}
/home/guancheng/zsh/fusion/glm52_h200/kernels/moe_gateup.py:506:0: error: Failures have been detected while processing an MLIR pass pipeline
/home/guancheng/zsh/fusion/glm52_h200/kernels/moe_gateup.py:506:0: note: Pipeline failed while executing [`TritonGPURemoveLayoutConversions` on 'builtin.module' operation]: reproducer generated at `std::errs, please share the reproducer above with Triton project.`
  [cfgs] w13 gemm              2.9292 ms  (37 cfgs tried)  {'BLOCK_M': 64, 'BLOCK_N': 128, 'BLOCK_K': 128, 'GROUP_M': 1, 'num_warps': 8, 'num_stages': 4}
  [cfgs] w13+swiglu         tile sweep    3.0733 ms (46 cfgs, 5 fail)
/home/guancheng/zsh/fusion/glm52_h200/kernels/moe_gateup.py:641:24: error: operand #0 does not dominate this use
    c_mask = token_mask[:, None] & (offs_cn[None, :] < N)
                       ^
/home/guancheng/zsh/fusion/glm52_h200/kernels/moe_gateup.py:475:44: note: operand defined here (op in a child region)
        a = tl.load(a_ptrs, mask=token_mask[:, None], other=0.0)
                                           ^
module {
  tt.func public @moe_gateup_kernel(%arg0: !tt.ptr<bf16> {tt.divisibility = 16 : i32}, %arg1: !tt.ptr<bf16> {tt.divisibility = 16 : i32}, %arg2: !tt.ptr<bf16> {tt.divisibility = 16 : i32}, %arg3: !tt.ptr<i32> {tt.divisibility = 16 : i32}, %arg4: !tt.ptr<i32> {tt.divisibility = 16 : i32}, %arg5: !tt.ptr<i32> {tt.divisibility = 16 : i32}, %arg6: i32 {tt.divisibility = 16 : i32}, %arg7: i32 {tt.divisibility = 16 : i32}, %arg8: i32 {tt.divisibility = 16 : i32}, %arg9: i32 {tt.divisibility = 16 : i32}, %arg10: i32 {tt.divisibility = 16 : i32}, %arg11: i32 {tt.divisibility = 16 : i32}, %arg12: i32 {tt.divisibility = 16 : i32}, %arg13: i32 {tt.divisibility = 16 : i32}, %arg14: i32 {tt.divisibility = 16 : i32}) attributes {noinline = false} {
    %cst = arith.constant dense<1.000000e+00> : tensor<64x64xf32>
    %c2048_i32 = arith.constant 2048 : i32
    %cst_0 = arith.constant dense<0.000000e+00> : tensor<64x64xbf16>
    %cst_1 = arith.constant dense<0.000000e+00> : tensor<64x64xf32>
    %c63_i32 = arith.constant 63 : i32
    %c0_i32 = arith.constant 0 : i32
    %cst_2 = arith.constant dense<64> : tensor<64x64xi32>
    %cst_3 = arith.constant dense<8> : tensor<64x1xi64>
    %cst_4 = arith.constant dense<0> : tensor<64xi64>
    %c64_i32 = arith.constant 64 : i32
    %c1_i32 = arith.constant 1 : i32
    %0 = tt.get_program_id x : i32
    %1 = arith.addi %arg8, %c63_i32 : i32
    %2 = arith.divsi %1, %c64_i32 : i32
    %3 = arith.addi %arg6, %c63_i32 : i32
    %4 = arith.divsi %3, %c64_i32 : i32
    %5 = arith.divsi %0, %4 : i32
    %6 = arith.subi %2, %5 : i32
    %7 = arith.minsi %6, %c1_i32 : i32
    %8 = arith.remsi %0, %4 : i32
    %9 = arith.remsi %8, %7 : i32
    %10 = arith.addi %5, %9 : i32
    %11 = arith.divsi %8, %7 : i32
    %12 = tt.load %arg5 : !tt.ptr<i32>
    %13 = arith.muli %10, %c64_i32 : i32
    %14 = arith.cmpi sge, %13, %12 : i32
    cf.cond_br %14, ^bb1, ^bb2
  ^bb1:  // pred: ^bb0
    tt.return
  ^bb2:  // pred: ^bb0
    %15 = tt.make_range {end = 64 : i32, start = 0 : i32} : tensor<64xi32>
    %16 = arith.extsi %15 : tensor<64xi32> to tensor<64xi64>
    %17 = arith.extsi %13 : i32 to i64
    %18 = tt.splat %17 : i64 -> tensor<64xi64>
    %19 = arith.addi %18, %16 : tensor<64xi64>
    %20 = tt.splat %arg3 : !tt.ptr<i32> -> tensor<64x!tt.ptr<i32>>
    %21 = tt.addptr %20, %19 : tensor<64x!tt.ptr<i32>>, tensor<64xi64>
    %22 = tt.load %21 : tensor<64x!tt.ptr<i32>>
    %23 = arith.extsi %22 : tensor<64xi32> to tensor<64xi64>
    %24 = arith.extsi %arg9 : i32 to i64
    %25 = tt.splat %24 : i64 -> tensor<64xi64>
    %26 = arith.cmpi slt, %23, %25 : tensor<64xi64>
    %27 = tt.addptr %arg4, %10 : !tt.ptr<i32>, i32
    %28 = tt.load %27 : !tt.ptr<i32>
    %29 = arith.extsi %28 : i32 to i64
    %30 = arith.muli %11, %c64_i32 : i32
    %31 = arith.extsi %30 : i32 to i64
    %32 = tt.splat %31 : i64 -> tensor<64xi64>
    %33 = arith.addi %32, %16 : tensor<64xi64>
    %34 = arith.extsi %arg6 : i32 to i64
    %35 = tt.splat %34 : i64 -> tensor<64xi64>
    %36 = arith.remsi %33, %35 : tensor<64xi64>
    %37 = arith.select %26, %23, %cst_4 : tensor<64xi1>, tensor<64xi64>
    %38 = tt.expand_dims %37 {axis = 1 : i32} : tensor<64xi64> -> tensor<64x1xi64>
    %39 = arith.divsi %38, %cst_3 : tensor<64x1xi64>
    %40 = arith.extsi %arg11 : i32 to i64
    %41 = tt.splat %40 : i64 -> tensor<64x1xi64>
    %42 = arith.muli %39, %41 : tensor<64x1xi64>
    %43 = tt.expand_dims %15 {axis = 0 : i32} : tensor<64xi32> -> tensor<1x64xi32>
    %44 = arith.extsi %43 : tensor<1x64xi32> to tensor<1x64xi64>
    %45 = tt.broadcast %42 : tensor<64x1xi64> -> tensor<64x64xi64>
    %46 = tt.broadcast %44 : tensor<1x64xi64> -> tensor<64x64xi64>
    %47 = arith.addi %45, %46 : tensor<64x64xi64>
    %48 = tt.splat %arg0 : !tt.ptr<bf16> -> tensor<64x64x!tt.ptr<bf16>>
    %49 = tt.addptr %48, %47 : tensor<64x64x!tt.ptr<bf16>>, tensor<64x64xi64>
    %50 = arith.extsi %arg12 : i32 to i64
    %51 = arith.muli %29, %50 : i64
    %52 = tt.addptr %arg1, %51 : !tt.ptr<bf16>, i64
    %53 = tt.expand_dims %15 {axis = 1 : i32} : tensor<64xi32> -> tensor<64x1xi32>
    %54 = tt.expand_dims %36 {axis = 0 : i32} : tensor<64xi64> -> tensor<1x64xi64>
    %55 = arith.extsi %arg13 : i32 to i64
    %56 = tt.splat %55 : i64 -> tensor<1x64xi64>
    %57 = arith.muli %54, %56 : tensor<1x64xi64>
    %58 = arith.extsi %53 : tensor<64x1xi32> to tensor<64x1xi64>
    %59 = tt.broadcast %58 : tensor<64x1xi64> -> tensor<64x64xi64>
    %60 = tt.broadcast %57 : tensor<1x64xi64> -> tensor<64x64xi64>
    %61 = arith.addi %59, %60 : tensor<64x64xi64>
    %62 = tt.splat %52 : !tt.ptr<bf16> -> tensor<64x64x!tt.ptr<bf16>>
    %63 = tt.addptr %62, %61 : tensor<64x64x!tt.ptr<bf16>>, tensor<64x64xi64>
    %64:4 = scf.for %arg15 = %c0_i32 to %arg7 step %c64_i32 iter_args(%arg16 = %49, %arg17 = %63, %arg18 = %cst_1, %arg19 = %cst_1) -> (tensor<64x64x!tt.ptr<bf16>>, tensor<64x64x!tt.ptr<bf16>>, tensor<64x64xf32>, tensor<64x64xf32>)  : i32 {
      %89 = tt.expand_dims %26 {axis = 1 : i32} : tensor<64xi1> -> tensor<64x1xi1>
      %90 = tt.broadcast %89 : tensor<64x1xi1> -> tensor<64x64xi1>
      %91 = tt.load %arg16, %90, %cst_0 : tensor<64x64x!tt.ptr<bf16>>
      %92 = tt.load %arg17 : tensor<64x64x!tt.ptr<bf16>>
      %93 = tt.dot %91, %92, %arg18, inputPrecision = tf32 : tensor<64x64xbf16> * tensor<64x64xbf16> -> tensor<64x64xf32>
      %94 = arith.muli %arg13, %c2048_i32 : i32
      %95 = tt.splat %94 : i32 -> tensor<64x64xi32>
      %96 = tt.addptr %arg17, %95 : tensor<64x64x!tt.ptr<bf16>>, tensor<64x64xi32>
      %97 = tt.load %96 : tensor<64x64x!tt.ptr<bf16>>
      %98 = tt.dot %91, %97, %arg19, inputPrecision = tf32 : tensor<64x64xbf16> * tensor<64x64xbf16> -> tensor<64x64xf32>
      %99 = tt.addptr %arg16, %cst_2 : tensor<64x64x!tt.ptr<bf16>>, tensor<64x64xi32>
      %100 = tt.addptr %arg17, %cst_2 : tensor<64x64x!tt.ptr<bf16>>, tensor<64x64xi32>
      scf.yield %99, %100, %93, %98 : tensor<64x64x!tt.ptr<bf16>>, tensor<64x64x!tt.ptr<bf16>>, tensor<64x64xf32>, tensor<64x64xf32>
    }
    %65 = arith.subf %cst_1, %64#2 : tensor<64x64xf32>
    %66 = math.exp %65 : tensor<64x64xf32>
    %67 = arith.addf %66, %cst : tensor<64x64xf32>
    %68 = arith.divf %cst, %67 : tensor<64x64xf32>
    %69 = arith.mulf %64#2, %68 : tensor<64x64xf32>
    %70 = arith.mulf %69, %64#3 : tensor<64x64xf32>
    %71 = arith.truncf %70 : tensor<64x64xf32> to tensor<64x64xbf16>
    %72 = tt.splat %30 : i32 -> tensor<64xi32>
    %73 = arith.addi %72, %15 : tensor<64xi32>
    %74 = arith.extsi %arg14 : i32 to i64
    %75 = tt.splat %74 : i64 -> tensor<64x1xi64>
    %76 = arith.muli %75, %38 : tensor<64x1xi64>
    %77 = tt.splat %arg2 : !tt.ptr<bf16> -> tensor<64x1x!tt.ptr<bf16>>
    %78 = tt.addptr %77, %76 : tensor<64x1x!tt.ptr<bf16>>, tensor<64x1xi64>
    %79 = tt.expand_dims %73 {axis = 0 : i32} : tensor<64xi32> -> tensor<1x64xi32>
    %80 = tt.broadcast %78 : tensor<64x1x!tt.ptr<bf16>> -> tensor<64x64x!tt.ptr<bf16>>
    %81 = tt.broadcast %79 : tensor<1x64xi32> -> tensor<64x64xi32>
    %82 = tt.addptr %80, %81 : tensor<64x64x!tt.ptr<bf16>>, tensor<64x64xi32>
    %83 = tt.expand_dims %26 {axis = 1 : i32} : tensor<64xi1> -> tensor<64x1xi1>
    %84 = tt.splat %arg6 : i32 -> tensor<1x64xi32>
    %85 = arith.cmpi slt, %79, %84 : tensor<1x64xi32>
    %86 = tt.broadcast %83 : tensor<64x1xi1> -> tensor<64x64xi1>
    %87 = tt.broadcast %85 : tensor<1x64xi1> -> tensor<64x64xi1>
    %88 = arith.andi %86, %87 : tensor<64x64xi1>
    tt.store %82, %71, %88 : tensor<64x64x!tt.ptr<bf16>>
    tt.return
  }
}

{-#
  external_resources: {
    mlir_reproducer: {
      pipeline: "builtin.module(convert-triton-to-tritongpu{enable-source-remat=false num-ctas=1 num-warps=1 target=cuda:90 threads-per-warp=32}, tritongpu-coalesce, tritongpu-F32DotTC{emu-tf32=true}, triton-nvidia-gpu-plan-cta, tritongpu-remove-layout-conversions, tritongpu-optimize-thread-locality, tritongpu-accelerate-matmul, tritongpu-remove-layout-conversions, tritongpu-optimize-dot-operands{hoist-layout-conversion=true}, triton-nvidia-optimize-descriptor-encoding, triton-loop-aware-cse, tritongpu-fuse-nested-loops, canonicalize{  max-iterations=10 max-num-rewrites=-1 region-simplify=normal test-convergence=false top-down=true}, triton-licm, canonicalize{  max-iterations=10 max-num-rewrites=-1 region-simplify=normal test-convergence=false top-down=true}, tritongpu-combine-tensor-select-and-if, nvgpu-warp-specialization{dump-intermediate-steps=false num-stages=3}, tritongpu-assign-latencies{num-stages=3}, tritongpu-schedule-loops, tritongpu-pipeline{dump-intermediate-steps=false num-stages=3}, canonicalize{  max-iterations=10 max-num-rewrites=-1 region-simplify=normal test-convergence=false top-down=true}, triton-loop-aware-cse, tritongpu-prefetch, tritongpu-optimize-dot-operands{hoist-layout-conversion=true}, tritongpu-coalesce-async-copy, triton-nvidia-optimize-tmem-layouts, triton-nvidia-tma-lowering, tritongpu-remove-layout-conversions, triton-nvidia-interleave-tmem, tritongpu-reduce-data-duplication, tritongpu-reorder-instructions, triton-loop-aware-cse, symbol-dce, triton-nvidia-gpu-fence-insertion{compute-capability=90}, triton-nvidia-mma-lowering, sccp, cse, canonicalize{  max-iterations=10 max-num-rewrites=-1 region-simplify=normal test-convergence=false top-down=true})",
      disable_threading: true,
      verify_each: true
    }
  }
#-}
/home/guancheng/zsh/fusion/glm52_h200/kernels/moe_gateup.py:506:0: error: Failures have been detected while processing an MLIR pass pipeline
/home/guancheng/zsh/fusion/glm52_h200/kernels/moe_gateup.py:506:0: note: Pipeline failed while executing [`TritonGPURemoveLayoutConversions` on 'builtin.module' operation]: reproducer generated at `std::errs, please share the reproducer above with Triton project.`
  [cfgs] w13+swiglu            2.9808 ms  (35 cfgs tried)  {'BLOCK_M': 64, 'BLOCK_N': 64, 'BLOCK_K': 64, 'GROUP_M': 1, 'num_warps': 4, 'num_stages': 4}
  [cfgs] silu_and_mul          0.0308 ms  (17 cfgs tried)  {'BLOCK_M': 4, 'BLOCK_N': 1024, 'num_warps': 8, 'num_stages': 2}
  [cfgs] w2 gemm            tile sweep    1.5634 ms (47 cfgs, 1 fail)
  [cfgs] w2 gemm               1.5418 ms  (39 cfgs tried)  {'BLOCK_M': 64, 'BLOCK_N': 128, 'BLOCK_K': 64, 'GROUP_M': 1, 'num_warps': 4, 'num_stages': 3}
  [cfgs] w2+merge(atomic)   tile sweep    1.5863 ms (47 cfgs, 1 fail)
/home/guancheng/zsh/fusion/glm52_h200/kernels/moe_down_merge.py:566:50: error: operand #0 does not dominate this use
    safe_token = tl.where(token_mask, offs_token, 0)
                                                 ^
/home/guancheng/zsh/fusion/glm52_h200/kernels/moe_down_merge.py:631:36: note: operand defined here (op in the same block)
    c_mask = token_mask[:, None] & (offs_cn[None, :] < N)
                                   ^
module {
  tt.func public @moe_down_kernel(%arg0: !tt.ptr<bf16> {tt.divisibility = 16 : i32}, %arg1: !tt.ptr<bf16> {tt.divisibility = 16 : i32}, %arg2: !tt.ptr<bf16> {tt.divisibility = 16 : i32}, %arg3: !tt.ptr<f32> {tt.divisibility = 16 : i32}, %arg4: !tt.ptr<i32> {tt.divisibility = 16 : i32}, %arg5: !tt.ptr<i32> {tt.divisibility = 16 : i32}, %arg6: !tt.ptr<i32> {tt.divisibility = 16 : i32}, %arg7: i32 {tt.divisibility = 16 : i32}, %arg8: i32 {tt.divisibility = 16 : i32}, %arg9: i32, %arg10: i32, %arg11: i32 {tt.divisibility = 16 : i32}, %arg12: i32 {tt.divisibility = 16 : i32}, %arg13: i32 {tt.divisibility = 16 : i32}, %arg14: i32 {tt.divisibility = 16 : i32}, %arg15: i32 {tt.divisibility = 16 : i32}) attributes {noinline = false} {
    %cst = arith.constant dense<0.000000e+00> : tensor<64x64xbf16>
    %cst_0 = arith.constant dense<0.000000e+00> : tensor<64x128xf32>
    %c127_i32 = arith.constant 127 : i32
    %c63_i32 = arith.constant 63 : i32
    %c0_i32 = arith.constant 0 : i32
    %cst_1 = arith.constant dense<8> : tensor<64xi64>
    %cst_2 = arith.constant dense<0.000000e+00> : tensor<64xf32>
    %cst_3 = arith.constant dense<64> : tensor<64x128xi32>
    %cst_4 = arith.constant dense<64> : tensor<64x64xi32>
    %c128_i32 = arith.constant 128 : i32
    %cst_5 = arith.constant dense<0> : tensor<64xi64>
    %c64_i32 = arith.constant 64 : i32
    %c1_i32 = arith.constant 1 : i32
    %0 = tt.get_program_id x : i32
    %1 = arith.addi %arg9, %c63_i32 : i32
    %2 = arith.divsi %1, %c64_i32 : i32
    %3 = arith.addi %arg7, %c127_i32 : i32
    %4 = arith.divsi %3, %c128_i32 : i32
    %5 = arith.divsi %0, %4 : i32
    %6 = arith.subi %2, %5 : i32
    %7 = arith.minsi %6, %c1_i32 : i32
    %8 = arith.remsi %0, %4 : i32
    %9 = arith.remsi %8, %7 : i32
    %10 = arith.addi %5, %9 : i32
    %11 = arith.divsi %8, %7 : i32
    %12 = tt.load %arg6 : !tt.ptr<i32>
    %13 = arith.muli %10, %c64_i32 : i32
    %14 = arith.cmpi sge, %13, %12 : i32
    cf.cond_br %14, ^bb1, ^bb2
  ^bb1:  // pred: ^bb0
    tt.return
  ^bb2:  // pred: ^bb0
    %15 = tt.make_range {end = 64 : i32, start = 0 : i32} : tensor<64xi32>
    %16 = arith.extsi %15 : tensor<64xi32> to tensor<64xi64>
    %17 = arith.extsi %13 : i32 to i64
    %18 = tt.splat %17 : i64 -> tensor<64xi64>
    %19 = arith.addi %18, %16 : tensor<64xi64>
    %20 = tt.splat %arg4 : !tt.ptr<i32> -> tensor<64x!tt.ptr<i32>>
    %21 = tt.addptr %20, %19 : tensor<64x!tt.ptr<i32>>, tensor<64xi64>
    %22 = tt.load %21 : tensor<64x!tt.ptr<i32>>
    %23 = arith.extsi %22 : tensor<64xi32> to tensor<64xi64>
    %24 = arith.extsi %arg10 : i32 to i64
    %25 = tt.splat %24 : i64 -> tensor<64xi64>
    %26 = arith.cmpi slt, %23, %25 : tensor<64xi64>
    %27 = arith.select %26, %23, %cst_5 : tensor<64xi1>, tensor<64xi64>
    %28 = tt.addptr %arg5, %10 : !tt.ptr<i32>, i32
    %29 = tt.load %28 : !tt.ptr<i32>
    %30 = arith.extsi %29 : i32 to i64
    %31 = arith.muli %11, %c128_i32 : i32
    %32 = tt.make_range {end = 128 : i32, start = 0 : i32} : tensor<128xi32>
    %33 = arith.extsi %32 : tensor<128xi32> to tensor<128xi64>
    %34 = arith.extsi %31 : i32 to i64
    %35 = tt.splat %34 : i64 -> tensor<128xi64>
    %36 = arith.addi %35, %33 : tensor<128xi64>
    %37 = arith.extsi %arg7 : i32 to i64
    %38 = tt.splat %37 : i64 -> tensor<128xi64>
    %39 = arith.remsi %36, %38 : tensor<128xi64>
    %40 = tt.expand_dims %27 {axis = 1 : i32} : tensor<64xi64> -> tensor<64x1xi64>
    %41 = arith.extsi %arg12 : i32 to i64
    %42 = tt.splat %41 : i64 -> tensor<64x1xi64>
    %43 = arith.muli %40, %42 : tensor<64x1xi64>
    %44 = tt.expand_dims %15 {axis = 0 : i32} : tensor<64xi32> -> tensor<1x64xi32>
    %45 = arith.extsi %44 : tensor<1x64xi32> to tensor<1x64xi64>
    %46 = tt.broadcast %43 : tensor<64x1xi64> -> tensor<64x64xi64>
    %47 = tt.broadcast %45 : tensor<1x64xi64> -> tensor<64x64xi64>
    %48 = arith.addi %46, %47 : tensor<64x64xi64>
    %49 = tt.splat %arg0 : !tt.ptr<bf16> -> tensor<64x64x!tt.ptr<bf16>>
    %50 = tt.addptr %49, %48 : tensor<64x64x!tt.ptr<bf16>>, tensor<64x64xi64>
    %51 = arith.extsi %arg13 : i32 to i64
    %52 = arith.muli %30, %51 : i64
    %53 = tt.addptr %arg1, %52 : !tt.ptr<bf16>, i64
    %54 = tt.expand_dims %15 {axis = 1 : i32} : tensor<64xi32> -> tensor<64x1xi32>
    %55 = tt.expand_dims %39 {axis = 0 : i32} : tensor<128xi64> -> tensor<1x128xi64>
    %56 = arith.extsi %arg14 : i32 to i64
    %57 = tt.splat %56 : i64 -> tensor<1x128xi64>
    %58 = arith.muli %55, %57 : tensor<1x128xi64>
    %59 = arith.extsi %54 : tensor<64x1xi32> to tensor<64x1xi64>
    %60 = tt.broadcast %59 : tensor<64x1xi64> -> tensor<64x128xi64>
    %61 = tt.broadcast %58 : tensor<1x128xi64> -> tensor<64x128xi64>
    %62 = arith.addi %60, %61 : tensor<64x128xi64>
    %63 = tt.splat %53 : !tt.ptr<bf16> -> tensor<64x128x!tt.ptr<bf16>>
    %64 = tt.addptr %63, %62 : tensor<64x128x!tt.ptr<bf16>>, tensor<64x128xi64>
    %65:3 = scf.for %arg16 = %c0_i32 to %arg8 step %c64_i32 iter_args(%arg17 = %50, %arg18 = %64, %arg19 = %cst_0) -> (tensor<64x64x!tt.ptr<bf16>>, tensor<64x128x!tt.ptr<bf16>>, tensor<64x128xf32>)  : i32 {
      %93 = tt.expand_dims %26 {axis = 1 : i32} : tensor<64xi1> -> tensor<64x1xi1>
      %94 = tt.broadcast %93 : tensor<64x1xi1> -> tensor<64x64xi1>
      %95 = tt.load %arg17, %94, %cst : tensor<64x64x!tt.ptr<bf16>>
      %96 = tt.load %arg18 : tensor<64x128x!tt.ptr<bf16>>
      %97 = tt.dot %95, %96, %arg19, inputPrecision = tf32 : tensor<64x64xbf16> * tensor<64x128xbf16> -> tensor<64x128xf32>
      %98 = tt.addptr %arg17, %cst_4 : tensor<64x64x!tt.ptr<bf16>>, tensor<64x64xi32>
      %99 = tt.addptr %arg18, %cst_3 : tensor<64x128x!tt.ptr<bf16>>, tensor<64x128xi32>
      scf.yield %98, %99, %97 : tensor<64x64x!tt.ptr<bf16>>, tensor<64x128x!tt.ptr<bf16>>, tensor<64x128xf32>
    }
    %66 = tt.splat %arg3 : !tt.ptr<f32> -> tensor<64x!tt.ptr<f32>>
    %67 = tt.addptr %66, %27 : tensor<64x!tt.ptr<f32>>, tensor<64xi64>
    %68 = tt.load %67, %26, %cst_2 : tensor<64x!tt.ptr<f32>>
    %69 = tt.expand_dims %68 {axis = 1 : i32} : tensor<64xf32> -> tensor<64x1xf32>
    %70 = tt.broadcast %69 : tensor<64x1xf32> -> tensor<64x128xf32>
    %71 = arith.mulf %65#2, %70 : tensor<64x128xf32>
    %72 = arith.truncf %71 : tensor<64x128xf32> to tensor<64x128xbf16>
    %73 = tt.splat %31 : i32 -> tensor<128xi32>
    %74 = arith.addi %73, %32 : tensor<128xi32>
    %75 = tt.expand_dims %26 {axis = 1 : i32} : tensor<64xi1> -> tensor<64x1xi1>
    %76 = tt.expand_dims %74 {axis = 0 : i32} : tensor<128xi32> -> tensor<1x128xi32>
    %77 = tt.splat %arg7 : i32 -> tensor<1x128xi32>
    %78 = arith.cmpi slt, %76, %77 : tensor<1x128xi32>
    %79 = tt.broadcast %75 : tensor<64x1xi1> -> tensor<64x128xi1>
    %80 = tt.broadcast %78 : tensor<1x128xi1> -> tensor<64x128xi1>
    %81 = arith.andi %79, %80 : tensor<64x128xi1>
    %82 = arith.divsi %27, %cst_1 : tensor<64xi64>
    %83 = tt.expand_dims %82 {axis = 1 : i32} : tensor<64xi64> -> tensor<64x1xi64>
    %84 = arith.extsi %arg15 : i32 to i64
    %85 = tt.splat %84 : i64 -> tensor<64x1xi64>
    %86 = arith.muli %85, %83 : tensor<64x1xi64>
    %87 = tt.splat %arg2 : !tt.ptr<bf16> -> tensor<64x1x!tt.ptr<bf16>>
    %88 = tt.addptr %87, %86 : tensor<64x1x!tt.ptr<bf16>>, tensor<64x1xi64>
    %89 = tt.broadcast %88 : tensor<64x1x!tt.ptr<bf16>> -> tensor<64x128x!tt.ptr<bf16>>
    %90 = tt.broadcast %76 : tensor<1x128xi32> -> tensor<64x128xi32>
    %91 = tt.addptr %89, %90 : tensor<64x128x!tt.ptr<bf16>>, tensor<64x128xi32>
    %92 = tt.atomic_rmw fadd, acq_rel, gpu, %91, %72, %81 : (tensor<64x128x!tt.ptr<bf16>>, tensor<64x128xbf16>, tensor<64x128xi1>) -> tensor<64x128xbf16>
    tt.return
  }
}

{-#
  external_resources: {
    mlir_reproducer: {
      pipeline: "builtin.module(convert-triton-to-tritongpu{enable-source-remat=false num-ctas=1 num-warps=2 target=cuda:90 threads-per-warp=32}, tritongpu-coalesce, tritongpu-F32DotTC{emu-tf32=true}, triton-nvidia-gpu-plan-cta, tritongpu-remove-layout-conversions, tritongpu-optimize-thread-locality, tritongpu-accelerate-matmul, tritongpu-remove-layout-conversions, tritongpu-optimize-dot-operands{hoist-layout-conversion=true}, triton-nvidia-optimize-descriptor-encoding, triton-loop-aware-cse, tritongpu-fuse-nested-loops, canonicalize{  max-iterations=10 max-num-rewrites=-1 region-simplify=normal test-convergence=false top-down=true}, triton-licm, canonicalize{  max-iterations=10 max-num-rewrites=-1 region-simplify=normal test-convergence=false top-down=true}, tritongpu-combine-tensor-select-and-if, nvgpu-warp-specialization{dump-intermediate-steps=false num-stages=3}, tritongpu-assign-latencies{num-stages=3}, tritongpu-schedule-loops, tritongpu-pipeline{dump-intermediate-steps=false num-stages=3}, canonicalize{  max-iterations=10 max-num-rewrites=-1 region-simplify=normal test-convergence=false top-down=true}, triton-loop-aware-cse, tritongpu-prefetch, tritongpu-optimize-dot-operands{hoist-layout-conversion=true}, tritongpu-coalesce-async-copy, triton-nvidia-optimize-tmem-layouts, triton-nvidia-tma-lowering, tritongpu-remove-layout-conversions, triton-nvidia-interleave-tmem, tritongpu-reduce-data-duplication, tritongpu-reorder-instructions, triton-loop-aware-cse, symbol-dce, triton-nvidia-gpu-fence-insertion{compute-capability=90}, triton-nvidia-mma-lowering, sccp, cse, canonicalize{  max-iterations=10 max-num-rewrites=-1 region-simplify=normal test-convergence=false top-down=true})",
      disable_threading: true,
      verify_each: true
    }
  }
#-}
/home/guancheng/zsh/fusion/glm52_h200/kernels/moe_down_merge.py:506:0: error: Failures have been detected while processing an MLIR pass pipeline
/home/guancheng/zsh/fusion/glm52_h200/kernels/moe_down_merge.py:506:0: note: Pipeline failed while executing [`TritonGPURemoveLayoutConversions` on 'builtin.module' operation]: reproducer generated at `std::errs, please share the reproducer above with Triton project.`
/home/guancheng/zsh/fusion/glm52_h200/kernels/moe_down_merge.py:566:50: error: operand #0 does not dominate this use
    safe_token = tl.where(token_mask, offs_token, 0)
                                                 ^
/home/guancheng/zsh/fusion/glm52_h200/kernels/moe_down_merge.py:631:36: note: operand defined here (op in the same block)
    c_mask = token_mask[:, None] & (offs_cn[None, :] < N)
                                   ^
module {
  tt.func public @moe_down_kernel(%arg0: !tt.ptr<bf16> {tt.divisibility = 16 : i32}, %arg1: !tt.ptr<bf16> {tt.divisibility = 16 : i32}, %arg2: !tt.ptr<bf16> {tt.divisibility = 16 : i32}, %arg3: !tt.ptr<f32> {tt.divisibility = 16 : i32}, %arg4: !tt.ptr<i32> {tt.divisibility = 16 : i32}, %arg5: !tt.ptr<i32> {tt.divisibility = 16 : i32}, %arg6: !tt.ptr<i32> {tt.divisibility = 16 : i32}, %arg7: i32 {tt.divisibility = 16 : i32}, %arg8: i32 {tt.divisibility = 16 : i32}, %arg9: i32, %arg10: i32, %arg11: i32 {tt.divisibility = 16 : i32}, %arg12: i32 {tt.divisibility = 16 : i32}, %arg13: i32 {tt.divisibility = 16 : i32}, %arg14: i32 {tt.divisibility = 16 : i32}, %arg15: i32 {tt.divisibility = 16 : i32}) attributes {noinline = false} {
    %cst = arith.constant dense<0.000000e+00> : tensor<64x64xbf16>
    %cst_0 = arith.constant dense<0.000000e+00> : tensor<64x128xf32>
    %c127_i32 = arith.constant 127 : i32
    %c63_i32 = arith.constant 63 : i32
    %c0_i32 = arith.constant 0 : i32
    %cst_1 = arith.constant dense<8> : tensor<64xi64>
    %cst_2 = arith.constant dense<0.000000e+00> : tensor<64xf32>
    %cst_3 = arith.constant dense<64> : tensor<64x128xi32>
    %cst_4 = arith.constant dense<64> : tensor<64x64xi32>
    %c128_i32 = arith.constant 128 : i32
    %cst_5 = arith.constant dense<0> : tensor<64xi64>
    %c64_i32 = arith.constant 64 : i32
    %c1_i32 = arith.constant 1 : i32
    %0 = tt.get_program_id x : i32
    %1 = arith.addi %arg9, %c63_i32 : i32
    %2 = arith.divsi %1, %c64_i32 : i32
    %3 = arith.addi %arg7, %c127_i32 : i32
    %4 = arith.divsi %3, %c128_i32 : i32
    %5 = arith.divsi %0, %4 : i32
    %6 = arith.subi %2, %5 : i32
    %7 = arith.minsi %6, %c1_i32 : i32
    %8 = arith.remsi %0, %4 : i32
    %9 = arith.remsi %8, %7 : i32
    %10 = arith.addi %5, %9 : i32
    %11 = arith.divsi %8, %7 : i32
    %12 = tt.load %arg6 : !tt.ptr<i32>
    %13 = arith.muli %10, %c64_i32 : i32
    %14 = arith.cmpi sge, %13, %12 : i32
    cf.cond_br %14, ^bb1, ^bb2
  ^bb1:  // pred: ^bb0
    tt.return
  ^bb2:  // pred: ^bb0
    %15 = tt.make_range {end = 64 : i32, start = 0 : i32} : tensor<64xi32>
    %16 = arith.extsi %15 : tensor<64xi32> to tensor<64xi64>
    %17 = arith.extsi %13 : i32 to i64
    %18 = tt.splat %17 : i64 -> tensor<64xi64>
    %19 = arith.addi %18, %16 : tensor<64xi64>
    %20 = tt.splat %arg4 : !tt.ptr<i32> -> tensor<64x!tt.ptr<i32>>
    %21 = tt.addptr %20, %19 : tensor<64x!tt.ptr<i32>>, tensor<64xi64>
    %22 = tt.load %21 : tensor<64x!tt.ptr<i32>>
    %23 = arith.extsi %22 : tensor<64xi32> to tensor<64xi64>
    %24 = arith.extsi %arg10 : i32 to i64
    %25 = tt.splat %24 : i64 -> tensor<64xi64>
    %26 = arith.cmpi slt, %23, %25 : tensor<64xi64>
    %27 = arith.select %26, %23, %cst_5 : tensor<64xi1>, tensor<64xi64>
    %28 = tt.addptr %arg5, %10 : !tt.ptr<i32>, i32
    %29 = tt.load %28 : !tt.ptr<i32>
    %30 = arith.extsi %29 : i32 to i64
    %31 = arith.muli %11, %c128_i32 : i32
    %32 = tt.make_range {end = 128 : i32, start = 0 : i32} : tensor<128xi32>
    %33 = arith.extsi %32 : tensor<128xi32> to tensor<128xi64>
    %34 = arith.extsi %31 : i32 to i64
    %35 = tt.splat %34 : i64 -> tensor<128xi64>
    %36 = arith.addi %35, %33 : tensor<128xi64>
    %37 = arith.extsi %arg7 : i32 to i64
    %38 = tt.splat %37 : i64 -> tensor<128xi64>
    %39 = arith.remsi %36, %38 : tensor<128xi64>
    %40 = tt.expand_dims %27 {axis = 1 : i32} : tensor<64xi64> -> tensor<64x1xi64>
    %41 = arith.extsi %arg12 : i32 to i64
    %42 = tt.splat %41 : i64 -> tensor<64x1xi64>
    %43 = arith.muli %40, %42 : tensor<64x1xi64>
    %44 = tt.expand_dims %15 {axis = 0 : i32} : tensor<64xi32> -> tensor<1x64xi32>
    %45 = arith.extsi %44 : tensor<1x64xi32> to tensor<1x64xi64>
    %46 = tt.broadcast %43 : tensor<64x1xi64> -> tensor<64x64xi64>
    %47 = tt.broadcast %45 : tensor<1x64xi64> -> tensor<64x64xi64>
    %48 = arith.addi %46, %47 : tensor<64x64xi64>
    %49 = tt.splat %arg0 : !tt.ptr<bf16> -> tensor<64x64x!tt.ptr<bf16>>
    %50 = tt.addptr %49, %48 : tensor<64x64x!tt.ptr<bf16>>, tensor<64x64xi64>
    %51 = arith.extsi %arg13 : i32 to i64
    %52 = arith.muli %30, %51 : i64
    %53 = tt.addptr %arg1, %52 : !tt.ptr<bf16>, i64
    %54 = tt.expand_dims %15 {axis = 1 : i32} : tensor<64xi32> -> tensor<64x1xi32>
    %55 = tt.expand_dims %39 {axis = 0 : i32} : tensor<128xi64> -> tensor<1x128xi64>
    %56 = arith.extsi %arg14 : i32 to i64
    %57 = tt.splat %56 : i64 -> tensor<1x128xi64>
    %58 = arith.muli %55, %57 : tensor<1x128xi64>
    %59 = arith.extsi %54 : tensor<64x1xi32> to tensor<64x1xi64>
    %60 = tt.broadcast %59 : tensor<64x1xi64> -> tensor<64x128xi64>
    %61 = tt.broadcast %58 : tensor<1x128xi64> -> tensor<64x128xi64>
    %62 = arith.addi %60, %61 : tensor<64x128xi64>
    %63 = tt.splat %53 : !tt.ptr<bf16> -> tensor<64x128x!tt.ptr<bf16>>
    %64 = tt.addptr %63, %62 : tensor<64x128x!tt.ptr<bf16>>, tensor<64x128xi64>
    %65:3 = scf.for %arg16 = %c0_i32 to %arg8 step %c64_i32 iter_args(%arg17 = %50, %arg18 = %64, %arg19 = %cst_0) -> (tensor<64x64x!tt.ptr<bf16>>, tensor<64x128x!tt.ptr<bf16>>, tensor<64x128xf32>)  : i32 {
      %93 = tt.expand_dims %26 {axis = 1 : i32} : tensor<64xi1> -> tensor<64x1xi1>
      %94 = tt.broadcast %93 : tensor<64x1xi1> -> tensor<64x64xi1>
      %95 = tt.load %arg17, %94, %cst : tensor<64x64x!tt.ptr<bf16>>
      %96 = tt.load %arg18 : tensor<64x128x!tt.ptr<bf16>>
      %97 = tt.dot %95, %96, %arg19, inputPrecision = tf32 : tensor<64x64xbf16> * tensor<64x128xbf16> -> tensor<64x128xf32>
      %98 = tt.addptr %arg17, %cst_4 : tensor<64x64x!tt.ptr<bf16>>, tensor<64x64xi32>
      %99 = tt.addptr %arg18, %cst_3 : tensor<64x128x!tt.ptr<bf16>>, tensor<64x128xi32>
      scf.yield %98, %99, %97 : tensor<64x64x!tt.ptr<bf16>>, tensor<64x128x!tt.ptr<bf16>>, tensor<64x128xf32>
    }
    %66 = tt.splat %arg3 : !tt.ptr<f32> -> tensor<64x!tt.ptr<f32>>
    %67 = tt.addptr %66, %27 : tensor<64x!tt.ptr<f32>>, tensor<64xi64>
    %68 = tt.load %67, %26, %cst_2 : tensor<64x!tt.ptr<f32>>
    %69 = tt.expand_dims %68 {axis = 1 : i32} : tensor<64xf32> -> tensor<64x1xf32>
    %70 = tt.broadcast %69 : tensor<64x1xf32> -> tensor<64x128xf32>
    %71 = arith.mulf %65#2, %70 : tensor<64x128xf32>
    %72 = arith.truncf %71 : tensor<64x128xf32> to tensor<64x128xbf16>
    %73 = tt.splat %31 : i32 -> tensor<128xi32>
    %74 = arith.addi %73, %32 : tensor<128xi32>
    %75 = tt.expand_dims %26 {axis = 1 : i32} : tensor<64xi1> -> tensor<64x1xi1>
    %76 = tt.expand_dims %74 {axis = 0 : i32} : tensor<128xi32> -> tensor<1x128xi32>
    %77 = tt.splat %arg7 : i32 -> tensor<1x128xi32>
    %78 = arith.cmpi slt, %76, %77 : tensor<1x128xi32>
    %79 = tt.broadcast %75 : tensor<64x1xi1> -> tensor<64x128xi1>
    %80 = tt.broadcast %78 : tensor<1x128xi1> -> tensor<64x128xi1>
    %81 = arith.andi %79, %80 : tensor<64x128xi1>
    %82 = arith.divsi %27, %cst_1 : tensor<64xi64>
    %83 = tt.expand_dims %82 {axis = 1 : i32} : tensor<64xi64> -> tensor<64x1xi64>
    %84 = arith.extsi %arg15 : i32 to i64
    %85 = tt.splat %84 : i64 -> tensor<64x1xi64>
    %86 = arith.muli %85, %83 : tensor<64x1xi64>
    %87 = tt.splat %arg2 : !tt.ptr<bf16> -> tensor<64x1x!tt.ptr<bf16>>
    %88 = tt.addptr %87, %86 : tensor<64x1x!tt.ptr<bf16>>, tensor<64x1xi64>
    %89 = tt.broadcast %88 : tensor<64x1x!tt.ptr<bf16>> -> tensor<64x128x!tt.ptr<bf16>>
    %90 = tt.broadcast %76 : tensor<1x128xi32> -> tensor<64x128xi32>
    %91 = tt.addptr %89, %90 : tensor<64x128x!tt.ptr<bf16>>, tensor<64x128xi32>
    %92 = tt.atomic_rmw fadd, acq_rel, gpu, %91, %72, %81 : (tensor<64x128x!tt.ptr<bf16>>, tensor<64x128xbf16>, tensor<64x128xi1>) -> tensor<64x128xbf16>
    tt.return
  }
}

{-#
  external_resources: {
    mlir_reproducer: {
      pipeline: "builtin.module(convert-triton-to-tritongpu{enable-source-remat=false num-ctas=1 num-warps=2 target=cuda:90 threads-per-warp=32}, tritongpu-coalesce, tritongpu-F32DotTC{emu-tf32=true}, triton-nvidia-gpu-plan-cta, tritongpu-remove-layout-conversions, tritongpu-optimize-thread-locality, tritongpu-accelerate-matmul, tritongpu-remove-layout-conversions, tritongpu-optimize-dot-operands{hoist-layout-conversion=true}, triton-nvidia-optimize-descriptor-encoding, triton-loop-aware-cse, tritongpu-fuse-nested-loops, canonicalize{  max-iterations=10 max-num-rewrites=-1 region-simplify=normal test-convergence=false top-down=true}, triton-licm, canonicalize{  max-iterations=10 max-num-rewrites=-1 region-simplify=normal test-convergence=false top-down=true}, tritongpu-combine-tensor-select-and-if, nvgpu-warp-specialization{dump-intermediate-steps=false num-stages=3}, tritongpu-assign-latencies{num-stages=3}, tritongpu-schedule-loops, tritongpu-pipeline{dump-intermediate-steps=false num-stages=3}, canonicalize{  max-iterations=10 max-num-rewrites=-1 region-simplify=normal test-convergence=false top-down=true}, triton-loop-aware-cse, tritongpu-prefetch, tritongpu-optimize-dot-operands{hoist-layout-conversion=true}, tritongpu-coalesce-async-copy, triton-nvidia-optimize-tmem-layouts, triton-nvidia-tma-lowering, tritongpu-remove-layout-conversions, triton-nvidia-interleave-tmem, tritongpu-reduce-data-duplication, tritongpu-reorder-instructions, triton-loop-aware-cse, symbol-dce, triton-nvidia-gpu-fence-insertion{compute-capability=90}, triton-nvidia-mma-lowering, sccp, cse, canonicalize{  max-iterations=10 max-num-rewrites=-1 region-simplify=normal test-convergence=false top-down=true})",
      disable_threading: true,
      verify_each: true
    }
  }
#-}
/home/guancheng/zsh/fusion/glm52_h200/kernels/moe_down_merge.py:506:0: error: Failures have been detected while processing an MLIR pass pipeline
/home/guancheng/zsh/fusion/glm52_h200/kernels/moe_down_merge.py:506:0: note: Pipeline failed while executing [`TritonGPURemoveLayoutConversions` on 'builtin.module' operation]: reproducer generated at `std::errs, please share the reproducer above with Triton project.`
  [cfgs] w2+merge(atomic)      1.5713 ms  (39 cfgs tried)  {'BLOCK_M': 64, 'BLOCK_N': 128, 'BLOCK_K': 64, 'GROUP_M': 1, 'num_warps': 8, 'num_stages': 3}
  [cfgs] moe_sum               0.0409 ms  (15 cfgs tried)  {'BLOCK_M': 4, 'BLOCK_DIM': 256, 'num_warps': 8, 'num_stages': 4}
  [cfgs] resadd                0.0187 ms  (17 cfgs tried)  {'BLOCK_M': 4, 'BLOCK_N': 256, 'num_warps': 8, 'num_stages': 2}
  [cfgs] router prenorm     tile sweep    0.0358 ms (46 cfgs, 0 fail)
  [cfgs] router prenorm        0.0340 ms  (37 cfgs tried)  {'BLOCK_M': 64, 'BLOCK_N': 32, 'BLOCK_K': 128, 'GROUP_M': 1, 'num_warps': 4, 'num_stages': 3}
  [cfgs] w13 prenorm        tile sweep    2.9694 ms (48 cfgs, 1 fail)
  [cfgs] w13 prenorm           2.9716 ms  (19 cfgs tried)  {'BLOCK_M': 64, 'BLOCK_N': 256, 'BLOCK_K': 128, 'GROUP_M': 8, 'num_warps': 8, 'num_stages': 3}
  [shared] tuning w13 (32), act (18), w2 (32)
  [shared] w13 0.0928 {'BLOCK_M': 128, 'BLOCK_N': 128, 'BLOCK_K': 64, 'GROUP_M': 8, 'num_warps': 4, 'num_stages': 3} | act 0.0089 | w2 0.0549 {'BLOCK_M': 128, 'BLOCK_N': 128, 'BLOCK_K': 64, 'GROUP_M': 8, 'num_warps': 8, 'num_stages': 3}
  A_all_unfused      ok  (14 kernels)  relerr 8.62e-03
  N_f11b             ok  (14 kernels)  relerr 8.62e-03
  O_f11ab            !! FAILS CORRECTNESS relerr=1.609e-01 -- excluded
  P_f10_f11ab        !! FAILS CORRECTNESS relerr=2.004e-01 -- excluded
  Q_f8_f11ab         !! FAILS CORRECTNESS relerr=1.922e-01 -- excluded
  R_f1_f10_f11ab     !! FAILS CORRECTNESS relerr=1.918e-01 -- excluded
    pass1 round 0: A_all_unfused=5.4558  N_f11b=5.4300
    pass1 round 1: A_all_unfused=5.4774  N_f11b=5.4363
    pass1 round 2: A_all_unfused=6.1576  N_f11b=5.5448
    pass1 round 3: A_all_unfused=5.4793  N_f11b=5.4380
    pass1 round 4: A_all_unfused=5.4756  N_f11b=5.8034
    pass1 round 5: A_all_unfused=5.5064  N_f11b=5.5676
    pass1 round 6: A_all_unfused=5.4786  N_f11b=5.4369
    pass1 round 7: A_all_unfused=5.6710  N_f11b=5.6468
    pass2 round 0: A_all_unfused=5.5300  N_f11b=5.4493
    pass2 round 1: A_all_unfused=5.6182  N_f11b=5.4627
    pass2 round 2: A_all_unfused=5.6822  N_f11b=5.5032
    pass2 round 3: A_all_unfused=5.4928  N_f11b=5.4428
    pass2 round 4: A_all_unfused=5.5885  N_f11b=5.6217
    pass2 round 5: A_all_unfused=5.4945  N_f11b=5.5062
    pass2 round 6: A_all_unfused=5.5018  N_f11b=5.5262
    pass2 round 7: A_all_unfused=5.5821  N_f11b=5.6227
  --> TIED: A_all_unfused, N_f11b
      pass1: best A_all_unfused gap 0.01243 ms vs round noise 0.70179 ms -> tied with A_all_unfused, N_f11b
      pass2: best N_f11b gap 0.05136 ms vs round noise 0.18938 ms -> tied with N_f11b, A_all_unfused
      best/all-unfused = 1.0000x

===== prefill_t2048 =====
  [cfgs] oproj gemm         tile sweep    0.6740 ms (48 cfgs, 2 fail)
  [cfgs] oproj gemm            0.5313 ms  (37 cfgs tried)  {'BLOCK_M': 128, 'BLOCK_N': 256, 'BLOCK_K': 32, 'GROUP_M': 16, 'num_warps': 8, 'num_stages': 4}
  [cfgs] oproj gemm+res     tile sweep    0.6799 ms (47 cfgs, 1 fail)
  [cfgs] oproj gemm+res        0.5264 ms  (37 cfgs tried)  {'BLOCK_M': 128, 'BLOCK_N': 256, 'BLOCK_K': 64, 'GROUP_M': 16, 'num_warps': 8, 'num_stages': 4}
  [cfgs] oproj epi             0.0240 ms  (12 cfgs tried)  {'BLOCK': 1024, 'num_warps': 4, 'num_stages': 1}
  [cfgs] add                   0.0246 ms  (15 cfgs tried)  {'ROWS': 2, 'BLOCK_N': 2048, 'num_warps': 16, 'num_stages': 2, 'grid_cap': None, 'eps': 1e-05}
  [cfgs] rmsnorm               0.0788 ms  (13 cfgs tried)  {'ROWS': 8, 'BLOCK_N': 2048, 'num_warps': 32, 'num_stages': 4, 'grid_cap': None, 'eps': 1e-05}
  [cfgs] add+rmsnorm           0.0386 ms  (16 cfgs tried)  {'ROWS': 1, 'BLOCK_N': 2048, 'num_warps': 4, 'num_stages': 1, 'grid_cap': None, 'eps': 1e-05}
  [cfgs] router gemm           0.1131 ms  (28 cfgs tried)  {'BLOCK_M': 128, 'BLOCK_K': 128, 'BLOCK_E': 256, 'num_warps': 8, 'num_stages': 2}
  [cfgs] topk                  0.0135 ms  (17 cfgs tried)  {'BLOCK_M': 16, 'BLOCK_K': 128, 'BLOCK_E': 128, 'num_warps': 16, 'num_stages': 2}
  [cfgs] f5 norm+router        0.0825 ms  (31 cfgs tried)  {'BLOCK_M': 32, 'BLOCK_K': 128, 'BLOCK_E': 128, 'num_warps': 8, 'num_stages': 3}
  [cfgs] f4 add+norm+rt        0.1046 ms  (30 cfgs tried)  {'BLOCK_M': 64, 'BLOCK_K': 128, 'BLOCK_E': 64, 'num_warps': 8, 'num_stages': 3}
  [cfgs] w13 gemm           tile sweep    3.4654 ms (48 cfgs, 2 fail)
  [cfgs] w13 gemm              3.1333 ms  (37 cfgs tried)  {'BLOCK_M': 128, 'BLOCK_N': 256, 'BLOCK_K': 64, 'GROUP_M': 1, 'num_warps': 8, 'num_stages': 4}
  [cfgs] w13+swiglu         tile sweep    3.5539 ms (42 cfgs, 1 fail)
/home/guancheng/zsh/fusion/glm52_h200/kernels/moe_gateup.py:641:24: error: operand #0 does not dominate this use
    c_mask = token_mask[:, None] & (offs_cn[None, :] < N)
                       ^
/home/guancheng/zsh/fusion/glm52_h200/kernels/moe_gateup.py:475:44: note: operand defined here (op in a child region)
        a = tl.load(a_ptrs, mask=token_mask[:, None], other=0.0)
                                           ^
module {
  tt.func public @moe_gateup_kernel(%arg0: !tt.ptr<bf16> {tt.divisibility = 16 : i32}, %arg1: !tt.ptr<bf16> {tt.divisibility = 16 : i32}, %arg2: !tt.ptr<bf16> {tt.divisibility = 16 : i32}, %arg3: !tt.ptr<i32> {tt.divisibility = 16 : i32}, %arg4: !tt.ptr<i32> {tt.divisibility = 16 : i32}, %arg5: !tt.ptr<i32> {tt.divisibility = 16 : i32}, %arg6: i32 {tt.divisibility = 16 : i32}, %arg7: i32 {tt.divisibility = 16 : i32}, %arg8: i32 {tt.divisibility = 16 : i32}, %arg9: i32 {tt.divisibility = 16 : i32}, %arg10: i32 {tt.divisibility = 16 : i32}, %arg11: i32 {tt.divisibility = 16 : i32}, %arg12: i32 {tt.divisibility = 16 : i32}, %arg13: i32 {tt.divisibility = 16 : i32}, %arg14: i32 {tt.divisibility = 16 : i32}) attributes {noinline = false} {
    %cst = arith.constant dense<1.000000e+00> : tensor<128x64xf32>
    %c2048_i32 = arith.constant 2048 : i32
    %cst_0 = arith.constant dense<0.000000e+00> : tensor<128x64xbf16>
    %cst_1 = arith.constant dense<0.000000e+00> : tensor<128x64xf32>
    %c63_i32 = arith.constant 63 : i32
    %c127_i32 = arith.constant 127 : i32
    %c0_i32 = arith.constant 0 : i32
    %cst_2 = arith.constant dense<64> : tensor<64x64xi32>
    %cst_3 = arith.constant dense<64> : tensor<128x64xi32>
    %cst_4 = arith.constant dense<8> : tensor<128x1xi64>
    %cst_5 = arith.constant dense<0> : tensor<128xi64>
    %c64_i32 = arith.constant 64 : i32
    %c128_i32 = arith.constant 128 : i32
    %c8_i32 = arith.constant 8 : i32
    %0 = tt.get_program_id x : i32
    %1 = arith.addi %arg8, %c127_i32 : i32
    %2 = arith.divsi %1, %c128_i32 : i32
    %3 = arith.addi %arg6, %c63_i32 : i32
    %4 = arith.divsi %3, %c64_i32 : i32
    %5 = arith.muli %4, %c8_i32 : i32
    %6 = arith.divsi %0, %5 : i32
    %7 = arith.muli %6, %c8_i32 : i32
    %8 = arith.subi %2, %7 : i32
    %9 = arith.minsi %8, %c8_i32 : i32
    %10 = arith.remsi %0, %5 : i32
    %11 = arith.remsi %10, %9 : i32
    %12 = arith.addi %7, %11 : i32
    %13 = arith.divsi %10, %9 : i32
    %14 = tt.load %arg5 : !tt.ptr<i32>
    %15 = arith.muli %12, %c128_i32 : i32
    %16 = arith.cmpi sge, %15, %14 : i32
    cf.cond_br %16, ^bb1, ^bb2
  ^bb1:  // pred: ^bb0
    tt.return
  ^bb2:  // pred: ^bb0
    %17 = tt.make_range {end = 128 : i32, start = 0 : i32} : tensor<128xi32>
    %18 = arith.extsi %17 : tensor<128xi32> to tensor<128xi64>
    %19 = arith.extsi %15 : i32 to i64
    %20 = tt.splat %19 : i64 -> tensor<128xi64>
    %21 = arith.addi %20, %18 : tensor<128xi64>
    %22 = tt.splat %arg3 : !tt.ptr<i32> -> tensor<128x!tt.ptr<i32>>
    %23 = tt.addptr %22, %21 : tensor<128x!tt.ptr<i32>>, tensor<128xi64>
    %24 = tt.load %23 : tensor<128x!tt.ptr<i32>>
    %25 = arith.extsi %24 : tensor<128xi32> to tensor<128xi64>
    %26 = arith.extsi %arg9 : i32 to i64
    %27 = tt.splat %26 : i64 -> tensor<128xi64>
    %28 = arith.cmpi slt, %25, %27 : tensor<128xi64>
    %29 = tt.addptr %arg4, %12 : !tt.ptr<i32>, i32
    %30 = tt.load %29 : !tt.ptr<i32>
    %31 = arith.extsi %30 : i32 to i64
    %32 = arith.muli %13, %c64_i32 : i32
    %33 = tt.make_range {end = 64 : i32, start = 0 : i32} : tensor<64xi32>
    %34 = arith.extsi %33 : tensor<64xi32> to tensor<64xi64>
    %35 = arith.extsi %32 : i32 to i64
    %36 = tt.splat %35 : i64 -> tensor<64xi64>
    %37 = arith.addi %36, %34 : tensor<64xi64>
    %38 = arith.extsi %arg6 : i32 to i64
    %39 = tt.splat %38 : i64 -> tensor<64xi64>
    %40 = arith.remsi %37, %39 : tensor<64xi64>
    %41 = arith.select %28, %25, %cst_5 : tensor<128xi1>, tensor<128xi64>
    %42 = tt.expand_dims %41 {axis = 1 : i32} : tensor<128xi64> -> tensor<128x1xi64>
    %43 = arith.divsi %42, %cst_4 : tensor<128x1xi64>
    %44 = arith.extsi %arg11 : i32 to i64
    %45 = tt.splat %44 : i64 -> tensor<128x1xi64>
    %46 = arith.muli %43, %45 : tensor<128x1xi64>
    %47 = tt.expand_dims %33 {axis = 0 : i32} : tensor<64xi32> -> tensor<1x64xi32>
    %48 = arith.extsi %47 : tensor<1x64xi32> to tensor<1x64xi64>
    %49 = tt.broadcast %46 : tensor<128x1xi64> -> tensor<128x64xi64>
    %50 = tt.broadcast %48 : tensor<1x64xi64> -> tensor<128x64xi64>
    %51 = arith.addi %49, %50 : tensor<128x64xi64>
    %52 = tt.splat %arg0 : !tt.ptr<bf16> -> tensor<128x64x!tt.ptr<bf16>>
    %53 = tt.addptr %52, %51 : tensor<128x64x!tt.ptr<bf16>>, tensor<128x64xi64>
    %54 = arith.extsi %arg12 : i32 to i64
    %55 = arith.muli %31, %54 : i64
    %56 = tt.addptr %arg1, %55 : !tt.ptr<bf16>, i64
    %57 = tt.expand_dims %33 {axis = 1 : i32} : tensor<64xi32> -> tensor<64x1xi32>
    %58 = tt.expand_dims %40 {axis = 0 : i32} : tensor<64xi64> -> tensor<1x64xi64>
    %59 = arith.extsi %arg13 : i32 to i64
    %60 = tt.splat %59 : i64 -> tensor<1x64xi64>
    %61 = arith.muli %58, %60 : tensor<1x64xi64>
    %62 = arith.extsi %57 : tensor<64x1xi32> to tensor<64x1xi64>
    %63 = tt.broadcast %62 : tensor<64x1xi64> -> tensor<64x64xi64>
    %64 = tt.broadcast %61 : tensor<1x64xi64> -> tensor<64x64xi64>
    %65 = arith.addi %63, %64 : tensor<64x64xi64>
    %66 = tt.splat %56 : !tt.ptr<bf16> -> tensor<64x64x!tt.ptr<bf16>>
    %67 = tt.addptr %66, %65 : tensor<64x64x!tt.ptr<bf16>>, tensor<64x64xi64>
    %68:4 = scf.for %arg15 = %c0_i32 to %arg7 step %c64_i32 iter_args(%arg16 = %53, %arg17 = %67, %arg18 = %cst_1, %arg19 = %cst_1) -> (tensor<128x64x!tt.ptr<bf16>>, tensor<64x64x!tt.ptr<bf16>>, tensor<128x64xf32>, tensor<128x64xf32>)  : i32 {
      %93 = tt.expand_dims %28 {axis = 1 : i32} : tensor<128xi1> -> tensor<128x1xi1>
      %94 = tt.broadcast %93 : tensor<128x1xi1> -> tensor<128x64xi1>
      %95 = tt.load %arg16, %94, %cst_0 : tensor<128x64x!tt.ptr<bf16>>
      %96 = tt.load %arg17 : tensor<64x64x!tt.ptr<bf16>>
      %97 = tt.dot %95, %96, %arg18, inputPrecision = tf32 : tensor<128x64xbf16> * tensor<64x64xbf16> -> tensor<128x64xf32>
      %98 = arith.muli %arg13, %c2048_i32 : i32
      %99 = tt.splat %98 : i32 -> tensor<64x64xi32>
      %100 = tt.addptr %arg17, %99 : tensor<64x64x!tt.ptr<bf16>>, tensor<64x64xi32>
      %101 = tt.load %100 : tensor<64x64x!tt.ptr<bf16>>
      %102 = tt.dot %95, %101, %arg19, inputPrecision = tf32 : tensor<128x64xbf16> * tensor<64x64xbf16> -> tensor<128x64xf32>
      %103 = tt.addptr %arg16, %cst_3 : tensor<128x64x!tt.ptr<bf16>>, tensor<128x64xi32>
      %104 = tt.addptr %arg17, %cst_2 : tensor<64x64x!tt.ptr<bf16>>, tensor<64x64xi32>
      scf.yield %103, %104, %97, %102 : tensor<128x64x!tt.ptr<bf16>>, tensor<64x64x!tt.ptr<bf16>>, tensor<128x64xf32>, tensor<128x64xf32>
    }
    %69 = arith.subf %cst_1, %68#2 : tensor<128x64xf32>
    %70 = math.exp %69 : tensor<128x64xf32>
    %71 = arith.addf %70, %cst : tensor<128x64xf32>
    %72 = arith.divf %cst, %71 : tensor<128x64xf32>
    %73 = arith.mulf %68#2, %72 : tensor<128x64xf32>
    %74 = arith.mulf %73, %68#3 : tensor<128x64xf32>
    %75 = arith.truncf %74 : tensor<128x64xf32> to tensor<128x64xbf16>
    %76 = tt.splat %32 : i32 -> tensor<64xi32>
    %77 = arith.addi %76, %33 : tensor<64xi32>
    %78 = arith.extsi %arg14 : i32 to i64
    %79 = tt.splat %78 : i64 -> tensor<128x1xi64>
    %80 = arith.muli %79, %42 : tensor<128x1xi64>
    %81 = tt.splat %arg2 : !tt.ptr<bf16> -> tensor<128x1x!tt.ptr<bf16>>
    %82 = tt.addptr %81, %80 : tensor<128x1x!tt.ptr<bf16>>, tensor<128x1xi64>
    %83 = tt.expand_dims %77 {axis = 0 : i32} : tensor<64xi32> -> tensor<1x64xi32>
    %84 = tt.broadcast %82 : tensor<128x1x!tt.ptr<bf16>> -> tensor<128x64x!tt.ptr<bf16>>
    %85 = tt.broadcast %83 : tensor<1x64xi32> -> tensor<128x64xi32>
    %86 = tt.addptr %84, %85 : tensor<128x64x!tt.ptr<bf16>>, tensor<128x64xi32>
    %87 = tt.expand_dims %28 {axis = 1 : i32} : tensor<128xi1> -> tensor<128x1xi1>
    %88 = tt.splat %arg6 : i32 -> tensor<1x64xi32>
    %89 = arith.cmpi slt, %83, %88 : tensor<1x64xi32>
    %90 = tt.broadcast %87 : tensor<128x1xi1> -> tensor<128x64xi1>
    %91 = tt.broadcast %89 : tensor<1x64xi1> -> tensor<128x64xi1>
    %92 = arith.andi %90, %91 : tensor<128x64xi1>
    tt.store %86, %75, %92 : tensor<128x64x!tt.ptr<bf16>>
    tt.return
  }
}

{-#
  external_resources: {
    mlir_reproducer: {
      pipeline: "builtin.module(convert-triton-to-tritongpu{enable-source-remat=false num-ctas=1 num-warps=1 target=cuda:90 threads-per-warp=32}, tritongpu-coalesce, tritongpu-F32DotTC{emu-tf32=true}, triton-nvidia-gpu-plan-cta, tritongpu-remove-layout-conversions, tritongpu-optimize-thread-locality, tritongpu-accelerate-matmul, tritongpu-remove-layout-conversions, tritongpu-optimize-dot-operands{hoist-layout-conversion=true}, triton-nvidia-optimize-descriptor-encoding, triton-loop-aware-cse, tritongpu-fuse-nested-loops, canonicalize{  max-iterations=10 max-num-rewrites=-1 region-simplify=normal test-convergence=false top-down=true}, triton-licm, canonicalize{  max-iterations=10 max-num-rewrites=-1 region-simplify=normal test-convergence=false top-down=true}, tritongpu-combine-tensor-select-and-if, nvgpu-warp-specialization{dump-intermediate-steps=false num-stages=3}, tritongpu-assign-latencies{num-stages=3}, tritongpu-schedule-loops, tritongpu-pipeline{dump-intermediate-steps=false num-stages=3}, canonicalize{  max-iterations=10 max-num-rewrites=-1 region-simplify=normal test-convergence=false top-down=true}, triton-loop-aware-cse, tritongpu-prefetch, tritongpu-optimize-dot-operands{hoist-layout-conversion=true}, tritongpu-coalesce-async-copy, triton-nvidia-optimize-tmem-layouts, triton-nvidia-tma-lowering, tritongpu-remove-layout-conversions, triton-nvidia-interleave-tmem, tritongpu-reduce-data-duplication, tritongpu-reorder-instructions, triton-loop-aware-cse, symbol-dce, triton-nvidia-gpu-fence-insertion{compute-capability=90}, triton-nvidia-mma-lowering, sccp, cse, canonicalize{  max-iterations=10 max-num-rewrites=-1 region-simplify=normal test-convergence=false top-down=true})",
      disable_threading: true,
      verify_each: true
    }
  }
#-}
/home/guancheng/zsh/fusion/glm52_h200/kernels/moe_gateup.py:506:0: error: Failures have been detected while processing an MLIR pass pipeline
/home/guancheng/zsh/fusion/glm52_h200/kernels/moe_gateup.py:506:0: note: Pipeline failed while executing [`TritonGPURemoveLayoutConversions` on 'builtin.module' operation]: reproducer generated at `std::errs, please share the reproducer above with Triton project.`
/home/guancheng/zsh/fusion/glm52_h200/kernels/moe_gateup.py:641:24: error: operand #0 does not dominate this use
    c_mask = token_mask[:, None] & (offs_cn[None, :] < N)
                       ^
/home/guancheng/zsh/fusion/glm52_h200/kernels/moe_gateup.py:475:44: note: operand defined here (op in a child region)
        a = tl.load(a_ptrs, mask=token_mask[:, None], other=0.0)
                                           ^
module {
  tt.func public @moe_gateup_kernel(%arg0: !tt.ptr<bf16> {tt.divisibility = 16 : i32}, %arg1: !tt.ptr<bf16> {tt.divisibility = 16 : i32}, %arg2: !tt.ptr<bf16> {tt.divisibility = 16 : i32}, %arg3: !tt.ptr<i32> {tt.divisibility = 16 : i32}, %arg4: !tt.ptr<i32> {tt.divisibility = 16 : i32}, %arg5: !tt.ptr<i32> {tt.divisibility = 16 : i32}, %arg6: i32 {tt.divisibility = 16 : i32}, %arg7: i32 {tt.divisibility = 16 : i32}, %arg8: i32 {tt.divisibility = 16 : i32}, %arg9: i32 {tt.divisibility = 16 : i32}, %arg10: i32 {tt.divisibility = 16 : i32}, %arg11: i32 {tt.divisibility = 16 : i32}, %arg12: i32 {tt.divisibility = 16 : i32}, %arg13: i32 {tt.divisibility = 16 : i32}, %arg14: i32 {tt.divisibility = 16 : i32}) attributes {noinline = false} {
    %cst = arith.constant dense<1.000000e+00> : tensor<128x64xf32>
    %c2048_i32 = arith.constant 2048 : i32
    %cst_0 = arith.constant dense<0.000000e+00> : tensor<128x64xbf16>
    %cst_1 = arith.constant dense<0.000000e+00> : tensor<128x64xf32>
    %c63_i32 = arith.constant 63 : i32
    %c127_i32 = arith.constant 127 : i32
    %c0_i32 = arith.constant 0 : i32
    %cst_2 = arith.constant dense<64> : tensor<64x64xi32>
    %cst_3 = arith.constant dense<64> : tensor<128x64xi32>
    %cst_4 = arith.constant dense<8> : tensor<128x1xi64>
    %cst_5 = arith.constant dense<0> : tensor<128xi64>
    %c64_i32 = arith.constant 64 : i32
    %c128_i32 = arith.constant 128 : i32
    %c8_i32 = arith.constant 8 : i32
    %0 = tt.get_program_id x : i32
    %1 = arith.addi %arg8, %c127_i32 : i32
    %2 = arith.divsi %1, %c128_i32 : i32
    %3 = arith.addi %arg6, %c63_i32 : i32
    %4 = arith.divsi %3, %c64_i32 : i32
    %5 = arith.muli %4, %c8_i32 : i32
    %6 = arith.divsi %0, %5 : i32
    %7 = arith.muli %6, %c8_i32 : i32
    %8 = arith.subi %2, %7 : i32
    %9 = arith.minsi %8, %c8_i32 : i32
    %10 = arith.remsi %0, %5 : i32
    %11 = arith.remsi %10, %9 : i32
    %12 = arith.addi %7, %11 : i32
    %13 = arith.divsi %10, %9 : i32
    %14 = tt.load %arg5 : !tt.ptr<i32>
    %15 = arith.muli %12, %c128_i32 : i32
    %16 = arith.cmpi sge, %15, %14 : i32
    cf.cond_br %16, ^bb1, ^bb2
  ^bb1:  // pred: ^bb0
    tt.return
  ^bb2:  // pred: ^bb0
    %17 = tt.make_range {end = 128 : i32, start = 0 : i32} : tensor<128xi32>
    %18 = arith.extsi %17 : tensor<128xi32> to tensor<128xi64>
    %19 = arith.extsi %15 : i32 to i64
    %20 = tt.splat %19 : i64 -> tensor<128xi64>
    %21 = arith.addi %20, %18 : tensor<128xi64>
    %22 = tt.splat %arg3 : !tt.ptr<i32> -> tensor<128x!tt.ptr<i32>>
    %23 = tt.addptr %22, %21 : tensor<128x!tt.ptr<i32>>, tensor<128xi64>
    %24 = tt.load %23 : tensor<128x!tt.ptr<i32>>
    %25 = arith.extsi %24 : tensor<128xi32> to tensor<128xi64>
    %26 = arith.extsi %arg9 : i32 to i64
    %27 = tt.splat %26 : i64 -> tensor<128xi64>
    %28 = arith.cmpi slt, %25, %27 : tensor<128xi64>
    %29 = tt.addptr %arg4, %12 : !tt.ptr<i32>, i32
    %30 = tt.load %29 : !tt.ptr<i32>
    %31 = arith.extsi %30 : i32 to i64
    %32 = arith.muli %13, %c64_i32 : i32
    %33 = tt.make_range {end = 64 : i32, start = 0 : i32} : tensor<64xi32>
    %34 = arith.extsi %33 : tensor<64xi32> to tensor<64xi64>
    %35 = arith.extsi %32 : i32 to i64
    %36 = tt.splat %35 : i64 -> tensor<64xi64>
    %37 = arith.addi %36, %34 : tensor<64xi64>
    %38 = arith.extsi %arg6 : i32 to i64
    %39 = tt.splat %38 : i64 -> tensor<64xi64>
    %40 = arith.remsi %37, %39 : tensor<64xi64>
    %41 = arith.select %28, %25, %cst_5 : tensor<128xi1>, tensor<128xi64>
    %42 = tt.expand_dims %41 {axis = 1 : i32} : tensor<128xi64> -> tensor<128x1xi64>
    %43 = arith.divsi %42, %cst_4 : tensor<128x1xi64>
    %44 = arith.extsi %arg11 : i32 to i64
    %45 = tt.splat %44 : i64 -> tensor<128x1xi64>
    %46 = arith.muli %43, %45 : tensor<128x1xi64>
    %47 = tt.expand_dims %33 {axis = 0 : i32} : tensor<64xi32> -> tensor<1x64xi32>
    %48 = arith.extsi %47 : tensor<1x64xi32> to tensor<1x64xi64>
    %49 = tt.broadcast %46 : tensor<128x1xi64> -> tensor<128x64xi64>
    %50 = tt.broadcast %48 : tensor<1x64xi64> -> tensor<128x64xi64>
    %51 = arith.addi %49, %50 : tensor<128x64xi64>
    %52 = tt.splat %arg0 : !tt.ptr<bf16> -> tensor<128x64x!tt.ptr<bf16>>
    %53 = tt.addptr %52, %51 : tensor<128x64x!tt.ptr<bf16>>, tensor<128x64xi64>
    %54 = arith.extsi %arg12 : i32 to i64
    %55 = arith.muli %31, %54 : i64
    %56 = tt.addptr %arg1, %55 : !tt.ptr<bf16>, i64
    %57 = tt.expand_dims %33 {axis = 1 : i32} : tensor<64xi32> -> tensor<64x1xi32>
    %58 = tt.expand_dims %40 {axis = 0 : i32} : tensor<64xi64> -> tensor<1x64xi64>
    %59 = arith.extsi %arg13 : i32 to i64
    %60 = tt.splat %59 : i64 -> tensor<1x64xi64>
    %61 = arith.muli %58, %60 : tensor<1x64xi64>
    %62 = arith.extsi %57 : tensor<64x1xi32> to tensor<64x1xi64>
    %63 = tt.broadcast %62 : tensor<64x1xi64> -> tensor<64x64xi64>
    %64 = tt.broadcast %61 : tensor<1x64xi64> -> tensor<64x64xi64>
    %65 = arith.addi %63, %64 : tensor<64x64xi64>
    %66 = tt.splat %56 : !tt.ptr<bf16> -> tensor<64x64x!tt.ptr<bf16>>
    %67 = tt.addptr %66, %65 : tensor<64x64x!tt.ptr<bf16>>, tensor<64x64xi64>
    %68:4 = scf.for %arg15 = %c0_i32 to %arg7 step %c64_i32 iter_args(%arg16 = %53, %arg17 = %67, %arg18 = %cst_1, %arg19 = %cst_1) -> (tensor<128x64x!tt.ptr<bf16>>, tensor<64x64x!tt.ptr<bf16>>, tensor<128x64xf32>, tensor<128x64xf32>)  : i32 {
      %93 = tt.expand_dims %28 {axis = 1 : i32} : tensor<128xi1> -> tensor<128x1xi1>
      %94 = tt.broadcast %93 : tensor<128x1xi1> -> tensor<128x64xi1>
      %95 = tt.load %arg16, %94, %cst_0 : tensor<128x64x!tt.ptr<bf16>>
      %96 = tt.load %arg17 : tensor<64x64x!tt.ptr<bf16>>
      %97 = tt.dot %95, %96, %arg18, inputPrecision = tf32 : tensor<128x64xbf16> * tensor<64x64xbf16> -> tensor<128x64xf32>
      %98 = arith.muli %arg13, %c2048_i32 : i32
      %99 = tt.splat %98 : i32 -> tensor<64x64xi32>
      %100 = tt.addptr %arg17, %99 : tensor<64x64x!tt.ptr<bf16>>, tensor<64x64xi32>
      %101 = tt.load %100 : tensor<64x64x!tt.ptr<bf16>>
      %102 = tt.dot %95, %101, %arg19, inputPrecision = tf32 : tensor<128x64xbf16> * tensor<64x64xbf16> -> tensor<128x64xf32>
      %103 = tt.addptr %arg16, %cst_3 : tensor<128x64x!tt.ptr<bf16>>, tensor<128x64xi32>
      %104 = tt.addptr %arg17, %cst_2 : tensor<64x64x!tt.ptr<bf16>>, tensor<64x64xi32>
      scf.yield %103, %104, %97, %102 : tensor<128x64x!tt.ptr<bf16>>, tensor<64x64x!tt.ptr<bf16>>, tensor<128x64xf32>, tensor<128x64xf32>
    }
    %69 = arith.subf %cst_1, %68#2 : tensor<128x64xf32>
    %70 = math.exp %69 : tensor<128x64xf32>
    %71 = arith.addf %70, %cst : tensor<128x64xf32>
    %72 = arith.divf %cst, %71 : tensor<128x64xf32>
    %73 = arith.mulf %68#2, %72 : tensor<128x64xf32>
    %74 = arith.mulf %73, %68#3 : tensor<128x64xf32>
    %75 = arith.truncf %74 : tensor<128x64xf32> to tensor<128x64xbf16>
    %76 = tt.splat %32 : i32 -> tensor<64xi32>
    %77 = arith.addi %76, %33 : tensor<64xi32>
    %78 = arith.extsi %arg14 : i32 to i64
    %79 = tt.splat %78 : i64 -> tensor<128x1xi64>
    %80 = arith.muli %79, %42 : tensor<128x1xi64>
    %81 = tt.splat %arg2 : !tt.ptr<bf16> -> tensor<128x1x!tt.ptr<bf16>>
    %82 = tt.addptr %81, %80 : tensor<128x1x!tt.ptr<bf16>>, tensor<128x1xi64>
    %83 = tt.expand_dims %77 {axis = 0 : i32} : tensor<64xi32> -> tensor<1x64xi32>
    %84 = tt.broadcast %82 : tensor<128x1x!tt.ptr<bf16>> -> tensor<128x64x!tt.ptr<bf16>>
    %85 = tt.broadcast %83 : tensor<1x64xi32> -> tensor<128x64xi32>
    %86 = tt.addptr %84, %85 : tensor<128x64x!tt.ptr<bf16>>, tensor<128x64xi32>
    %87 = tt.expand_dims %28 {axis = 1 : i32} : tensor<128xi1> -> tensor<128x1xi1>
    %88 = tt.splat %arg6 : i32 -> tensor<1x64xi32>
    %89 = arith.cmpi slt, %83, %88 : tensor<1x64xi32>
    %90 = tt.broadcast %87 : tensor<128x1xi1> -> tensor<128x64xi1>
    %91 = tt.broadcast %89 : tensor<1x64xi1> -> tensor<128x64xi1>
    %92 = arith.andi %90, %91 : tensor<128x64xi1>
    tt.store %86, %75, %92 : tensor<128x64x!tt.ptr<bf16>>
    tt.return
  }
}

{-#
  external_resources: {
    mlir_reproducer: {
      pipeline: "builtin.module(convert-triton-to-tritongpu{enable-source-remat=false num-ctas=1 num-warps=2 target=cuda:90 threads-per-warp=32}, tritongpu-coalesce, tritongpu-F32DotTC{emu-tf32=true}, triton-nvidia-gpu-plan-cta, tritongpu-remove-layout-conversions, tritongpu-optimize-thread-locality, tritongpu-accelerate-matmul, tritongpu-remove-layout-conversions, tritongpu-optimize-dot-operands{hoist-layout-conversion=true}, triton-nvidia-optimize-descriptor-encoding, triton-loop-aware-cse, tritongpu-fuse-nested-loops, canonicalize{  max-iterations=10 max-num-rewrites=-1 region-simplify=normal test-convergence=false top-down=true}, triton-licm, canonicalize{  max-iterations=10 max-num-rewrites=-1 region-simplify=normal test-convergence=false top-down=true}, tritongpu-combine-tensor-select-and-if, nvgpu-warp-specialization{dump-intermediate-steps=false num-stages=3}, tritongpu-assign-latencies{num-stages=3}, tritongpu-schedule-loops, tritongpu-pipeline{dump-intermediate-steps=false num-stages=3}, canonicalize{  max-iterations=10 max-num-rewrites=-1 region-simplify=normal test-convergence=false top-down=true}, triton-loop-aware-cse, tritongpu-prefetch, tritongpu-optimize-dot-operands{hoist-layout-conversion=true}, tritongpu-coalesce-async-copy, triton-nvidia-optimize-tmem-layouts, triton-nvidia-tma-lowering, tritongpu-remove-layout-conversions, triton-nvidia-interleave-tmem, tritongpu-reduce-data-duplication, tritongpu-reorder-instructions, triton-loop-aware-cse, symbol-dce, triton-nvidia-gpu-fence-insertion{compute-capability=90}, triton-nvidia-mma-lowering, sccp, cse, canonicalize{  max-iterations=10 max-num-rewrites=-1 region-simplify=normal test-convergence=false top-down=true})",
      disable_threading: true,
      verify_each: true
    }
  }
#-}
/home/guancheng/zsh/fusion/glm52_h200/kernels/moe_gateup.py:506:0: error: Failures have been detected while processing an MLIR pass pipeline
/home/guancheng/zsh/fusion/glm52_h200/kernels/moe_gateup.py:506:0: note: Pipeline failed while executing [`TritonGPURemoveLayoutConversions` on 'builtin.module' operation]: reproducer generated at `std::errs, please share the reproducer above with Triton project.`
/home/guancheng/zsh/fusion/glm52_h200/kernels/moe_gateup.py:641:24: error: operand #0 does not dominate this use
    c_mask = token_mask[:, None] & (offs_cn[None, :] < N)
                       ^
/home/guancheng/zsh/fusion/glm52_h200/kernels/moe_gateup.py:475:44: note: operand defined here (op in a child region)
        a = tl.load(a_ptrs, mask=token_mask[:, None], other=0.0)
                                           ^
module {
  tt.func public @moe_gateup_kernel(%arg0: !tt.ptr<bf16> {tt.divisibility = 16 : i32}, %arg1: !tt.ptr<bf16> {tt.divisibility = 16 : i32}, %arg2: !tt.ptr<bf16> {tt.divisibility = 16 : i32}, %arg3: !tt.ptr<i32> {tt.divisibility = 16 : i32}, %arg4: !tt.ptr<i32> {tt.divisibility = 16 : i32}, %arg5: !tt.ptr<i32> {tt.divisibility = 16 : i32}, %arg6: i32 {tt.divisibility = 16 : i32}, %arg7: i32 {tt.divisibility = 16 : i32}, %arg8: i32 {tt.divisibility = 16 : i32}, %arg9: i32 {tt.divisibility = 16 : i32}, %arg10: i32 {tt.divisibility = 16 : i32}, %arg11: i32 {tt.divisibility = 16 : i32}, %arg12: i32 {tt.divisibility = 16 : i32}, %arg13: i32 {tt.divisibility = 16 : i32}, %arg14: i32 {tt.divisibility = 16 : i32}) attributes {noinline = false} {
    %cst = arith.constant dense<1.000000e+00> : tensor<128x64xf32>
    %c2048_i32 = arith.constant 2048 : i32
    %cst_0 = arith.constant dense<0.000000e+00> : tensor<128x64xbf16>
    %cst_1 = arith.constant dense<0.000000e+00> : tensor<128x64xf32>
    %c63_i32 = arith.constant 63 : i32
    %c127_i32 = arith.constant 127 : i32
    %c0_i32 = arith.constant 0 : i32
    %cst_2 = arith.constant dense<64> : tensor<64x64xi32>
    %cst_3 = arith.constant dense<64> : tensor<128x64xi32>
    %cst_4 = arith.constant dense<8> : tensor<128x1xi64>
    %cst_5 = arith.constant dense<0> : tensor<128xi64>
    %c64_i32 = arith.constant 64 : i32
    %c128_i32 = arith.constant 128 : i32
    %c8_i32 = arith.constant 8 : i32
    %0 = tt.get_program_id x : i32
    %1 = arith.addi %arg8, %c127_i32 : i32
    %2 = arith.divsi %1, %c128_i32 : i32
    %3 = arith.addi %arg6, %c63_i32 : i32
    %4 = arith.divsi %3, %c64_i32 : i32
    %5 = arith.muli %4, %c8_i32 : i32
    %6 = arith.divsi %0, %5 : i32
    %7 = arith.muli %6, %c8_i32 : i32
    %8 = arith.subi %2, %7 : i32
    %9 = arith.minsi %8, %c8_i32 : i32
    %10 = arith.remsi %0, %5 : i32
    %11 = arith.remsi %10, %9 : i32
    %12 = arith.addi %7, %11 : i32
    %13 = arith.divsi %10, %9 : i32
    %14 = tt.load %arg5 : !tt.ptr<i32>
    %15 = arith.muli %12, %c128_i32 : i32
    %16 = arith.cmpi sge, %15, %14 : i32
    cf.cond_br %16, ^bb1, ^bb2
  ^bb1:  // pred: ^bb0
    tt.return
  ^bb2:  // pred: ^bb0
    %17 = tt.make_range {end = 128 : i32, start = 0 : i32} : tensor<128xi32>
    %18 = arith.extsi %17 : tensor<128xi32> to tensor<128xi64>
    %19 = arith.extsi %15 : i32 to i64
    %20 = tt.splat %19 : i64 -> tensor<128xi64>
    %21 = arith.addi %20, %18 : tensor<128xi64>
    %22 = tt.splat %arg3 : !tt.ptr<i32> -> tensor<128x!tt.ptr<i32>>
    %23 = tt.addptr %22, %21 : tensor<128x!tt.ptr<i32>>, tensor<128xi64>
    %24 = tt.load %23 : tensor<128x!tt.ptr<i32>>
    %25 = arith.extsi %24 : tensor<128xi32> to tensor<128xi64>
    %26 = arith.extsi %arg9 : i32 to i64
    %27 = tt.splat %26 : i64 -> tensor<128xi64>
    %28 = arith.cmpi slt, %25, %27 : tensor<128xi64>
    %29 = tt.addptr %arg4, %12 : !tt.ptr<i32>, i32
    %30 = tt.load %29 : !tt.ptr<i32>
    %31 = arith.extsi %30 : i32 to i64
    %32 = arith.muli %13, %c64_i32 : i32
    %33 = tt.make_range {end = 64 : i32, start = 0 : i32} : tensor<64xi32>
    %34 = arith.extsi %33 : tensor<64xi32> to tensor<64xi64>
    %35 = arith.extsi %32 : i32 to i64
    %36 = tt.splat %35 : i64 -> tensor<64xi64>
    %37 = arith.addi %36, %34 : tensor<64xi64>
    %38 = arith.extsi %arg6 : i32 to i64
    %39 = tt.splat %38 : i64 -> tensor<64xi64>
    %40 = arith.remsi %37, %39 : tensor<64xi64>
    %41 = arith.select %28, %25, %cst_5 : tensor<128xi1>, tensor<128xi64>
    %42 = tt.expand_dims %41 {axis = 1 : i32} : tensor<128xi64> -> tensor<128x1xi64>
    %43 = arith.divsi %42, %cst_4 : tensor<128x1xi64>
    %44 = arith.extsi %arg11 : i32 to i64
    %45 = tt.splat %44 : i64 -> tensor<128x1xi64>
    %46 = arith.muli %43, %45 : tensor<128x1xi64>
    %47 = tt.expand_dims %33 {axis = 0 : i32} : tensor<64xi32> -> tensor<1x64xi32>
    %48 = arith.extsi %47 : tensor<1x64xi32> to tensor<1x64xi64>
    %49 = tt.broadcast %46 : tensor<128x1xi64> -> tensor<128x64xi64>
    %50 = tt.broadcast %48 : tensor<1x64xi64> -> tensor<128x64xi64>
    %51 = arith.addi %49, %50 : tensor<128x64xi64>
    %52 = tt.splat %arg0 : !tt.ptr<bf16> -> tensor<128x64x!tt.ptr<bf16>>
    %53 = tt.addptr %52, %51 : tensor<128x64x!tt.ptr<bf16>>, tensor<128x64xi64>
    %54 = arith.extsi %arg12 : i32 to i64
    %55 = arith.muli %31, %54 : i64
    %56 = tt.addptr %arg1, %55 : !tt.ptr<bf16>, i64
    %57 = tt.expand_dims %33 {axis = 1 : i32} : tensor<64xi32> -> tensor<64x1xi32>
    %58 = tt.expand_dims %40 {axis = 0 : i32} : tensor<64xi64> -> tensor<1x64xi64>
    %59 = arith.extsi %arg13 : i32 to i64
    %60 = tt.splat %59 : i64 -> tensor<1x64xi64>
    %61 = arith.muli %58, %60 : tensor<1x64xi64>
    %62 = arith.extsi %57 : tensor<64x1xi32> to tensor<64x1xi64>
    %63 = tt.broadcast %62 : tensor<64x1xi64> -> tensor<64x64xi64>
    %64 = tt.broadcast %61 : tensor<1x64xi64> -> tensor<64x64xi64>
    %65 = arith.addi %63, %64 : tensor<64x64xi64>
    %66 = tt.splat %56 : !tt.ptr<bf16> -> tensor<64x64x!tt.ptr<bf16>>
    %67 = tt.addptr %66, %65 : tensor<64x64x!tt.ptr<bf16>>, tensor<64x64xi64>
    %68:4 = scf.for %arg15 = %c0_i32 to %arg7 step %c64_i32 iter_args(%arg16 = %53, %arg17 = %67, %arg18 = %cst_1, %arg19 = %cst_1) -> (tensor<128x64x!tt.ptr<bf16>>, tensor<64x64x!tt.ptr<bf16>>, tensor<128x64xf32>, tensor<128x64xf32>)  : i32 {
      %93 = tt.expand_dims %28 {axis = 1 : i32} : tensor<128xi1> -> tensor<128x1xi1>
      %94 = tt.broadcast %93 : tensor<128x1xi1> -> tensor<128x64xi1>
      %95 = tt.load %arg16, %94, %cst_0 : tensor<128x64x!tt.ptr<bf16>>
      %96 = tt.load %arg17 : tensor<64x64x!tt.ptr<bf16>>
      %97 = tt.dot %95, %96, %arg18, inputPrecision = tf32 : tensor<128x64xbf16> * tensor<64x64xbf16> -> tensor<128x64xf32>
      %98 = arith.muli %arg13, %c2048_i32 : i32
      %99 = tt.splat %98 : i32 -> tensor<64x64xi32>
      %100 = tt.addptr %arg17, %99 : tensor<64x64x!tt.ptr<bf16>>, tensor<64x64xi32>
      %101 = tt.load %100 : tensor<64x64x!tt.ptr<bf16>>
      %102 = tt.dot %95, %101, %arg19, inputPrecision = tf32 : tensor<128x64xbf16> * tensor<64x64xbf16> -> tensor<128x64xf32>
      %103 = tt.addptr %arg16, %cst_3 : tensor<128x64x!tt.ptr<bf16>>, tensor<128x64xi32>
      %104 = tt.addptr %arg17, %cst_2 : tensor<64x64x!tt.ptr<bf16>>, tensor<64x64xi32>
      scf.yield %103, %104, %97, %102 : tensor<128x64x!tt.ptr<bf16>>, tensor<64x64x!tt.ptr<bf16>>, tensor<128x64xf32>, tensor<128x64xf32>
    }
    %69 = arith.subf %cst_1, %68#2 : tensor<128x64xf32>
    %70 = math.exp %69 : tensor<128x64xf32>
    %71 = arith.addf %70, %cst : tensor<128x64xf32>
    %72 = arith.divf %cst, %71 : tensor<128x64xf32>
    %73 = arith.mulf %68#2, %72 : tensor<128x64xf32>
    %74 = arith.mulf %73, %68#3 : tensor<128x64xf32>
    %75 = arith.truncf %74 : tensor<128x64xf32> to tensor<128x64xbf16>
    %76 = tt.splat %32 : i32 -> tensor<64xi32>
    %77 = arith.addi %76, %33 : tensor<64xi32>
    %78 = arith.extsi %arg14 : i32 to i64
    %79 = tt.splat %78 : i64 -> tensor<128x1xi64>
    %80 = arith.muli %79, %42 : tensor<128x1xi64>
    %81 = tt.splat %arg2 : !tt.ptr<bf16> -> tensor<128x1x!tt.ptr<bf16>>
    %82 = tt.addptr %81, %80 : tensor<128x1x!tt.ptr<bf16>>, tensor<128x1xi64>
    %83 = tt.expand_dims %77 {axis = 0 : i32} : tensor<64xi32> -> tensor<1x64xi32>
    %84 = tt.broadcast %82 : tensor<128x1x!tt.ptr<bf16>> -> tensor<128x64x!tt.ptr<bf16>>
    %85 = tt.broadcast %83 : tensor<1x64xi32> -> tensor<128x64xi32>
    %86 = tt.addptr %84, %85 : tensor<128x64x!tt.ptr<bf16>>, tensor<128x64xi32>
    %87 = tt.expand_dims %28 {axis = 1 : i32} : tensor<128xi1> -> tensor<128x1xi1>
    %88 = tt.splat %arg6 : i32 -> tensor<1x64xi32>
    %89 = arith.cmpi slt, %83, %88 : tensor<1x64xi32>
    %90 = tt.broadcast %87 : tensor<128x1xi1> -> tensor<128x64xi1>
    %91 = tt.broadcast %89 : tensor<1x64xi1> -> tensor<128x64xi1>
    %92 = arith.andi %90, %91 : tensor<128x64xi1>
    tt.store %86, %75, %92 : tensor<128x64x!tt.ptr<bf16>>
    tt.return
  }
}

{-#
  external_resources: {
    mlir_reproducer: {
      pipeline: "builtin.module(convert-triton-to-tritongpu{enable-source-remat=false num-ctas=1 num-warps=1 target=cuda:90 threads-per-warp=32}, tritongpu-coalesce, tritongpu-F32DotTC{emu-tf32=true}, triton-nvidia-gpu-plan-cta, tritongpu-remove-layout-conversions, tritongpu-optimize-thread-locality, tritongpu-accelerate-matmul, tritongpu-remove-layout-conversions, tritongpu-optimize-dot-operands{hoist-layout-conversion=true}, triton-nvidia-optimize-descriptor-encoding, triton-loop-aware-cse, tritongpu-fuse-nested-loops, canonicalize{  max-iterations=10 max-num-rewrites=-1 region-simplify=normal test-convergence=false top-down=true}, triton-licm, canonicalize{  max-iterations=10 max-num-rewrites=-1 region-simplify=normal test-convergence=false top-down=true}, tritongpu-combine-tensor-select-and-if, nvgpu-warp-specialization{dump-intermediate-steps=false num-stages=3}, tritongpu-assign-latencies{num-stages=3}, tritongpu-schedule-loops, tritongpu-pipeline{dump-intermediate-steps=false num-stages=3}, canonicalize{  max-iterations=10 max-num-rewrites=-1 region-simplify=normal test-convergence=false top-down=true}, triton-loop-aware-cse, tritongpu-prefetch, tritongpu-optimize-dot-operands{hoist-layout-conversion=true}, tritongpu-coalesce-async-copy, triton-nvidia-optimize-tmem-layouts, triton-nvidia-tma-lowering, tritongpu-remove-layout-conversions, triton-nvidia-interleave-tmem, tritongpu-reduce-data-duplication, tritongpu-reorder-instructions, triton-loop-aware-cse, symbol-dce, triton-nvidia-gpu-fence-insertion{compute-capability=90}, triton-nvidia-mma-lowering, sccp, cse, canonicalize{  max-iterations=10 max-num-rewrites=-1 region-simplify=normal test-convergence=false top-down=true})",
      disable_threading: true,
      verify_each: true
    }
  }
#-}
/home/guancheng/zsh/fusion/glm52_h200/kernels/moe_gateup.py:506:0: error: Failures have been detected while processing an MLIR pass pipeline
/home/guancheng/zsh/fusion/glm52_h200/kernels/moe_gateup.py:506:0: note: Pipeline failed while executing [`TritonGPURemoveLayoutConversions` on 'builtin.module' operation]: reproducer generated at `std::errs, please share the reproducer above with Triton project.`
/home/guancheng/zsh/fusion/glm52_h200/kernels/moe_gateup.py:641:24: error: operand #0 does not dominate this use
    c_mask = token_mask[:, None] & (offs_cn[None, :] < N)
                       ^
/home/guancheng/zsh/fusion/glm52_h200/kernels/moe_gateup.py:475:44: note: operand defined here (op in a child region)
        a = tl.load(a_ptrs, mask=token_mask[:, None], other=0.0)
                                           ^
module {
  tt.func public @moe_gateup_kernel(%arg0: !tt.ptr<bf16> {tt.divisibility = 16 : i32}, %arg1: !tt.ptr<bf16> {tt.divisibility = 16 : i32}, %arg2: !tt.ptr<bf16> {tt.divisibility = 16 : i32}, %arg3: !tt.ptr<i32> {tt.divisibility = 16 : i32}, %arg4: !tt.ptr<i32> {tt.divisibility = 16 : i32}, %arg5: !tt.ptr<i32> {tt.divisibility = 16 : i32}, %arg6: i32 {tt.divisibility = 16 : i32}, %arg7: i32 {tt.divisibility = 16 : i32}, %arg8: i32 {tt.divisibility = 16 : i32}, %arg9: i32 {tt.divisibility = 16 : i32}, %arg10: i32 {tt.divisibility = 16 : i32}, %arg11: i32 {tt.divisibility = 16 : i32}, %arg12: i32 {tt.divisibility = 16 : i32}, %arg13: i32 {tt.divisibility = 16 : i32}, %arg14: i32 {tt.divisibility = 16 : i32}) attributes {noinline = false} {
    %cst = arith.constant dense<1.000000e+00> : tensor<128x64xf32>
    %c2048_i32 = arith.constant 2048 : i32
    %cst_0 = arith.constant dense<0.000000e+00> : tensor<128x64xbf16>
    %cst_1 = arith.constant dense<0.000000e+00> : tensor<128x64xf32>
    %c63_i32 = arith.constant 63 : i32
    %c127_i32 = arith.constant 127 : i32
    %c0_i32 = arith.constant 0 : i32
    %cst_2 = arith.constant dense<64> : tensor<64x64xi32>
    %cst_3 = arith.constant dense<64> : tensor<128x64xi32>
    %cst_4 = arith.constant dense<8> : tensor<128x1xi64>
    %cst_5 = arith.constant dense<0> : tensor<128xi64>
    %c64_i32 = arith.constant 64 : i32
    %c128_i32 = arith.constant 128 : i32
    %c8_i32 = arith.constant 8 : i32
    %0 = tt.get_program_id x : i32
    %1 = arith.addi %arg8, %c127_i32 : i32
    %2 = arith.divsi %1, %c128_i32 : i32
    %3 = arith.addi %arg6, %c63_i32 : i32
    %4 = arith.divsi %3, %c64_i32 : i32
    %5 = arith.muli %4, %c8_i32 : i32
    %6 = arith.divsi %0, %5 : i32
    %7 = arith.muli %6, %c8_i32 : i32
    %8 = arith.subi %2, %7 : i32
    %9 = arith.minsi %8, %c8_i32 : i32
    %10 = arith.remsi %0, %5 : i32
    %11 = arith.remsi %10, %9 : i32
    %12 = arith.addi %7, %11 : i32
    %13 = arith.divsi %10, %9 : i32
    %14 = tt.load %arg5 : !tt.ptr<i32>
    %15 = arith.muli %12, %c128_i32 : i32
    %16 = arith.cmpi sge, %15, %14 : i32
    cf.cond_br %16, ^bb1, ^bb2
  ^bb1:  // pred: ^bb0
    tt.return
  ^bb2:  // pred: ^bb0
    %17 = tt.make_range {end = 128 : i32, start = 0 : i32} : tensor<128xi32>
    %18 = arith.extsi %17 : tensor<128xi32> to tensor<128xi64>
    %19 = arith.extsi %15 : i32 to i64
    %20 = tt.splat %19 : i64 -> tensor<128xi64>
    %21 = arith.addi %20, %18 : tensor<128xi64>
    %22 = tt.splat %arg3 : !tt.ptr<i32> -> tensor<128x!tt.ptr<i32>>
    %23 = tt.addptr %22, %21 : tensor<128x!tt.ptr<i32>>, tensor<128xi64>
    %24 = tt.load %23 : tensor<128x!tt.ptr<i32>>
    %25 = arith.extsi %24 : tensor<128xi32> to tensor<128xi64>
    %26 = arith.extsi %arg9 : i32 to i64
    %27 = tt.splat %26 : i64 -> tensor<128xi64>
    %28 = arith.cmpi slt, %25, %27 : tensor<128xi64>
    %29 = tt.addptr %arg4, %12 : !tt.ptr<i32>, i32
    %30 = tt.load %29 : !tt.ptr<i32>
    %31 = arith.extsi %30 : i32 to i64
    %32 = arith.muli %13, %c64_i32 : i32
    %33 = tt.make_range {end = 64 : i32, start = 0 : i32} : tensor<64xi32>
    %34 = arith.extsi %33 : tensor<64xi32> to tensor<64xi64>
    %35 = arith.extsi %32 : i32 to i64
    %36 = tt.splat %35 : i64 -> tensor<64xi64>
    %37 = arith.addi %36, %34 : tensor<64xi64>
    %38 = arith.extsi %arg6 : i32 to i64
    %39 = tt.splat %38 : i64 -> tensor<64xi64>
    %40 = arith.remsi %37, %39 : tensor<64xi64>
    %41 = arith.select %28, %25, %cst_5 : tensor<128xi1>, tensor<128xi64>
    %42 = tt.expand_dims %41 {axis = 1 : i32} : tensor<128xi64> -> tensor<128x1xi64>
    %43 = arith.divsi %42, %cst_4 : tensor<128x1xi64>
    %44 = arith.extsi %arg11 : i32 to i64
    %45 = tt.splat %44 : i64 -> tensor<128x1xi64>
    %46 = arith.muli %43, %45 : tensor<128x1xi64>
    %47 = tt.expand_dims %33 {axis = 0 : i32} : tensor<64xi32> -> tensor<1x64xi32>
    %48 = arith.extsi %47 : tensor<1x64xi32> to tensor<1x64xi64>
    %49 = tt.broadcast %46 : tensor<128x1xi64> -> tensor<128x64xi64>
    %50 = tt.broadcast %48 : tensor<1x64xi64> -> tensor<128x64xi64>
    %51 = arith.addi %49, %50 : tensor<128x64xi64>
    %52 = tt.splat %arg0 : !tt.ptr<bf16> -> tensor<128x64x!tt.ptr<bf16>>
    %53 = tt.addptr %52, %51 : tensor<128x64x!tt.ptr<bf16>>, tensor<128x64xi64>
    %54 = arith.extsi %arg12 : i32 to i64
    %55 = arith.muli %31, %54 : i64
    %56 = tt.addptr %arg1, %55 : !tt.ptr<bf16>, i64
    %57 = tt.expand_dims %33 {axis = 1 : i32} : tensor<64xi32> -> tensor<64x1xi32>
    %58 = tt.expand_dims %40 {axis = 0 : i32} : tensor<64xi64> -> tensor<1x64xi64>
    %59 = arith.extsi %arg13 : i32 to i64
    %60 = tt.splat %59 : i64 -> tensor<1x64xi64>
    %61 = arith.muli %58, %60 : tensor<1x64xi64>
    %62 = arith.extsi %57 : tensor<64x1xi32> to tensor<64x1xi64>
    %63 = tt.broadcast %62 : tensor<64x1xi64> -> tensor<64x64xi64>
    %64 = tt.broadcast %61 : tensor<1x64xi64> -> tensor<64x64xi64>
    %65 = arith.addi %63, %64 : tensor<64x64xi64>
    %66 = tt.splat %56 : !tt.ptr<bf16> -> tensor<64x64x!tt.ptr<bf16>>
    %67 = tt.addptr %66, %65 : tensor<64x64x!tt.ptr<bf16>>, tensor<64x64xi64>
    %68:4 = scf.for %arg15 = %c0_i32 to %arg7 step %c64_i32 iter_args(%arg16 = %53, %arg17 = %67, %arg18 = %cst_1, %arg19 = %cst_1) -> (tensor<128x64x!tt.ptr<bf16>>, tensor<64x64x!tt.ptr<bf16>>, tensor<128x64xf32>, tensor<128x64xf32>)  : i32 {
      %93 = tt.expand_dims %28 {axis = 1 : i32} : tensor<128xi1> -> tensor<128x1xi1>
      %94 = tt.broadcast %93 : tensor<128x1xi1> -> tensor<128x64xi1>
      %95 = tt.load %arg16, %94, %cst_0 : tensor<128x64x!tt.ptr<bf16>>
      %96 = tt.load %arg17 : tensor<64x64x!tt.ptr<bf16>>
      %97 = tt.dot %95, %96, %arg18, inputPrecision = tf32 : tensor<128x64xbf16> * tensor<64x64xbf16> -> tensor<128x64xf32>
      %98 = arith.muli %arg13, %c2048_i32 : i32
      %99 = tt.splat %98 : i32 -> tensor<64x64xi32>
      %100 = tt.addptr %arg17, %99 : tensor<64x64x!tt.ptr<bf16>>, tensor<64x64xi32>
      %101 = tt.load %100 : tensor<64x64x!tt.ptr<bf16>>
      %102 = tt.dot %95, %101, %arg19, inputPrecision = tf32 : tensor<128x64xbf16> * tensor<64x64xbf16> -> tensor<128x64xf32>
      %103 = tt.addptr %arg16, %cst_3 : tensor<128x64x!tt.ptr<bf16>>, tensor<128x64xi32>
      %104 = tt.addptr %arg17, %cst_2 : tensor<64x64x!tt.ptr<bf16>>, tensor<64x64xi32>
      scf.yield %103, %104, %97, %102 : tensor<128x64x!tt.ptr<bf16>>, tensor<64x64x!tt.ptr<bf16>>, tensor<128x64xf32>, tensor<128x64xf32>
    }
    %69 = arith.subf %cst_1, %68#2 : tensor<128x64xf32>
    %70 = math.exp %69 : tensor<128x64xf32>
    %71 = arith.addf %70, %cst : tensor<128x64xf32>
    %72 = arith.divf %cst, %71 : tensor<128x64xf32>
    %73 = arith.mulf %68#2, %72 : tensor<128x64xf32>
    %74 = arith.mulf %73, %68#3 : tensor<128x64xf32>
    %75 = arith.truncf %74 : tensor<128x64xf32> to tensor<128x64xbf16>
    %76 = tt.splat %32 : i32 -> tensor<64xi32>
    %77 = arith.addi %76, %33 : tensor<64xi32>
    %78 = arith.extsi %arg14 : i32 to i64
    %79 = tt.splat %78 : i64 -> tensor<128x1xi64>
    %80 = arith.muli %79, %42 : tensor<128x1xi64>
    %81 = tt.splat %arg2 : !tt.ptr<bf16> -> tensor<128x1x!tt.ptr<bf16>>
    %82 = tt.addptr %81, %80 : tensor<128x1x!tt.ptr<bf16>>, tensor<128x1xi64>
    %83 = tt.expand_dims %77 {axis = 0 : i32} : tensor<64xi32> -> tensor<1x64xi32>
    %84 = tt.broadcast %82 : tensor<128x1x!tt.ptr<bf16>> -> tensor<128x64x!tt.ptr<bf16>>
    %85 = tt.broadcast %83 : tensor<1x64xi32> -> tensor<128x64xi32>
    %86 = tt.addptr %84, %85 : tensor<128x64x!tt.ptr<bf16>>, tensor<128x64xi32>
    %87 = tt.expand_dims %28 {axis = 1 : i32} : tensor<128xi1> -> tensor<128x1xi1>
    %88 = tt.splat %arg6 : i32 -> tensor<1x64xi32>
    %89 = arith.cmpi slt, %83, %88 : tensor<1x64xi32>
    %90 = tt.broadcast %87 : tensor<128x1xi1> -> tensor<128x64xi1>
    %91 = tt.broadcast %89 : tensor<1x64xi1> -> tensor<128x64xi1>
    %92 = arith.andi %90, %91 : tensor<128x64xi1>
    tt.store %86, %75, %92 : tensor<128x64x!tt.ptr<bf16>>
    tt.return
  }
}

{-#
  external_resources: {
    mlir_reproducer: {
      pipeline: "builtin.module(convert-triton-to-tritongpu{enable-source-remat=false num-ctas=1 num-warps=2 target=cuda:90 threads-per-warp=32}, tritongpu-coalesce, tritongpu-F32DotTC{emu-tf32=true}, triton-nvidia-gpu-plan-cta, tritongpu-remove-layout-conversions, tritongpu-optimize-thread-locality, tritongpu-accelerate-matmul, tritongpu-remove-layout-conversions, tritongpu-optimize-dot-operands{hoist-layout-conversion=true}, triton-nvidia-optimize-descriptor-encoding, triton-loop-aware-cse, tritongpu-fuse-nested-loops, canonicalize{  max-iterations=10 max-num-rewrites=-1 region-simplify=normal test-convergence=false top-down=true}, triton-licm, canonicalize{  max-iterations=10 max-num-rewrites=-1 region-simplify=normal test-convergence=false top-down=true}, tritongpu-combine-tensor-select-and-if, nvgpu-warp-specialization{dump-intermediate-steps=false num-stages=3}, tritongpu-assign-latencies{num-stages=3}, tritongpu-schedule-loops, tritongpu-pipeline{dump-intermediate-steps=false num-stages=3}, canonicalize{  max-iterations=10 max-num-rewrites=-1 region-simplify=normal test-convergence=false top-down=true}, triton-loop-aware-cse, tritongpu-prefetch, tritongpu-optimize-dot-operands{hoist-layout-conversion=true}, tritongpu-coalesce-async-copy, triton-nvidia-optimize-tmem-layouts, triton-nvidia-tma-lowering, tritongpu-remove-layout-conversions, triton-nvidia-interleave-tmem, tritongpu-reduce-data-duplication, tritongpu-reorder-instructions, triton-loop-aware-cse, symbol-dce, triton-nvidia-gpu-fence-insertion{compute-capability=90}, triton-nvidia-mma-lowering, sccp, cse, canonicalize{  max-iterations=10 max-num-rewrites=-1 region-simplify=normal test-convergence=false top-down=true})",
      disable_threading: true,
      verify_each: true
    }
  }
#-}
/home/guancheng/zsh/fusion/glm52_h200/kernels/moe_gateup.py:506:0: error: Failures have been detected while processing an MLIR pass pipeline
/home/guancheng/zsh/fusion/glm52_h200/kernels/moe_gateup.py:506:0: note: Pipeline failed while executing [`TritonGPURemoveLayoutConversions` on 'builtin.module' operation]: reproducer generated at `std::errs, please share the reproducer above with Triton project.`
  [cfgs] w13+swiglu            3.3809 ms  (37 cfgs tried)  {'BLOCK_M': 128, 'BLOCK_N': 64, 'BLOCK_K': 64, 'GROUP_M': 8, 'num_warps': 8, 'num_stages': 3}
  [cfgs] silu_and_mul          0.0542 ms  (17 cfgs tried)  {'BLOCK_M': 4, 'BLOCK_N': 1024, 'num_warps': 16, 'num_stages': 2}
  [cfgs] w2 gemm            tile sweep    1.7054 ms (47 cfgs, 1 fail)
  [cfgs] w2 gemm               1.6790 ms  (39 cfgs tried)  {'BLOCK_M': 128, 'BLOCK_N': 128, 'BLOCK_K': 64, 'GROUP_M': 1, 'num_warps': 8, 'num_stages': 3}
  [cfgs] w2+merge(atomic)   tile sweep    1.8515 ms (47 cfgs, 1 fail)
/home/guancheng/zsh/fusion/glm52_h200/kernels/moe_down_merge.py:566:50: error: operand #0 does not dominate this use
    safe_token = tl.where(token_mask, offs_token, 0)
                                                 ^
/home/guancheng/zsh/fusion/glm52_h200/kernels/moe_down_merge.py:631:36: note: operand defined here (op in the same block)
    c_mask = token_mask[:, None] & (offs_cn[None, :] < N)
                                   ^
module {
  tt.func public @moe_down_kernel(%arg0: !tt.ptr<bf16> {tt.divisibility = 16 : i32}, %arg1: !tt.ptr<bf16> {tt.divisibility = 16 : i32}, %arg2: !tt.ptr<bf16> {tt.divisibility = 16 : i32}, %arg3: !tt.ptr<f32> {tt.divisibility = 16 : i32}, %arg4: !tt.ptr<i32> {tt.divisibility = 16 : i32}, %arg5: !tt.ptr<i32> {tt.divisibility = 16 : i32}, %arg6: !tt.ptr<i32> {tt.divisibility = 16 : i32}, %arg7: i32 {tt.divisibility = 16 : i32}, %arg8: i32 {tt.divisibility = 16 : i32}, %arg9: i32, %arg10: i32, %arg11: i32 {tt.divisibility = 16 : i32}, %arg12: i32 {tt.divisibility = 16 : i32}, %arg13: i32 {tt.divisibility = 16 : i32}, %arg14: i32 {tt.divisibility = 16 : i32}, %arg15: i32 {tt.divisibility = 16 : i32}) attributes {noinline = false} {
    %cst = arith.constant dense<0.000000e+00> : tensor<128x64xbf16>
    %cst_0 = arith.constant dense<0.000000e+00> : tensor<128x128xf32>
    %c127_i32 = arith.constant 127 : i32
    %c64_i32 = arith.constant 64 : i32
    %c0_i32 = arith.constant 0 : i32
    %cst_1 = arith.constant dense<8> : tensor<128xi64>
    %cst_2 = arith.constant dense<0.000000e+00> : tensor<128xf32>
    %cst_3 = arith.constant dense<64> : tensor<64x128xi32>
    %cst_4 = arith.constant dense<64> : tensor<128x64xi32>
    %cst_5 = arith.constant dense<0> : tensor<128xi64>
    %c128_i32 = arith.constant 128 : i32
    %c8_i32 = arith.constant 8 : i32
    %0 = tt.get_program_id x : i32
    %1 = arith.addi %arg9, %c127_i32 : i32
    %2 = arith.divsi %1, %c128_i32 : i32
    %3 = arith.addi %arg7, %c127_i32 : i32
    %4 = arith.divsi %3, %c128_i32 : i32
    %5 = arith.muli %4, %c8_i32 : i32
    %6 = arith.divsi %0, %5 : i32
    %7 = arith.muli %6, %c8_i32 : i32
    %8 = arith.subi %2, %7 : i32
    %9 = arith.minsi %8, %c8_i32 : i32
    %10 = arith.remsi %0, %5 : i32
    %11 = arith.remsi %10, %9 : i32
    %12 = arith.addi %7, %11 : i32
    %13 = arith.divsi %10, %9 : i32
    %14 = tt.load %arg6 : !tt.ptr<i32>
    %15 = arith.muli %12, %c128_i32 : i32
    %16 = arith.cmpi sge, %15, %14 : i32
    cf.cond_br %16, ^bb1, ^bb2
  ^bb1:  // pred: ^bb0
    tt.return
  ^bb2:  // pred: ^bb0
    %17 = tt.make_range {end = 128 : i32, start = 0 : i32} : tensor<128xi32>
    %18 = arith.extsi %17 : tensor<128xi32> to tensor<128xi64>
    %19 = arith.extsi %15 : i32 to i64
    %20 = tt.splat %19 : i64 -> tensor<128xi64>
    %21 = arith.addi %20, %18 : tensor<128xi64>
    %22 = tt.splat %arg4 : !tt.ptr<i32> -> tensor<128x!tt.ptr<i32>>
    %23 = tt.addptr %22, %21 : tensor<128x!tt.ptr<i32>>, tensor<128xi64>
    %24 = tt.load %23 : tensor<128x!tt.ptr<i32>>
    %25 = arith.extsi %24 : tensor<128xi32> to tensor<128xi64>
    %26 = arith.extsi %arg10 : i32 to i64
    %27 = tt.splat %26 : i64 -> tensor<128xi64>
    %28 = arith.cmpi slt, %25, %27 : tensor<128xi64>
    %29 = arith.select %28, %25, %cst_5 : tensor<128xi1>, tensor<128xi64>
    %30 = tt.addptr %arg5, %12 : !tt.ptr<i32>, i32
    %31 = tt.load %30 : !tt.ptr<i32>
    %32 = arith.extsi %31 : i32 to i64
    %33 = arith.muli %13, %c128_i32 : i32
    %34 = arith.extsi %33 : i32 to i64
    %35 = tt.splat %34 : i64 -> tensor<128xi64>
    %36 = arith.addi %35, %18 : tensor<128xi64>
    %37 = arith.extsi %arg7 : i32 to i64
    %38 = tt.splat %37 : i64 -> tensor<128xi64>
    %39 = arith.remsi %36, %38 : tensor<128xi64>
    %40 = tt.make_range {end = 64 : i32, start = 0 : i32} : tensor<64xi32>
    %41 = tt.expand_dims %29 {axis = 1 : i32} : tensor<128xi64> -> tensor<128x1xi64>
    %42 = arith.extsi %arg12 : i32 to i64
    %43 = tt.splat %42 : i64 -> tensor<128x1xi64>
    %44 = arith.muli %41, %43 : tensor<128x1xi64>
    %45 = tt.expand_dims %40 {axis = 0 : i32} : tensor<64xi32> -> tensor<1x64xi32>
    %46 = arith.extsi %45 : tensor<1x64xi32> to tensor<1x64xi64>
    %47 = tt.broadcast %44 : tensor<128x1xi64> -> tensor<128x64xi64>
    %48 = tt.broadcast %46 : tensor<1x64xi64> -> tensor<128x64xi64>
    %49 = arith.addi %47, %48 : tensor<128x64xi64>
    %50 = tt.splat %arg0 : !tt.ptr<bf16> -> tensor<128x64x!tt.ptr<bf16>>
    %51 = tt.addptr %50, %49 : tensor<128x64x!tt.ptr<bf16>>, tensor<128x64xi64>
    %52 = arith.extsi %arg13 : i32 to i64
    %53 = arith.muli %32, %52 : i64
    %54 = tt.addptr %arg1, %53 : !tt.ptr<bf16>, i64
    %55 = tt.expand_dims %40 {axis = 1 : i32} : tensor<64xi32> -> tensor<64x1xi32>
    %56 = tt.expand_dims %39 {axis = 0 : i32} : tensor<128xi64> -> tensor<1x128xi64>
    %57 = arith.extsi %arg14 : i32 to i64
    %58 = tt.splat %57 : i64 -> tensor<1x128xi64>
    %59 = arith.muli %56, %58 : tensor<1x128xi64>
    %60 = arith.extsi %55 : tensor<64x1xi32> to tensor<64x1xi64>
    %61 = tt.broadcast %60 : tensor<64x1xi64> -> tensor<64x128xi64>
    %62 = tt.broadcast %59 : tensor<1x128xi64> -> tensor<64x128xi64>
    %63 = arith.addi %61, %62 : tensor<64x128xi64>
    %64 = tt.splat %54 : !tt.ptr<bf16> -> tensor<64x128x!tt.ptr<bf16>>
    %65 = tt.addptr %64, %63 : tensor<64x128x!tt.ptr<bf16>>, tensor<64x128xi64>
    %66:3 = scf.for %arg16 = %c0_i32 to %arg8 step %c64_i32 iter_args(%arg17 = %51, %arg18 = %65, %arg19 = %cst_0) -> (tensor<128x64x!tt.ptr<bf16>>, tensor<64x128x!tt.ptr<bf16>>, tensor<128x128xf32>)  : i32 {
      %94 = tt.expand_dims %28 {axis = 1 : i32} : tensor<128xi1> -> tensor<128x1xi1>
      %95 = tt.broadcast %94 : tensor<128x1xi1> -> tensor<128x64xi1>
      %96 = tt.load %arg17, %95, %cst : tensor<128x64x!tt.ptr<bf16>>
      %97 = tt.load %arg18 : tensor<64x128x!tt.ptr<bf16>>
      %98 = tt.dot %96, %97, %arg19, inputPrecision = tf32 : tensor<128x64xbf16> * tensor<64x128xbf16> -> tensor<128x128xf32>
      %99 = tt.addptr %arg17, %cst_4 : tensor<128x64x!tt.ptr<bf16>>, tensor<128x64xi32>
      %100 = tt.addptr %arg18, %cst_3 : tensor<64x128x!tt.ptr<bf16>>, tensor<64x128xi32>
      scf.yield %99, %100, %98 : tensor<128x64x!tt.ptr<bf16>>, tensor<64x128x!tt.ptr<bf16>>, tensor<128x128xf32>
    }
    %67 = tt.splat %arg3 : !tt.ptr<f32> -> tensor<128x!tt.ptr<f32>>
    %68 = tt.addptr %67, %29 : tensor<128x!tt.ptr<f32>>, tensor<128xi64>
    %69 = tt.load %68, %28, %cst_2 : tensor<128x!tt.ptr<f32>>
    %70 = tt.expand_dims %69 {axis = 1 : i32} : tensor<128xf32> -> tensor<128x1xf32>
    %71 = tt.broadcast %70 : tensor<128x1xf32> -> tensor<128x128xf32>
    %72 = arith.mulf %66#2, %71 : tensor<128x128xf32>
    %73 = arith.truncf %72 : tensor<128x128xf32> to tensor<128x128xbf16>
    %74 = tt.splat %33 : i32 -> tensor<128xi32>
    %75 = arith.addi %74, %17 : tensor<128xi32>
    %76 = tt.expand_dims %28 {axis = 1 : i32} : tensor<128xi1> -> tensor<128x1xi1>
    %77 = tt.expand_dims %75 {axis = 0 : i32} : tensor<128xi32> -> tensor<1x128xi32>
    %78 = tt.splat %arg7 : i32 -> tensor<1x128xi32>
    %79 = arith.cmpi slt, %77, %78 : tensor<1x128xi32>
    %80 = tt.broadcast %76 : tensor<128x1xi1> -> tensor<128x128xi1>
    %81 = tt.broadcast %79 : tensor<1x128xi1> -> tensor<128x128xi1>
    %82 = arith.andi %80, %81 : tensor<128x128xi1>
    %83 = arith.divsi %29, %cst_1 : tensor<128xi64>
    %84 = tt.expand_dims %83 {axis = 1 : i32} : tensor<128xi64> -> tensor<128x1xi64>
    %85 = arith.extsi %arg15 : i32 to i64
    %86 = tt.splat %85 : i64 -> tensor<128x1xi64>
    %87 = arith.muli %86, %84 : tensor<128x1xi64>
    %88 = tt.splat %arg2 : !tt.ptr<bf16> -> tensor<128x1x!tt.ptr<bf16>>
    %89 = tt.addptr %88, %87 : tensor<128x1x!tt.ptr<bf16>>, tensor<128x1xi64>
    %90 = tt.broadcast %89 : tensor<128x1x!tt.ptr<bf16>> -> tensor<128x128x!tt.ptr<bf16>>
    %91 = tt.broadcast %77 : tensor<1x128xi32> -> tensor<128x128xi32>
    %92 = tt.addptr %90, %91 : tensor<128x128x!tt.ptr<bf16>>, tensor<128x128xi32>
    %93 = tt.atomic_rmw fadd, acq_rel, gpu, %92, %73, %82 : (tensor<128x128x!tt.ptr<bf16>>, tensor<128x128xbf16>, tensor<128x128xi1>) -> tensor<128x128xbf16>
    tt.return
  }
}

{-#
  external_resources: {
    mlir_reproducer: {
      pipeline: "builtin.module(convert-triton-to-tritongpu{enable-source-remat=false num-ctas=1 num-warps=4 target=cuda:90 threads-per-warp=32}, tritongpu-coalesce, tritongpu-F32DotTC{emu-tf32=true}, triton-nvidia-gpu-plan-cta, tritongpu-remove-layout-conversions, tritongpu-optimize-thread-locality, tritongpu-accelerate-matmul, tritongpu-remove-layout-conversions, tritongpu-optimize-dot-operands{hoist-layout-conversion=true}, triton-nvidia-optimize-descriptor-encoding, triton-loop-aware-cse, tritongpu-fuse-nested-loops, canonicalize{  max-iterations=10 max-num-rewrites=-1 region-simplify=normal test-convergence=false top-down=true}, triton-licm, canonicalize{  max-iterations=10 max-num-rewrites=-1 region-simplify=normal test-convergence=false top-down=true}, tritongpu-combine-tensor-select-and-if, nvgpu-warp-specialization{dump-intermediate-steps=false num-stages=3}, tritongpu-assign-latencies{num-stages=3}, tritongpu-schedule-loops, tritongpu-pipeline{dump-intermediate-steps=false num-stages=3}, canonicalize{  max-iterations=10 max-num-rewrites=-1 region-simplify=normal test-convergence=false top-down=true}, triton-loop-aware-cse, tritongpu-prefetch, tritongpu-optimize-dot-operands{hoist-layout-conversion=true}, tritongpu-coalesce-async-copy, triton-nvidia-optimize-tmem-layouts, triton-nvidia-tma-lowering, tritongpu-remove-layout-conversions, triton-nvidia-interleave-tmem, tritongpu-reduce-data-duplication, tritongpu-reorder-instructions, triton-loop-aware-cse, symbol-dce, triton-nvidia-gpu-fence-insertion{compute-capability=90}, triton-nvidia-mma-lowering, sccp, cse, canonicalize{  max-iterations=10 max-num-rewrites=-1 region-simplify=normal test-convergence=false top-down=true})",
      disable_threading: true,
      verify_each: true
    }
  }
#-}
/home/guancheng/zsh/fusion/glm52_h200/kernels/moe_down_merge.py:506:0: error: Failures have been detected while processing an MLIR pass pipeline
/home/guancheng/zsh/fusion/glm52_h200/kernels/moe_down_merge.py:506:0: note: Pipeline failed while executing [`TritonGPURemoveLayoutConversions` on 'builtin.module' operation]: reproducer generated at `std::errs, please share the reproducer above with Triton project.`
/home/guancheng/zsh/fusion/glm52_h200/kernels/moe_down_merge.py:566:50: error: operand #0 does not dominate this use
    safe_token = tl.where(token_mask, offs_token, 0)
                                                 ^
/home/guancheng/zsh/fusion/glm52_h200/kernels/moe_down_merge.py:631:36: note: operand defined here (op in the same block)
    c_mask = token_mask[:, None] & (offs_cn[None, :] < N)
                                   ^
module {
  tt.func public @moe_down_kernel(%arg0: !tt.ptr<bf16> {tt.divisibility = 16 : i32}, %arg1: !tt.ptr<bf16> {tt.divisibility = 16 : i32}, %arg2: !tt.ptr<bf16> {tt.divisibility = 16 : i32}, %arg3: !tt.ptr<f32> {tt.divisibility = 16 : i32}, %arg4: !tt.ptr<i32> {tt.divisibility = 16 : i32}, %arg5: !tt.ptr<i32> {tt.divisibility = 16 : i32}, %arg6: !tt.ptr<i32> {tt.divisibility = 16 : i32}, %arg7: i32 {tt.divisibility = 16 : i32}, %arg8: i32 {tt.divisibility = 16 : i32}, %arg9: i32, %arg10: i32, %arg11: i32 {tt.divisibility = 16 : i32}, %arg12: i32 {tt.divisibility = 16 : i32}, %arg13: i32 {tt.divisibility = 16 : i32}, %arg14: i32 {tt.divisibility = 16 : i32}, %arg15: i32 {tt.divisibility = 16 : i32}) attributes {noinline = false} {
    %cst = arith.constant dense<0.000000e+00> : tensor<128x64xbf16>
    %cst_0 = arith.constant dense<0.000000e+00> : tensor<128x128xf32>
    %c127_i32 = arith.constant 127 : i32
    %c64_i32 = arith.constant 64 : i32
    %c0_i32 = arith.constant 0 : i32
    %cst_1 = arith.constant dense<8> : tensor<128xi64>
    %cst_2 = arith.constant dense<0.000000e+00> : tensor<128xf32>
    %cst_3 = arith.constant dense<64> : tensor<64x128xi32>
    %cst_4 = arith.constant dense<64> : tensor<128x64xi32>
    %cst_5 = arith.constant dense<0> : tensor<128xi64>
    %c128_i32 = arith.constant 128 : i32
    %c1_i32 = arith.constant 1 : i32
    %0 = tt.get_program_id x : i32
    %1 = arith.addi %arg9, %c127_i32 : i32
    %2 = arith.divsi %1, %c128_i32 : i32
    %3 = arith.addi %arg7, %c127_i32 : i32
    %4 = arith.divsi %3, %c128_i32 : i32
    %5 = arith.divsi %0, %4 : i32
    %6 = arith.subi %2, %5 : i32
    %7 = arith.minsi %6, %c1_i32 : i32
    %8 = arith.remsi %0, %4 : i32
    %9 = arith.remsi %8, %7 : i32
    %10 = arith.addi %5, %9 : i32
    %11 = arith.divsi %8, %7 : i32
    %12 = tt.load %arg6 : !tt.ptr<i32>
    %13 = arith.muli %10, %c128_i32 : i32
    %14 = arith.cmpi sge, %13, %12 : i32
    cf.cond_br %14, ^bb1, ^bb2
  ^bb1:  // pred: ^bb0
    tt.return
  ^bb2:  // pred: ^bb0
    %15 = tt.make_range {end = 128 : i32, start = 0 : i32} : tensor<128xi32>
    %16 = arith.extsi %15 : tensor<128xi32> to tensor<128xi64>
    %17 = arith.extsi %13 : i32 to i64
    %18 = tt.splat %17 : i64 -> tensor<128xi64>
    %19 = arith.addi %18, %16 : tensor<128xi64>
    %20 = tt.splat %arg4 : !tt.ptr<i32> -> tensor<128x!tt.ptr<i32>>
    %21 = tt.addptr %20, %19 : tensor<128x!tt.ptr<i32>>, tensor<128xi64>
    %22 = tt.load %21 : tensor<128x!tt.ptr<i32>>
    %23 = arith.extsi %22 : tensor<128xi32> to tensor<128xi64>
    %24 = arith.extsi %arg10 : i32 to i64
    %25 = tt.splat %24 : i64 -> tensor<128xi64>
    %26 = arith.cmpi slt, %23, %25 : tensor<128xi64>
    %27 = arith.select %26, %23, %cst_5 : tensor<128xi1>, tensor<128xi64>
    %28 = tt.addptr %arg5, %10 : !tt.ptr<i32>, i32
    %29 = tt.load %28 : !tt.ptr<i32>
    %30 = arith.extsi %29 : i32 to i64
    %31 = arith.muli %11, %c128_i32 : i32
    %32 = arith.extsi %31 : i32 to i64
    %33 = tt.splat %32 : i64 -> tensor<128xi64>
    %34 = arith.addi %33, %16 : tensor<128xi64>
    %35 = arith.extsi %arg7 : i32 to i64
    %36 = tt.splat %35 : i64 -> tensor<128xi64>
    %37 = arith.remsi %34, %36 : tensor<128xi64>
    %38 = tt.make_range {end = 64 : i32, start = 0 : i32} : tensor<64xi32>
    %39 = tt.expand_dims %27 {axis = 1 : i32} : tensor<128xi64> -> tensor<128x1xi64>
    %40 = arith.extsi %arg12 : i32 to i64
    %41 = tt.splat %40 : i64 -> tensor<128x1xi64>
    %42 = arith.muli %39, %41 : tensor<128x1xi64>
    %43 = tt.expand_dims %38 {axis = 0 : i32} : tensor<64xi32> -> tensor<1x64xi32>
    %44 = arith.extsi %43 : tensor<1x64xi32> to tensor<1x64xi64>
    %45 = tt.broadcast %42 : tensor<128x1xi64> -> tensor<128x64xi64>
    %46 = tt.broadcast %44 : tensor<1x64xi64> -> tensor<128x64xi64>
    %47 = arith.addi %45, %46 : tensor<128x64xi64>
    %48 = tt.splat %arg0 : !tt.ptr<bf16> -> tensor<128x64x!tt.ptr<bf16>>
    %49 = tt.addptr %48, %47 : tensor<128x64x!tt.ptr<bf16>>, tensor<128x64xi64>
    %50 = arith.extsi %arg13 : i32 to i64
    %51 = arith.muli %30, %50 : i64
    %52 = tt.addptr %arg1, %51 : !tt.ptr<bf16>, i64
    %53 = tt.expand_dims %38 {axis = 1 : i32} : tensor<64xi32> -> tensor<64x1xi32>
    %54 = tt.expand_dims %37 {axis = 0 : i32} : tensor<128xi64> -> tensor<1x128xi64>
    %55 = arith.extsi %arg14 : i32 to i64
    %56 = tt.splat %55 : i64 -> tensor<1x128xi64>
    %57 = arith.muli %54, %56 : tensor<1x128xi64>
    %58 = arith.extsi %53 : tensor<64x1xi32> to tensor<64x1xi64>
    %59 = tt.broadcast %58 : tensor<64x1xi64> -> tensor<64x128xi64>
    %60 = tt.broadcast %57 : tensor<1x128xi64> -> tensor<64x128xi64>
    %61 = arith.addi %59, %60 : tensor<64x128xi64>
    %62 = tt.splat %52 : !tt.ptr<bf16> -> tensor<64x128x!tt.ptr<bf16>>
    %63 = tt.addptr %62, %61 : tensor<64x128x!tt.ptr<bf16>>, tensor<64x128xi64>
    %64:3 = scf.for %arg16 = %c0_i32 to %arg8 step %c64_i32 iter_args(%arg17 = %49, %arg18 = %63, %arg19 = %cst_0) -> (tensor<128x64x!tt.ptr<bf16>>, tensor<64x128x!tt.ptr<bf16>>, tensor<128x128xf32>)  : i32 {
      %92 = tt.expand_dims %26 {axis = 1 : i32} : tensor<128xi1> -> tensor<128x1xi1>
      %93 = tt.broadcast %92 : tensor<128x1xi1> -> tensor<128x64xi1>
      %94 = tt.load %arg17, %93, %cst : tensor<128x64x!tt.ptr<bf16>>
      %95 = tt.load %arg18 : tensor<64x128x!tt.ptr<bf16>>
      %96 = tt.dot %94, %95, %arg19, inputPrecision = tf32 : tensor<128x64xbf16> * tensor<64x128xbf16> -> tensor<128x128xf32>
      %97 = tt.addptr %arg17, %cst_4 : tensor<128x64x!tt.ptr<bf16>>, tensor<128x64xi32>
      %98 = tt.addptr %arg18, %cst_3 : tensor<64x128x!tt.ptr<bf16>>, tensor<64x128xi32>
      scf.yield %97, %98, %96 : tensor<128x64x!tt.ptr<bf16>>, tensor<64x128x!tt.ptr<bf16>>, tensor<128x128xf32>
    }
    %65 = tt.splat %arg3 : !tt.ptr<f32> -> tensor<128x!tt.ptr<f32>>
    %66 = tt.addptr %65, %27 : tensor<128x!tt.ptr<f32>>, tensor<128xi64>
    %67 = tt.load %66, %26, %cst_2 : tensor<128x!tt.ptr<f32>>
    %68 = tt.expand_dims %67 {axis = 1 : i32} : tensor<128xf32> -> tensor<128x1xf32>
    %69 = tt.broadcast %68 : tensor<128x1xf32> -> tensor<128x128xf32>
    %70 = arith.mulf %64#2, %69 : tensor<128x128xf32>
    %71 = arith.truncf %70 : tensor<128x128xf32> to tensor<128x128xbf16>
    %72 = tt.splat %31 : i32 -> tensor<128xi32>
    %73 = arith.addi %72, %15 : tensor<128xi32>
    %74 = tt.expand_dims %26 {axis = 1 : i32} : tensor<128xi1> -> tensor<128x1xi1>
    %75 = tt.expand_dims %73 {axis = 0 : i32} : tensor<128xi32> -> tensor<1x128xi32>
    %76 = tt.splat %arg7 : i32 -> tensor<1x128xi32>
    %77 = arith.cmpi slt, %75, %76 : tensor<1x128xi32>
    %78 = tt.broadcast %74 : tensor<128x1xi1> -> tensor<128x128xi1>
    %79 = tt.broadcast %77 : tensor<1x128xi1> -> tensor<128x128xi1>
    %80 = arith.andi %78, %79 : tensor<128x128xi1>
    %81 = arith.divsi %27, %cst_1 : tensor<128xi64>
    %82 = tt.expand_dims %81 {axis = 1 : i32} : tensor<128xi64> -> tensor<128x1xi64>
    %83 = arith.extsi %arg15 : i32 to i64
    %84 = tt.splat %83 : i64 -> tensor<128x1xi64>
    %85 = arith.muli %84, %82 : tensor<128x1xi64>
    %86 = tt.splat %arg2 : !tt.ptr<bf16> -> tensor<128x1x!tt.ptr<bf16>>
    %87 = tt.addptr %86, %85 : tensor<128x1x!tt.ptr<bf16>>, tensor<128x1xi64>
    %88 = tt.broadcast %87 : tensor<128x1x!tt.ptr<bf16>> -> tensor<128x128x!tt.ptr<bf16>>
    %89 = tt.broadcast %75 : tensor<1x128xi32> -> tensor<128x128xi32>
    %90 = tt.addptr %88, %89 : tensor<128x128x!tt.ptr<bf16>>, tensor<128x128xi32>
    %91 = tt.atomic_rmw fadd, acq_rel, gpu, %90, %71, %80 : (tensor<128x128x!tt.ptr<bf16>>, tensor<128x128xbf16>, tensor<128x128xi1>) -> tensor<128x128xbf16>
    tt.return
  }
}

{-#
  external_resources: {
    mlir_reproducer: {
      pipeline: "builtin.module(convert-triton-to-tritongpu{enable-source-remat=false num-ctas=1 num-warps=4 target=cuda:90 threads-per-warp=32}, tritongpu-coalesce, tritongpu-F32DotTC{emu-tf32=true}, triton-nvidia-gpu-plan-cta, tritongpu-remove-layout-conversions, tritongpu-optimize-thread-locality, tritongpu-accelerate-matmul, tritongpu-remove-layout-conversions, tritongpu-optimize-dot-operands{hoist-layout-conversion=true}, triton-nvidia-optimize-descriptor-encoding, triton-loop-aware-cse, tritongpu-fuse-nested-loops, canonicalize{  max-iterations=10 max-num-rewrites=-1 region-simplify=normal test-convergence=false top-down=true}, triton-licm, canonicalize{  max-iterations=10 max-num-rewrites=-1 region-simplify=normal test-convergence=false top-down=true}, tritongpu-combine-tensor-select-and-if, nvgpu-warp-specialization{dump-intermediate-steps=false num-stages=3}, tritongpu-assign-latencies{num-stages=3}, tritongpu-schedule-loops, tritongpu-pipeline{dump-intermediate-steps=false num-stages=3}, canonicalize{  max-iterations=10 max-num-rewrites=-1 region-simplify=normal test-convergence=false top-down=true}, triton-loop-aware-cse, tritongpu-prefetch, tritongpu-optimize-dot-operands{hoist-layout-conversion=true}, tritongpu-coalesce-async-copy, triton-nvidia-optimize-tmem-layouts, triton-nvidia-tma-lowering, tritongpu-remove-layout-conversions, triton-nvidia-interleave-tmem, tritongpu-reduce-data-duplication, tritongpu-reorder-instructions, triton-loop-aware-cse, symbol-dce, triton-nvidia-gpu-fence-insertion{compute-capability=90}, triton-nvidia-mma-lowering, sccp, cse, canonicalize{  max-iterations=10 max-num-rewrites=-1 region-simplify=normal test-convergence=false top-down=true})",
      disable_threading: true,
      verify_each: true
    }
  }
#-}
/home/guancheng/zsh/fusion/glm52_h200/kernels/moe_down_merge.py:506:0: error: Failures have been detected while processing an MLIR pass pipeline
/home/guancheng/zsh/fusion/glm52_h200/kernels/moe_down_merge.py:506:0: note: Pipeline failed while executing [`TritonGPURemoveLayoutConversions` on 'builtin.module' operation]: reproducer generated at `std::errs, please share the reproducer above with Triton project.`
  [cfgs] w2+merge(atomic)      1.8382 ms  (39 cfgs tried)  {'BLOCK_M': 128, 'BLOCK_N': 128, 'BLOCK_K': 64, 'GROUP_M': 1, 'num_warps': 8, 'num_stages': 3}
  [cfgs] moe_sum               0.0724 ms  (15 cfgs tried)  {'BLOCK_M': 4, 'BLOCK_DIM': 256, 'num_warps': 4, 'num_stages': 3}
  [cfgs] resadd                0.0315 ms  (17 cfgs tried)  {'BLOCK_M': 4, 'BLOCK_N': 256, 'num_warps': 8, 'num_stages': 2}
  [cfgs] router prenorm     tile sweep    0.0407 ms (46 cfgs, 0 fail)
  [cfgs] router prenorm        0.0391 ms  (37 cfgs tried)  {'BLOCK_M': 64, 'BLOCK_N': 64, 'BLOCK_K': 128, 'GROUP_M': 4, 'num_warps': 8, 'num_stages': 3}
  [cfgs] w13 prenorm        tile sweep    3.6127 ms (48 cfgs, 1 fail)
  [cfgs] w13 prenorm           3.2957 ms  (37 cfgs tried)  {'BLOCK_M': 128, 'BLOCK_N': 256, 'BLOCK_K': 64, 'GROUP_M': 4, 'num_warps': 8, 'num_stages': 4}
  [shared] tuning w13 (32), act (18), w2 (32)
  [shared] w13 0.1823 {'BLOCK_M': 128, 'BLOCK_N': 128, 'BLOCK_K': 64, 'GROUP_M': 8, 'num_warps': 4, 'num_stages': 3} | act 0.0119 | w2 0.0950 {'BLOCK_M': 128, 'BLOCK_N': 128, 'BLOCK_K': 64, 'GROUP_M': 8, 'num_warps': 4, 'num_stages': 3}
  A_all_unfused      ok  (14 kernels)  relerr 8.72e-03
  N_f11b             ok  (14 kernels)  relerr 8.72e-03
  O_f11ab            !! FAILS CORRECTNESS relerr=5.589e-01 -- excluded
  P_f10_f11ab        !! FAILS CORRECTNESS relerr=5.189e-01 -- excluded
  Q_f8_f11ab         !! FAILS CORRECTNESS relerr=5.378e-01 -- excluded
  R_f1_f10_f11ab     !! FAILS CORRECTNESS relerr=5.189e-01 -- excluded
    pass1 round 0: A_all_unfused=6.2191  N_f11b=6.1587
    pass1 round 1: A_all_unfused=6.2116  N_f11b=6.1541
    pass1 round 2: A_all_unfused=6.6878  N_f11b=6.2430
    pass1 round 3: A_all_unfused=6.2692  N_f11b=6.1924
    pass1 round 4: A_all_unfused=6.7869  N_f11b=6.3730
    pass1 round 5: A_all_unfused=6.2979  N_f11b=6.2432
    pass1 round 6: A_all_unfused=6.6429  N_f11b=6.5272
    pass1 round 7: A_all_unfused=6.3494  N_f11b=6.2504
    pass2 round 0: A_all_unfused=6.3685  N_f11b=6.5507
    pass2 round 1: A_all_unfused=6.2468  N_f11b=6.3711
    pass2 round 2: A_all_unfused=6.3226  N_f11b=6.5044
    pass2 round 3: A_all_unfused=6.3522  N_f11b=6.3563
    pass2 round 4: A_all_unfused=6.3443  N_f11b=6.4977
    pass2 round 5: A_all_unfused=6.3297  N_f11b=6.4920
    pass2 round 6: A_all_unfused=6.3534  N_f11b=6.3668
    pass2 round 7: A_all_unfused=6.4516  N_f11b=6.4651
  --> TIED: A_all_unfused, N_f11b
      pass1: best N_f11b gap 0.08053 ms vs round noise 0.57533 ms -> tied with N_f11b, A_all_unfused
      pass2: best A_all_unfused gap 0.13034 ms vs round noise 0.20483 ms -> tied with A_all_unfused, N_f11b
      best/all-unfused = 1.0000x

===== prefill_t8192 =====
  [cfgs] oproj gemm         tile sweep    2.4791 ms (48 cfgs, 2 fail)
  [cfgs] oproj gemm            2.3177 ms  (37 cfgs tried)  {'BLOCK_M': 128, 'BLOCK_N': 256, 'BLOCK_K': 64, 'GROUP_M': 1, 'num_warps': 8, 'num_stages': 3}
  [cfgs] oproj gemm+res     tile sweep    2.5804 ms (48 cfgs, 2 fail)
  [cfgs] oproj gemm+res        2.1407 ms  (37 cfgs tried)  {'BLOCK_M': 128, 'BLOCK_N': 256, 'BLOCK_K': 64, 'GROUP_M': 8, 'num_warps': 8, 'num_stages': 4}
  [cfgs] oproj epi             0.0762 ms  (12 cfgs tried)  {'BLOCK': 1024, 'num_warps': 1, 'num_stages': 1}
  [cfgs] add                   0.0817 ms  (16 cfgs tried)  {'ROWS': 8, 'BLOCK_N': 256, 'num_warps': 16, 'num_stages': 3, 'grid_cap': None, 'eps': 1e-05}
  [cfgs] rmsnorm               0.0575 ms  (16 cfgs tried)  {'ROWS': 1, 'BLOCK_N': 2048, 'num_warps': 8, 'num_stages': 4, 'grid_cap': None, 'eps': 1e-05}
  [cfgs] add+rmsnorm           0.1030 ms  (16 cfgs tried)  {'ROWS': 1, 'BLOCK_N': 2048, 'num_warps': 8, 'num_stages': 3, 'grid_cap': None, 'eps': 1e-05}
  [cfgs] router gemm           0.0536 ms  (31 cfgs tried)  {'BLOCK_M': 128, 'BLOCK_K': 64, 'BLOCK_E': 64, 'num_warps': 8, 'num_stages': 4}
  [cfgs] topk                  0.0906 ms  (17 cfgs tried)  {'BLOCK_M': 16, 'BLOCK_K': 64, 'BLOCK_E': 128, 'num_warps': 8, 'num_stages': 2}
  [cfgs] f5 norm+router        0.1653 ms  (29 cfgs tried)  {'BLOCK_M': 32, 'BLOCK_K': 128, 'BLOCK_E': 256, 'num_warps': 8, 'num_stages': 2}
  [cfgs] f4 add+norm+rt        0.2061 ms  (29 cfgs tried)  {'BLOCK_M': 32, 'BLOCK_K': 128, 'BLOCK_E': 256, 'num_warps': 8, 'num_stages': 2}
  [cfgs] w13 gemm           tile sweep    7.7622 ms (48 cfgs, 2 fail)
  [cfgs] w13 gemm              7.1863 ms  (37 cfgs tried)  {'BLOCK_M': 128, 'BLOCK_N': 256, 'BLOCK_K': 64, 'GROUP_M': 8, 'num_warps': 8, 'num_stages': 4}
  [cfgs] w13+swiglu         tile sweep    8.4846 ms (45 cfgs, 4 fail)
  [cfgs] w13+swiglu            7.2756 ms  (35 cfgs tried)  {'BLOCK_M': 128, 'BLOCK_N': 128, 'BLOCK_K': 64, 'GROUP_M': 16, 'num_warps': 16, 'num_stages': 3}
  [cfgs] silu_and_mul          0.1906 ms  (17 cfgs tried)  {'BLOCK_M': 4, 'BLOCK_N': 1024, 'num_warps': 16, 'num_stages': 4}
  [cfgs] w2 gemm            tile sweep    3.8378 ms (48 cfgs, 2 fail)
  [cfgs] w2 gemm               3.6118 ms  (37 cfgs tried)  {'BLOCK_M': 128, 'BLOCK_N': 256, 'BLOCK_K': 64, 'GROUP_M': 1, 'num_warps': 8, 'num_stages': 3}
  [cfgs] w2+merge(atomic)   tile sweep    4.6196 ms (47 cfgs, 1 fail)
/home/guancheng/zsh/fusion/glm52_h200/kernels/moe_down_merge.py:566:50: error: operand #0 does not dominate this use
    safe_token = tl.where(token_mask, offs_token, 0)
                                                 ^
/home/guancheng/zsh/fusion/glm52_h200/kernels/moe_down_merge.py:631:36: note: operand defined here (op in the same block)
    c_mask = token_mask[:, None] & (offs_cn[None, :] < N)
                                   ^
module {
  tt.func public @moe_down_kernel(%arg0: !tt.ptr<bf16> {tt.divisibility = 16 : i32}, %arg1: !tt.ptr<bf16> {tt.divisibility = 16 : i32}, %arg2: !tt.ptr<bf16> {tt.divisibility = 16 : i32}, %arg3: !tt.ptr<f32> {tt.divisibility = 16 : i32}, %arg4: !tt.ptr<i32> {tt.divisibility = 16 : i32}, %arg5: !tt.ptr<i32> {tt.divisibility = 16 : i32}, %arg6: !tt.ptr<i32> {tt.divisibility = 16 : i32}, %arg7: i32 {tt.divisibility = 16 : i32}, %arg8: i32 {tt.divisibility = 16 : i32}, %arg9: i32, %arg10: i32, %arg11: i32 {tt.divisibility = 16 : i32}, %arg12: i32 {tt.divisibility = 16 : i32}, %arg13: i32 {tt.divisibility = 16 : i32}, %arg14: i32 {tt.divisibility = 16 : i32}, %arg15: i32 {tt.divisibility = 16 : i32}) attributes {noinline = false} {
    %cst = arith.constant dense<0.000000e+00> : tensor<128x64xbf16>
    %cst_0 = arith.constant dense<0.000000e+00> : tensor<128x128xf32>
    %c127_i32 = arith.constant 127 : i32
    %c64_i32 = arith.constant 64 : i32
    %c0_i32 = arith.constant 0 : i32
    %cst_1 = arith.constant dense<8> : tensor<128xi64>
    %cst_2 = arith.constant dense<0.000000e+00> : tensor<128xf32>
    %cst_3 = arith.constant dense<64> : tensor<64x128xi32>
    %cst_4 = arith.constant dense<64> : tensor<128x64xi32>
    %cst_5 = arith.constant dense<0> : tensor<128xi64>
    %c128_i32 = arith.constant 128 : i32
    %c1_i32 = arith.constant 1 : i32
    %0 = tt.get_program_id x : i32
    %1 = arith.addi %arg9, %c127_i32 : i32
    %2 = arith.divsi %1, %c128_i32 : i32
    %3 = arith.addi %arg7, %c127_i32 : i32
    %4 = arith.divsi %3, %c128_i32 : i32
    %5 = arith.divsi %0, %4 : i32
    %6 = arith.subi %2, %5 : i32
    %7 = arith.minsi %6, %c1_i32 : i32
    %8 = arith.remsi %0, %4 : i32
    %9 = arith.remsi %8, %7 : i32
    %10 = arith.addi %5, %9 : i32
    %11 = arith.divsi %8, %7 : i32
    %12 = tt.load %arg6 : !tt.ptr<i32>
    %13 = arith.muli %10, %c128_i32 : i32
    %14 = arith.cmpi sge, %13, %12 : i32
    cf.cond_br %14, ^bb1, ^bb2
  ^bb1:  // pred: ^bb0
    tt.return
  ^bb2:  // pred: ^bb0
    %15 = tt.make_range {end = 128 : i32, start = 0 : i32} : tensor<128xi32>
    %16 = arith.extsi %15 : tensor<128xi32> to tensor<128xi64>
    %17 = arith.extsi %13 : i32 to i64
    %18 = tt.splat %17 : i64 -> tensor<128xi64>
    %19 = arith.addi %18, %16 : tensor<128xi64>
    %20 = tt.splat %arg4 : !tt.ptr<i32> -> tensor<128x!tt.ptr<i32>>
    %21 = tt.addptr %20, %19 : tensor<128x!tt.ptr<i32>>, tensor<128xi64>
    %22 = tt.load %21 : tensor<128x!tt.ptr<i32>>
    %23 = arith.extsi %22 : tensor<128xi32> to tensor<128xi64>
    %24 = arith.extsi %arg10 : i32 to i64
    %25 = tt.splat %24 : i64 -> tensor<128xi64>
    %26 = arith.cmpi slt, %23, %25 : tensor<128xi64>
    %27 = arith.select %26, %23, %cst_5 : tensor<128xi1>, tensor<128xi64>
    %28 = tt.addptr %arg5, %10 : !tt.ptr<i32>, i32
    %29 = tt.load %28 : !tt.ptr<i32>
    %30 = arith.extsi %29 : i32 to i64
    %31 = arith.muli %11, %c128_i32 : i32
    %32 = arith.extsi %31 : i32 to i64
    %33 = tt.splat %32 : i64 -> tensor<128xi64>
    %34 = arith.addi %33, %16 : tensor<128xi64>
    %35 = arith.extsi %arg7 : i32 to i64
    %36 = tt.splat %35 : i64 -> tensor<128xi64>
    %37 = arith.remsi %34, %36 : tensor<128xi64>
    %38 = tt.make_range {end = 64 : i32, start = 0 : i32} : tensor<64xi32>
    %39 = tt.expand_dims %27 {axis = 1 : i32} : tensor<128xi64> -> tensor<128x1xi64>
    %40 = arith.extsi %arg12 : i32 to i64
    %41 = tt.splat %40 : i64 -> tensor<128x1xi64>
    %42 = arith.muli %39, %41 : tensor<128x1xi64>
    %43 = tt.expand_dims %38 {axis = 0 : i32} : tensor<64xi32> -> tensor<1x64xi32>
    %44 = arith.extsi %43 : tensor<1x64xi32> to tensor<1x64xi64>
    %45 = tt.broadcast %42 : tensor<128x1xi64> -> tensor<128x64xi64>
    %46 = tt.broadcast %44 : tensor<1x64xi64> -> tensor<128x64xi64>
    %47 = arith.addi %45, %46 : tensor<128x64xi64>
    %48 = tt.splat %arg0 : !tt.ptr<bf16> -> tensor<128x64x!tt.ptr<bf16>>
    %49 = tt.addptr %48, %47 : tensor<128x64x!tt.ptr<bf16>>, tensor<128x64xi64>
    %50 = arith.extsi %arg13 : i32 to i64
    %51 = arith.muli %30, %50 : i64
    %52 = tt.addptr %arg1, %51 : !tt.ptr<bf16>, i64
    %53 = tt.expand_dims %38 {axis = 1 : i32} : tensor<64xi32> -> tensor<64x1xi32>
    %54 = tt.expand_dims %37 {axis = 0 : i32} : tensor<128xi64> -> tensor<1x128xi64>
    %55 = arith.extsi %arg14 : i32 to i64
    %56 = tt.splat %55 : i64 -> tensor<1x128xi64>
    %57 = arith.muli %54, %56 : tensor<1x128xi64>
    %58 = arith.extsi %53 : tensor<64x1xi32> to tensor<64x1xi64>
    %59 = tt.broadcast %58 : tensor<64x1xi64> -> tensor<64x128xi64>
    %60 = tt.broadcast %57 : tensor<1x128xi64> -> tensor<64x128xi64>
    %61 = arith.addi %59, %60 : tensor<64x128xi64>
    %62 = tt.splat %52 : !tt.ptr<bf16> -> tensor<64x128x!tt.ptr<bf16>>
    %63 = tt.addptr %62, %61 : tensor<64x128x!tt.ptr<bf16>>, tensor<64x128xi64>
    %64:3 = scf.for %arg16 = %c0_i32 to %arg8 step %c64_i32 iter_args(%arg17 = %49, %arg18 = %63, %arg19 = %cst_0) -> (tensor<128x64x!tt.ptr<bf16>>, tensor<64x128x!tt.ptr<bf16>>, tensor<128x128xf32>)  : i32 {
      %92 = tt.expand_dims %26 {axis = 1 : i32} : tensor<128xi1> -> tensor<128x1xi1>
      %93 = tt.broadcast %92 : tensor<128x1xi1> -> tensor<128x64xi1>
      %94 = tt.load %arg17, %93, %cst : tensor<128x64x!tt.ptr<bf16>>
      %95 = tt.load %arg18 : tensor<64x128x!tt.ptr<bf16>>
      %96 = tt.dot %94, %95, %arg19, inputPrecision = tf32 : tensor<128x64xbf16> * tensor<64x128xbf16> -> tensor<128x128xf32>
      %97 = tt.addptr %arg17, %cst_4 : tensor<128x64x!tt.ptr<bf16>>, tensor<128x64xi32>
      %98 = tt.addptr %arg18, %cst_3 : tensor<64x128x!tt.ptr<bf16>>, tensor<64x128xi32>
      scf.yield %97, %98, %96 : tensor<128x64x!tt.ptr<bf16>>, tensor<64x128x!tt.ptr<bf16>>, tensor<128x128xf32>
    }
    %65 = tt.splat %arg3 : !tt.ptr<f32> -> tensor<128x!tt.ptr<f32>>
    %66 = tt.addptr %65, %27 : tensor<128x!tt.ptr<f32>>, tensor<128xi64>
    %67 = tt.load %66, %26, %cst_2 : tensor<128x!tt.ptr<f32>>
    %68 = tt.expand_dims %67 {axis = 1 : i32} : tensor<128xf32> -> tensor<128x1xf32>
    %69 = tt.broadcast %68 : tensor<128x1xf32> -> tensor<128x128xf32>
    %70 = arith.mulf %64#2, %69 : tensor<128x128xf32>
    %71 = arith.truncf %70 : tensor<128x128xf32> to tensor<128x128xbf16>
    %72 = tt.splat %31 : i32 -> tensor<128xi32>
    %73 = arith.addi %72, %15 : tensor<128xi32>
    %74 = tt.expand_dims %26 {axis = 1 : i32} : tensor<128xi1> -> tensor<128x1xi1>
    %75 = tt.expand_dims %73 {axis = 0 : i32} : tensor<128xi32> -> tensor<1x128xi32>
    %76 = tt.splat %arg7 : i32 -> tensor<1x128xi32>
    %77 = arith.cmpi slt, %75, %76 : tensor<1x128xi32>
    %78 = tt.broadcast %74 : tensor<128x1xi1> -> tensor<128x128xi1>
    %79 = tt.broadcast %77 : tensor<1x128xi1> -> tensor<128x128xi1>
    %80 = arith.andi %78, %79 : tensor<128x128xi1>
    %81 = arith.divsi %27, %cst_1 : tensor<128xi64>
    %82 = tt.expand_dims %81 {axis = 1 : i32} : tensor<128xi64> -> tensor<128x1xi64>
    %83 = arith.extsi %arg15 : i32 to i64
    %84 = tt.splat %83 : i64 -> tensor<128x1xi64>
    %85 = arith.muli %84, %82 : tensor<128x1xi64>
    %86 = tt.splat %arg2 : !tt.ptr<bf16> -> tensor<128x1x!tt.ptr<bf16>>
    %87 = tt.addptr %86, %85 : tensor<128x1x!tt.ptr<bf16>>, tensor<128x1xi64>
    %88 = tt.broadcast %87 : tensor<128x1x!tt.ptr<bf16>> -> tensor<128x128x!tt.ptr<bf16>>
    %89 = tt.broadcast %75 : tensor<1x128xi32> -> tensor<128x128xi32>
    %90 = tt.addptr %88, %89 : tensor<128x128x!tt.ptr<bf16>>, tensor<128x128xi32>
    %91 = tt.atomic_rmw fadd, acq_rel, gpu, %90, %71, %80 : (tensor<128x128x!tt.ptr<bf16>>, tensor<128x128xbf16>, tensor<128x128xi1>) -> tensor<128x128xbf16>
    tt.return
  }
}

{-#
  external_resources: {
    mlir_reproducer: {
      pipeline: "builtin.module(convert-triton-to-tritongpu{enable-source-remat=false num-ctas=1 num-warps=4 target=cuda:90 threads-per-warp=32}, tritongpu-coalesce, tritongpu-F32DotTC{emu-tf32=true}, triton-nvidia-gpu-plan-cta, tritongpu-remove-layout-conversions, tritongpu-optimize-thread-locality, tritongpu-accelerate-matmul, tritongpu-remove-layout-conversions, tritongpu-optimize-dot-operands{hoist-layout-conversion=true}, triton-nvidia-optimize-descriptor-encoding, triton-loop-aware-cse, tritongpu-fuse-nested-loops, canonicalize{  max-iterations=10 max-num-rewrites=-1 region-simplify=normal test-convergence=false top-down=true}, triton-licm, canonicalize{  max-iterations=10 max-num-rewrites=-1 region-simplify=normal test-convergence=false top-down=true}, tritongpu-combine-tensor-select-and-if, nvgpu-warp-specialization{dump-intermediate-steps=false num-stages=3}, tritongpu-assign-latencies{num-stages=3}, tritongpu-schedule-loops, tritongpu-pipeline{dump-intermediate-steps=false num-stages=3}, canonicalize{  max-iterations=10 max-num-rewrites=-1 region-simplify=normal test-convergence=false top-down=true}, triton-loop-aware-cse, tritongpu-prefetch, tritongpu-optimize-dot-operands{hoist-layout-conversion=true}, tritongpu-coalesce-async-copy, triton-nvidia-optimize-tmem-layouts, triton-nvidia-tma-lowering, tritongpu-remove-layout-conversions, triton-nvidia-interleave-tmem, tritongpu-reduce-data-duplication, tritongpu-reorder-instructions, triton-loop-aware-cse, symbol-dce, triton-nvidia-gpu-fence-insertion{compute-capability=90}, triton-nvidia-mma-lowering, sccp, cse, canonicalize{  max-iterations=10 max-num-rewrites=-1 region-simplify=normal test-convergence=false top-down=true})",
      disable_threading: true,
      verify_each: true
    }
  }
#-}
/home/guancheng/zsh/fusion/glm52_h200/kernels/moe_down_merge.py:506:0: error: Failures have been detected while processing an MLIR pass pipeline
/home/guancheng/zsh/fusion/glm52_h200/kernels/moe_down_merge.py:506:0: note: Pipeline failed while executing [`TritonGPURemoveLayoutConversions` on 'builtin.module' operation]: reproducer generated at `std::errs, please share the reproducer above with Triton project.`
/home/guancheng/zsh/fusion/glm52_h200/kernels/moe_down_merge.py:566:50: error: operand #0 does not dominate this use
    safe_token = tl.where(token_mask, offs_token, 0)
                                                 ^
/home/guancheng/zsh/fusion/glm52_h200/kernels/moe_down_merge.py:631:36: note: operand defined here (op in the same block)
    c_mask = token_mask[:, None] & (offs_cn[None, :] < N)
                                   ^
module {
  tt.func public @moe_down_kernel(%arg0: !tt.ptr<bf16> {tt.divisibility = 16 : i32}, %arg1: !tt.ptr<bf16> {tt.divisibility = 16 : i32}, %arg2: !tt.ptr<bf16> {tt.divisibility = 16 : i32}, %arg3: !tt.ptr<f32> {tt.divisibility = 16 : i32}, %arg4: !tt.ptr<i32> {tt.divisibility = 16 : i32}, %arg5: !tt.ptr<i32> {tt.divisibility = 16 : i32}, %arg6: !tt.ptr<i32> {tt.divisibility = 16 : i32}, %arg7: i32 {tt.divisibility = 16 : i32}, %arg8: i32 {tt.divisibility = 16 : i32}, %arg9: i32, %arg10: i32, %arg11: i32 {tt.divisibility = 16 : i32}, %arg12: i32 {tt.divisibility = 16 : i32}, %arg13: i32 {tt.divisibility = 16 : i32}, %arg14: i32 {tt.divisibility = 16 : i32}, %arg15: i32 {tt.divisibility = 16 : i32}) attributes {noinline = false} {
    %cst = arith.constant dense<0.000000e+00> : tensor<128x64xbf16>
    %cst_0 = arith.constant dense<0.000000e+00> : tensor<128x128xf32>
    %c127_i32 = arith.constant 127 : i32
    %c64_i32 = arith.constant 64 : i32
    %c0_i32 = arith.constant 0 : i32
    %cst_1 = arith.constant dense<8> : tensor<128xi64>
    %cst_2 = arith.constant dense<0.000000e+00> : tensor<128xf32>
    %cst_3 = arith.constant dense<64> : tensor<64x128xi32>
    %cst_4 = arith.constant dense<64> : tensor<128x64xi32>
    %cst_5 = arith.constant dense<0> : tensor<128xi64>
    %c128_i32 = arith.constant 128 : i32
    %c1_i32 = arith.constant 1 : i32
    %0 = tt.get_program_id x : i32
    %1 = arith.addi %arg9, %c127_i32 : i32
    %2 = arith.divsi %1, %c128_i32 : i32
    %3 = arith.addi %arg7, %c127_i32 : i32
    %4 = arith.divsi %3, %c128_i32 : i32
    %5 = arith.divsi %0, %4 : i32
    %6 = arith.subi %2, %5 : i32
    %7 = arith.minsi %6, %c1_i32 : i32
    %8 = arith.remsi %0, %4 : i32
    %9 = arith.remsi %8, %7 : i32
    %10 = arith.addi %5, %9 : i32
    %11 = arith.divsi %8, %7 : i32
    %12 = tt.load %arg6 : !tt.ptr<i32>
    %13 = arith.muli %10, %c128_i32 : i32
    %14 = arith.cmpi sge, %13, %12 : i32
    cf.cond_br %14, ^bb1, ^bb2
  ^bb1:  // pred: ^bb0
    tt.return
  ^bb2:  // pred: ^bb0
    %15 = tt.make_range {end = 128 : i32, start = 0 : i32} : tensor<128xi32>
    %16 = arith.extsi %15 : tensor<128xi32> to tensor<128xi64>
    %17 = arith.extsi %13 : i32 to i64
    %18 = tt.splat %17 : i64 -> tensor<128xi64>
    %19 = arith.addi %18, %16 : tensor<128xi64>
    %20 = tt.splat %arg4 : !tt.ptr<i32> -> tensor<128x!tt.ptr<i32>>
    %21 = tt.addptr %20, %19 : tensor<128x!tt.ptr<i32>>, tensor<128xi64>
    %22 = tt.load %21 : tensor<128x!tt.ptr<i32>>
    %23 = arith.extsi %22 : tensor<128xi32> to tensor<128xi64>
    %24 = arith.extsi %arg10 : i32 to i64
    %25 = tt.splat %24 : i64 -> tensor<128xi64>
    %26 = arith.cmpi slt, %23, %25 : tensor<128xi64>
    %27 = arith.select %26, %23, %cst_5 : tensor<128xi1>, tensor<128xi64>
    %28 = tt.addptr %arg5, %10 : !tt.ptr<i32>, i32
    %29 = tt.load %28 : !tt.ptr<i32>
    %30 = arith.extsi %29 : i32 to i64
    %31 = arith.muli %11, %c128_i32 : i32
    %32 = arith.extsi %31 : i32 to i64
    %33 = tt.splat %32 : i64 -> tensor<128xi64>
    %34 = arith.addi %33, %16 : tensor<128xi64>
    %35 = arith.extsi %arg7 : i32 to i64
    %36 = tt.splat %35 : i64 -> tensor<128xi64>
    %37 = arith.remsi %34, %36 : tensor<128xi64>
    %38 = tt.make_range {end = 64 : i32, start = 0 : i32} : tensor<64xi32>
    %39 = tt.expand_dims %27 {axis = 1 : i32} : tensor<128xi64> -> tensor<128x1xi64>
    %40 = arith.extsi %arg12 : i32 to i64
    %41 = tt.splat %40 : i64 -> tensor<128x1xi64>
    %42 = arith.muli %39, %41 : tensor<128x1xi64>
    %43 = tt.expand_dims %38 {axis = 0 : i32} : tensor<64xi32> -> tensor<1x64xi32>
    %44 = arith.extsi %43 : tensor<1x64xi32> to tensor<1x64xi64>
    %45 = tt.broadcast %42 : tensor<128x1xi64> -> tensor<128x64xi64>
    %46 = tt.broadcast %44 : tensor<1x64xi64> -> tensor<128x64xi64>
    %47 = arith.addi %45, %46 : tensor<128x64xi64>
    %48 = tt.splat %arg0 : !tt.ptr<bf16> -> tensor<128x64x!tt.ptr<bf16>>
    %49 = tt.addptr %48, %47 : tensor<128x64x!tt.ptr<bf16>>, tensor<128x64xi64>
    %50 = arith.extsi %arg13 : i32 to i64
    %51 = arith.muli %30, %50 : i64
    %52 = tt.addptr %arg1, %51 : !tt.ptr<bf16>, i64
    %53 = tt.expand_dims %38 {axis = 1 : i32} : tensor<64xi32> -> tensor<64x1xi32>
    %54 = tt.expand_dims %37 {axis = 0 : i32} : tensor<128xi64> -> tensor<1x128xi64>
    %55 = arith.extsi %arg14 : i32 to i64
    %56 = tt.splat %55 : i64 -> tensor<1x128xi64>
    %57 = arith.muli %54, %56 : tensor<1x128xi64>
    %58 = arith.extsi %53 : tensor<64x1xi32> to tensor<64x1xi64>
    %59 = tt.broadcast %58 : tensor<64x1xi64> -> tensor<64x128xi64>
    %60 = tt.broadcast %57 : tensor<1x128xi64> -> tensor<64x128xi64>
    %61 = arith.addi %59, %60 : tensor<64x128xi64>
    %62 = tt.splat %52 : !tt.ptr<bf16> -> tensor<64x128x!tt.ptr<bf16>>
    %63 = tt.addptr %62, %61 : tensor<64x128x!tt.ptr<bf16>>, tensor<64x128xi64>
    %64:3 = scf.for %arg16 = %c0_i32 to %arg8 step %c64_i32 iter_args(%arg17 = %49, %arg18 = %63, %arg19 = %cst_0) -> (tensor<128x64x!tt.ptr<bf16>>, tensor<64x128x!tt.ptr<bf16>>, tensor<128x128xf32>)  : i32 {
      %92 = tt.expand_dims %26 {axis = 1 : i32} : tensor<128xi1> -> tensor<128x1xi1>
      %93 = tt.broadcast %92 : tensor<128x1xi1> -> tensor<128x64xi1>
      %94 = tt.load %arg17, %93, %cst : tensor<128x64x!tt.ptr<bf16>>
      %95 = tt.load %arg18 : tensor<64x128x!tt.ptr<bf16>>
      %96 = tt.dot %94, %95, %arg19, inputPrecision = tf32 : tensor<128x64xbf16> * tensor<64x128xbf16> -> tensor<128x128xf32>
      %97 = tt.addptr %arg17, %cst_4 : tensor<128x64x!tt.ptr<bf16>>, tensor<128x64xi32>
      %98 = tt.addptr %arg18, %cst_3 : tensor<64x128x!tt.ptr<bf16>>, tensor<64x128xi32>
      scf.yield %97, %98, %96 : tensor<128x64x!tt.ptr<bf16>>, tensor<64x128x!tt.ptr<bf16>>, tensor<128x128xf32>
    }
    %65 = tt.splat %arg3 : !tt.ptr<f32> -> tensor<128x!tt.ptr<f32>>
    %66 = tt.addptr %65, %27 : tensor<128x!tt.ptr<f32>>, tensor<128xi64>
    %67 = tt.load %66, %26, %cst_2 : tensor<128x!tt.ptr<f32>>
    %68 = tt.expand_dims %67 {axis = 1 : i32} : tensor<128xf32> -> tensor<128x1xf32>
    %69 = tt.broadcast %68 : tensor<128x1xf32> -> tensor<128x128xf32>
    %70 = arith.mulf %64#2, %69 : tensor<128x128xf32>
    %71 = arith.truncf %70 : tensor<128x128xf32> to tensor<128x128xbf16>
    %72 = tt.splat %31 : i32 -> tensor<128xi32>
    %73 = arith.addi %72, %15 : tensor<128xi32>
    %74 = tt.expand_dims %26 {axis = 1 : i32} : tensor<128xi1> -> tensor<128x1xi1>
    %75 = tt.expand_dims %73 {axis = 0 : i32} : tensor<128xi32> -> tensor<1x128xi32>
    %76 = tt.splat %arg7 : i32 -> tensor<1x128xi32>
    %77 = arith.cmpi slt, %75, %76 : tensor<1x128xi32>
    %78 = tt.broadcast %74 : tensor<128x1xi1> -> tensor<128x128xi1>
    %79 = tt.broadcast %77 : tensor<1x128xi1> -> tensor<128x128xi1>
    %80 = arith.andi %78, %79 : tensor<128x128xi1>
    %81 = arith.divsi %27, %cst_1 : tensor<128xi64>
    %82 = tt.expand_dims %81 {axis = 1 : i32} : tensor<128xi64> -> tensor<128x1xi64>
    %83 = arith.extsi %arg15 : i32 to i64
    %84 = tt.splat %83 : i64 -> tensor<128x1xi64>
    %85 = arith.muli %84, %82 : tensor<128x1xi64>
    %86 = tt.splat %arg2 : !tt.ptr<bf16> -> tensor<128x1x!tt.ptr<bf16>>
    %87 = tt.addptr %86, %85 : tensor<128x1x!tt.ptr<bf16>>, tensor<128x1xi64>
    %88 = tt.broadcast %87 : tensor<128x1x!tt.ptr<bf16>> -> tensor<128x128x!tt.ptr<bf16>>
    %89 = tt.broadcast %75 : tensor<1x128xi32> -> tensor<128x128xi32>
    %90 = tt.addptr %88, %89 : tensor<128x128x!tt.ptr<bf16>>, tensor<128x128xi32>
    %91 = tt.atomic_rmw fadd, acq_rel, gpu, %90, %71, %80 : (tensor<128x128x!tt.ptr<bf16>>, tensor<128x128xbf16>, tensor<128x128xi1>) -> tensor<128x128xbf16>
    tt.return
  }
}

{-#
  external_resources: {
    mlir_reproducer: {
      pipeline: "builtin.module(convert-triton-to-tritongpu{enable-source-remat=false num-ctas=1 num-warps=4 target=cuda:90 threads-per-warp=32}, tritongpu-coalesce, tritongpu-F32DotTC{emu-tf32=true}, triton-nvidia-gpu-plan-cta, tritongpu-remove-layout-conversions, tritongpu-optimize-thread-locality, tritongpu-accelerate-matmul, tritongpu-remove-layout-conversions, tritongpu-optimize-dot-operands{hoist-layout-conversion=true}, triton-nvidia-optimize-descriptor-encoding, triton-loop-aware-cse, tritongpu-fuse-nested-loops, canonicalize{  max-iterations=10 max-num-rewrites=-1 region-simplify=normal test-convergence=false top-down=true}, triton-licm, canonicalize{  max-iterations=10 max-num-rewrites=-1 region-simplify=normal test-convergence=false top-down=true}, tritongpu-combine-tensor-select-and-if, nvgpu-warp-specialization{dump-intermediate-steps=false num-stages=3}, tritongpu-assign-latencies{num-stages=3}, tritongpu-schedule-loops, tritongpu-pipeline{dump-intermediate-steps=false num-stages=3}, canonicalize{  max-iterations=10 max-num-rewrites=-1 region-simplify=normal test-convergence=false top-down=true}, triton-loop-aware-cse, tritongpu-prefetch, tritongpu-optimize-dot-operands{hoist-layout-conversion=true}, tritongpu-coalesce-async-copy, triton-nvidia-optimize-tmem-layouts, triton-nvidia-tma-lowering, tritongpu-remove-layout-conversions, triton-nvidia-interleave-tmem, tritongpu-reduce-data-duplication, tritongpu-reorder-instructions, triton-loop-aware-cse, symbol-dce, triton-nvidia-gpu-fence-insertion{compute-capability=90}, triton-nvidia-mma-lowering, sccp, cse, canonicalize{  max-iterations=10 max-num-rewrites=-1 region-simplify=normal test-convergence=false top-down=true})",
      disable_threading: true,
      verify_each: true
    }
  }
#-}
/home/guancheng/zsh/fusion/glm52_h200/kernels/moe_down_merge.py:506:0: error: Failures have been detected while processing an MLIR pass pipeline
/home/guancheng/zsh/fusion/glm52_h200/kernels/moe_down_merge.py:506:0: note: Pipeline failed while executing [`TritonGPURemoveLayoutConversions` on 'builtin.module' operation]: reproducer generated at `std::errs, please share the reproducer above with Triton project.`
  [cfgs] w2+merge(atomic)      4.4116 ms  (39 cfgs tried)  {'BLOCK_M': 128, 'BLOCK_N': 128, 'BLOCK_K': 64, 'GROUP_M': 1, 'num_warps': 8, 'num_stages': 3}
  [cfgs] moe_sum               0.2571 ms  (15 cfgs tried)  {'BLOCK_M': 4, 'BLOCK_DIM': 256, 'num_warps': 8, 'num_stages': 2}
  [cfgs] resadd                0.1069 ms  (17 cfgs tried)  {'BLOCK_M': 4, 'BLOCK_N': 256, 'num_warps': 8, 'num_stages': 2}
  [cfgs] router prenorm     tile sweep    0.0754 ms (48 cfgs, 1 fail)
  [cfgs] router prenorm        0.0854 ms  (37 cfgs tried)  {'BLOCK_M': 128, 'BLOCK_N': 256, 'BLOCK_K': 64, 'GROUP_M': 8, 'num_warps': 8, 'num_stages': 3}
  [cfgs] w13 prenorm        tile sweep    9.1960 ms (48 cfgs, 1 fail)
  [cfgs] w13 prenorm           8.8787 ms  (37 cfgs tried)  {'BLOCK_M': 64, 'BLOCK_N': 256, 'BLOCK_K': 64, 'GROUP_M': 8, 'num_warps': 4, 'num_stages': 3}
  [shared] tuning w13 (32), act (18), w2 (32)
  [shared] w13 0.8253 {'BLOCK_M': 128, 'BLOCK_N': 128, 'BLOCK_K': 32, 'GROUP_M': 8, 'num_warps': 4, 'num_stages': 3} | act 0.0307 | w2 0.3663 {'BLOCK_M': 128, 'BLOCK_N': 128, 'BLOCK_K': 64, 'GROUP_M': 8, 'num_warps': 4, 'num_stages': 3}
  A_all_unfused      ok  (14 kernels)  relerr 7.61e-03
  N_f11b             ok  (14 kernels)  relerr 7.61e-03
  O_f11ab            !! FAILS CORRECTNESS relerr=9.518e-02 -- excluded
  P_f10_f11ab        !! FAILS CORRECTNESS relerr=8.058e-02 -- excluded
  Q_f8_f11ab         !! FAILS CORRECTNESS relerr=8.280e-02 -- excluded
  R_f1_f10_f11ab     !! FAILS CORRECTNESS relerr=8.249e-02 -- excluded
    pass1 round 0: A_all_unfused=15.9552  N_f11b=16.1131
    pass1 round 1: A_all_unfused=17.3881  N_f11b=16.0046
    pass1 round 2: A_all_unfused=15.9700  N_f11b=16.4437
    pass1 round 3: A_all_unfused=16.3075  N_f11b=16.4819
    pass1 round 4: A_all_unfused=16.7984  N_f11b=16.0683
    pass1 round 5: A_all_unfused=16.5188  N_f11b=16.7403
    pass1 round 6: A_all_unfused=16.3631  N_f11b=16.5405
    pass1 round 7: A_all_unfused=16.4859  N_f11b=16.4256
    pass2 round 0: A_all_unfused=16.3916  N_f11b=16.4855
    pass2 round 1: A_all_unfused=16.3845  N_f11b=16.3400
    pass2 round 2: A_all_unfused=16.3492  N_f11b=16.4133
    pass2 round 3: A_all_unfused=16.4197  N_f11b=16.4169
    pass2 round 4: A_all_unfused=16.3734  N_f11b=16.4383
    pass2 round 5: A_all_unfused=16.3778  N_f11b=16.5524
    pass2 round 6: A_all_unfused=16.3934  N_f11b=16.4256
    pass2 round 7: A_all_unfused=16.4932  N_f11b=16.4351
  --> TIED: A_all_unfused, N_f11b
      pass1: best A_all_unfused gap 0.01018 ms vs round noise 1.43293 ms -> tied with A_all_unfused, N_f11b
      pass2: best A_all_unfused gap 0.04227 ms vs round noise 0.21242 ms -> tied with A_all_unfused, N_f11b
      best/all-unfused = 1.0000x

wrote layer_configurations.json
regime          status     winner / tied set                            vs unfused
decode_bs1      TIED       O_f11ab, P_f10_f11ab, Q_f8_f11ab ...            1.0933x
decode_bs32     SEPARATED  N_f11b                                          1.0113x
decode_bs256    TIED       A_all_unfused, N_f11b                           1.0000x
decode_bs512    TIED       A_all_unfused, N_f11b                           1.0000x
decode_bs1024   TIED       A_all_unfused, N_f11b                           1.0000x
prefill_t2048   TIED       A_all_unfused, N_f11b                           1.0000x
prefill_t8192   TIED       A_all_unfused, N_f11b                           1.0000x
